. 2026-05-31 20:33:06.370 --------------------------------------------------------------------------
. 2026-05-31 20:33:06.370 WinSCP Version 6.5.6 (Build 16502 2026-03-25) (OS 10.0.19045 – Windows 10 Pro)
. 2026-05-31 20:33:06.370 Configuration: HKCU\Software\Martin Prikryl\WinSCP 2\
. 2026-05-31 20:33:06.370 Log level: Debug 2
. 2026-05-31 20:33:06.370 Local account: DESKTOP-D919AF9\Julian
. 2026-05-31 20:33:06.370 Working directory: C:\Users\Julian\Documents\git\junkyard_pro
. 2026-05-31 20:33:06.370 Process ID: 13052
. 2026-05-31 20:33:06.382 Ancestor processes: WinSCP, cmd, explorer, ...
. 2026-05-31 20:33:06.382 Command-line: "C:\Program Files (x86)\WinSCP\WinSCP.exe" /console=6.5.6 /consoleinstance=_13340_961 "/log=deploy.log" "/loglevel=2" "/command" "open junkyard_ftp" "option confirm off" "option batch on" "cd /" "put ""\server.js"" /server.js" "put ""\package.json"" /package.json" "put ""\public\index.html"" /index.html" "exit" 
. 2026-05-31 20:33:06.382 Switch:    /console=6.5.6
. 2026-05-31 20:33:06.382 Switch:    /consoleinstance=_13340_961
. 2026-05-31 20:33:06.382 Switch:    /log=deploy.log
. 2026-05-31 20:33:06.382 Switch:    /loglevel=2
. 2026-05-31 20:33:06.382 Switch:    /command
. 2026-05-31 20:33:06.383 Parameter: open junkyard_ftp
. 2026-05-31 20:33:06.383 Parameter: option confirm off
. 2026-05-31 20:33:06.383 Parameter: option batch on
. 2026-05-31 20:33:06.383 Parameter: cd /
. 2026-05-31 20:33:06.383 Parameter: put "\server.js" /server.js
. 2026-05-31 20:33:06.383 Parameter: put "\package.json" /package.json
. 2026-05-31 20:33:06.383 Parameter: put "\public\index.html" /index.html
. 2026-05-31 20:33:06.383 Parameter: exit
. 2026-05-31 20:33:06.383 Time zone: Current: GMT-7, Standard: GMT-8 (Pacific Standard Time), DST: GMT-7 (Pacific Daylight Time), DST Start: 3/8/2026, DST End: 11/1/2026
. 2026-05-31 20:33:06.383 Login time: Sunday, May 31, 2026 8:33:06 PM
. 2026-05-31 20:33:06.383 --------------------------------------------------------------------------
. 2026-05-31 20:33:06.383 Script: Retrospectively logging previous script records:
> 2026-05-31 20:33:06.383 Script: open junkyard_ftp
> 2026-05-31 20:33:06.383 Script: Parameter: junkyard_ftp
< 2026-05-31 20:33:06.383 Script: In scripting you should not rely on saved sites, use this command instead:
< 2026-05-31 20:33:06.383 Script: open ftp://julianshur%40junkyardpro.com:***@ftp.junkyardpro.com/
. 2026-05-31 20:33:06.383 --------------------------------------------------------------------------
. 2026-05-31 20:33:06.383 Session name: junkyard_ftp (Site)
. 2026-05-31 20:33:06.383 Host name: ftp.junkyardpro.com (Port: 21)
. 2026-05-31 20:33:06.383 User name: julianshur@junkyardpro.com (Password: Yes, Key file: No, Passphrase: No)
. 2026-05-31 20:33:06.383 Transfer Protocol: FTP
. 2026-05-31 20:33:06.383 Ping type: Dummy, Ping interval: 30 sec; Timeout: 15 sec
. 2026-05-31 20:33:06.383 Disable Nagle: No
. 2026-05-31 20:33:06.383 Proxy: None
. 2026-05-31 20:33:06.383 Send buffer: 262144
. 2026-05-31 20:33:06.383 UTF: Auto
. 2026-05-31 20:33:06.383 FTPS: None [Client certificate: No]
. 2026-05-31 20:33:06.383 FTP: Passive: Yes [Force IP: Auto]; MLSD: Auto [List all: Auto]; HOST: Auto
. 2026-05-31 20:33:06.383 Local directory: C:\Users\Julian\Documents, Remote directory: /, Update: Yes, Cache: Yes
. 2026-05-31 20:33:06.383 Cache directory changes: Yes, Permanent: Yes
. 2026-05-31 20:33:06.383 Recycle bin: Delete to: No, Overwritten to: No, Bin path: 
. 2026-05-31 20:33:06.383 Timezone offset: 0h 0m
. 2026-05-31 20:33:06.383 --------------------------------------------------------------------------
< 2026-05-31 20:33:06.455 Script: Connecting to ftp.junkyardpro.com ...
. 2026-05-31 20:33:06.455 Connecting to ftp.junkyardpro.com ...
. 2026-05-31 20:33:06.459 Connection pending
. 2026-05-31 20:33:06.537 Connected with ftp.junkyardpro.com. Waiting for welcome message...
. 2026-05-31 20:33:06.616 Read 320 bytes
< 2026-05-31 20:33:06.616 220---------- Welcome to Pure-FTPd [privsep] [TLS] ----------
< 2026-05-31 20:33:06.617 220-You are user number 2 of 50 allowed.
< 2026-05-31 20:33:06.617 220-Local time is now 20:33. Server port: 21.
< 2026-05-31 20:33:06.617 220-This is a private system - No anonymous login
< 2026-05-31 20:33:06.617 220-IPv6 connections are also welcome on this server.
< 2026-05-31 20:33:06.617 220 You will be disconnected after 15 minutes of inactivity.
> 2026-05-31 20:33:06.617 USER julianshur@junkyardpro.com
. 2026-05-31 20:33:06.694 Read 59 bytes
< 2026-05-31 20:33:06.694 331 User julianshur@junkyardpro.com OK. Password required
> 2026-05-31 20:33:06.694 PASS **********
. 2026-05-31 20:33:06.814 Read 43 bytes
< 2026-05-31 20:33:06.814 230 OK. Current restricted directory is /
> 2026-05-31 20:33:06.814 SYST
. 2026-05-31 20:33:06.895 Read 19 bytes
< 2026-05-31 20:33:06.895 215 UNIX Type: L8
> 2026-05-31 20:33:06.895 FEAT
. 2026-05-31 20:33:06.978 Read 233 bytes
< 2026-05-31 20:33:06.978 211-Extensions supported:
< 2026-05-31 20:33:06.978  UTF8
< 2026-05-31 20:33:06.978  EPRT
< 2026-05-31 20:33:06.978  IDLE
< 2026-05-31 20:33:06.978  MDTM
< 2026-05-31 20:33:06.978  SIZE
< 2026-05-31 20:33:06.978  MFMT
< 2026-05-31 20:33:06.978  REST STREAM
< 2026-05-31 20:33:06.978  MLST type*;size*;sizd*;modify*;UNIX.mode*;UNIX.uid*;UNIX.gid*;unique*;
< 2026-05-31 20:33:06.978  MLSD
< 2026-05-31 20:33:06.978  PRET
< 2026-05-31 20:33:06.978  AUTH TLS
< 2026-05-31 20:33:06.978  PBSZ
< 2026-05-31 20:33:06.978  PROT
< 2026-05-31 20:33:06.978  TVFS
< 2026-05-31 20:33:06.978  ESTA
< 2026-05-31 20:33:06.978  PASV
< 2026-05-31 20:33:06.978  EPSV
< 2026-05-31 20:33:06.978 211 End.
> 2026-05-31 20:33:06.978 OPTS UTF8 ON
. 2026-05-31 20:33:07.058 Read 21 bytes
< 2026-05-31 20:33:07.058 504 Unknown command
< 2026-05-31 20:33:07.058 Script: Connected
. 2026-05-31 20:33:07.058 Connected
. 2026-05-31 20:33:07.058 Got reply 1 to the command 1
. 2026-05-31 20:33:07.059 --------------------------------------------------------------------------
. 2026-05-31 20:33:07.059 Using FTP protocol.
. 2026-05-31 20:33:07.059 Doing startup conversation with host.
< 2026-05-31 20:33:07.059 Script: Starting the session...
> 2026-05-31 20:33:07.059 PWD
. 2026-05-31 20:33:07.137 Read 34 bytes
< 2026-05-31 20:33:07.137 257 "/" is your current location
. 2026-05-31 20:33:07.137 Got reply 1 to the command 16
. 2026-05-31 20:33:07.137 Changing directory to "/".
> 2026-05-31 20:33:07.137 CWD /
. 2026-05-31 20:33:07.214 Read 32 bytes
< 2026-05-31 20:33:07.214 250 OK. Current directory is /
. 2026-05-31 20:33:07.214 Got reply 1 to the command 16
. 2026-05-31 20:33:07.214 Getting current directory name.
> 2026-05-31 20:33:07.214 PWD
. 2026-05-31 20:33:07.292 Read 34 bytes
< 2026-05-31 20:33:07.292 257 "/" is your current location
. 2026-05-31 20:33:07.292 Got reply 1 to the command 16
. 2026-05-31 20:33:07.292 Startup conversation with host finished.
< 2026-05-31 20:33:07.292 Script: Session started.
< 2026-05-31 20:33:07.292 Script: Active session: [1] junkyard_ftp
. 2026-05-31 20:33:07.293 Session upkeep
> 2026-05-31 20:33:07.293 Script: option confirm off
> 2026-05-31 20:33:07.293 Script: Parameter: confirm
> 2026-05-31 20:33:07.293 Script: Parameter: off
< 2026-05-31 20:33:07.293 Script: confirm         off       
. 2026-05-31 20:33:07.293 Session upkeep
> 2026-05-31 20:33:07.294 Script: option batch on
> 2026-05-31 20:33:07.294 Script: Parameter: batch
> 2026-05-31 20:33:07.294 Script: Parameter: on
< 2026-05-31 20:33:07.294 Script: batch           on        
. 2026-05-31 20:33:07.294 Session upkeep
> 2026-05-31 20:33:07.294 Script: cd /
> 2026-05-31 20:33:07.294 Script: Parameter: /
. 2026-05-31 20:33:07.294 Changing directory to "/".
> 2026-05-31 20:33:07.294 CWD /
. 2026-05-31 20:33:07.379 Read 32 bytes
< 2026-05-31 20:33:07.379 250 OK. Current directory is /
. 2026-05-31 20:33:07.379 Got reply 1 to the command 16
. 2026-05-31 20:33:07.379 Getting current directory name.
> 2026-05-31 20:33:07.380 PWD
. 2026-05-31 20:33:07.455 Read 34 bytes
< 2026-05-31 20:33:07.455 257 "/" is your current location
. 2026-05-31 20:33:07.455 Got reply 1 to the command 16
< 2026-05-31 20:33:07.455 Script: /
. 2026-05-31 20:33:07.455 Session upkeep
> 2026-05-31 20:33:07.455 Script: put "\server.js" /server.js
> 2026-05-31 20:33:07.455 Script: Parameter: \server.js
> 2026-05-31 20:33:07.455 Script: Parameter: /server.js
. 2026-05-31 20:33:07.455 Size of 1 local files/folders calculated as 0
. 2026-05-31 20:33:07.455 Copying 1 files/directories to remote directory "/" - total size: 0
. 2026-05-31 20:33:07.455   PrTime: Yes; PrRO: No; Rght: rw-r--r--; PrR: No (No); FnCs: N; RIC: 0001; Resume: S (102400); CalcS: No; Mask: server.js
. 2026-05-31 20:33:07.455   TM: B; ClAr: No; RemEOF: No; RemBOM: No; CPS: 0; NewerOnly: No; EncryptNewFiles: Yes; ExcludeHiddenFiles: No; ExcludeEmptyDirectories: No; InclM: ; ResumeL: 0
. 2026-05-31 20:33:07.455   AscM: *.*html; *.htm; *.txt; *.php; *.php3; *.cgi; *.c; *.cpp; *.h; *.pas; *.bas; *.tex; *.pl; *.js; .htaccess; *.xtml; *.css; *.cfg; *.ini; *.sh; *.xml
* 2026-05-31 20:33:07.458 (EOSError) System Error.  Code: 2.
* 2026-05-31 20:33:07.458 The system cannot find the file specified
. 2026-05-31 20:33:07.458 Asking user:
. 2026-05-31 20:33:07.458 File or folder '\server.js' does not exist. ("System Error.  Code: 2.
. 2026-05-31 20:33:07.458 The system cannot find the file specified")
< 2026-05-31 20:33:07.459 Script: File or folder '\server.js' does not exist.
< 2026-05-31 20:33:07.459 Script: System Error.  Code: 2.
< 2026-05-31 20:33:07.459 The system cannot find the file specified
. 2026-05-31 20:33:07.459 Answer: Abort
* 2026-05-31 20:33:07.463 (ESkipFile) File or folder '\server.js' does not exist.
* 2026-05-31 20:33:07.463 System Error.  Code: 2.
* 2026-05-31 20:33:07.463 The system cannot find the file specified
. 2026-05-31 20:33:07.463 Copying finished: Transferred: 0, Elapsed: 0:00:00, CPS: 0/s
. 2026-05-31 20:33:07.463 Script: Failed
. 2026-05-31 20:33:07.463 Session upkeep
> 2026-05-31 20:33:07.464 Script: put "\package.json" /package.json
> 2026-05-31 20:33:07.464 Script: Parameter: \package.json
> 2026-05-31 20:33:07.464 Script: Parameter: /package.json
. 2026-05-31 20:33:07.464 Size of 1 local files/folders calculated as 0
. 2026-05-31 20:33:07.464 Copying 1 files/directories to remote directory "/" - total size: 0
. 2026-05-31 20:33:07.464   PrTime: Yes; PrRO: No; Rght: rw-r--r--; PrR: No (No); FnCs: N; RIC: 0001; Resume: S (102400); CalcS: No; Mask: package.json
. 2026-05-31 20:33:07.464   TM: B; ClAr: No; RemEOF: No; RemBOM: No; CPS: 0; NewerOnly: No; EncryptNewFiles: Yes; ExcludeHiddenFiles: No; ExcludeEmptyDirectories: No; InclM: ; ResumeL: 0
. 2026-05-31 20:33:07.464   AscM: *.*html; *.htm; *.txt; *.php; *.php3; *.cgi; *.c; *.cpp; *.h; *.pas; *.bas; *.tex; *.pl; *.js; .htaccess; *.xtml; *.css; *.cfg; *.ini; *.sh; *.xml
* 2026-05-31 20:33:07.467 (EOSError) System Error.  Code: 2.
* 2026-05-31 20:33:07.467 The system cannot find the file specified
. 2026-05-31 20:33:07.467 Asking user:
. 2026-05-31 20:33:07.467 File or folder '\package.json' does not exist. ("System Error.  Code: 2.
. 2026-05-31 20:33:07.467 The system cannot find the file specified")
< 2026-05-31 20:33:07.467 Script: File or folder '\package.json' does not exist.
< 2026-05-31 20:33:07.467 Script: System Error.  Code: 2.
< 2026-05-31 20:33:07.467 The system cannot find the file specified
. 2026-05-31 20:33:07.467 Answer: Abort
* 2026-05-31 20:33:07.470 (ESkipFile) File or folder '\package.json' does not exist.
* 2026-05-31 20:33:07.470 System Error.  Code: 2.
* 2026-05-31 20:33:07.470 The system cannot find the file specified
. 2026-05-31 20:33:07.470 Copying finished: Transferred: 0, Elapsed: 0:00:00, CPS: 0/s
. 2026-05-31 20:33:07.470 Script: Failed
. 2026-05-31 20:33:07.470 Session upkeep
> 2026-05-31 20:33:07.470 Script: put "\public\index.html" /index.html
> 2026-05-31 20:33:07.470 Script: Parameter: \public\index.html
> 2026-05-31 20:33:07.470 Script: Parameter: /index.html
. 2026-05-31 20:33:07.470 Size of 1 local files/folders calculated as 0
. 2026-05-31 20:33:07.470 Copying 1 files/directories to remote directory "/" - total size: 0
. 2026-05-31 20:33:07.470   PrTime: Yes; PrRO: No; Rght: rw-r--r--; PrR: No (No); FnCs: N; RIC: 0001; Resume: S (102400); CalcS: No; Mask: index.html
. 2026-05-31 20:33:07.470   TM: B; ClAr: No; RemEOF: No; RemBOM: No; CPS: 0; NewerOnly: No; EncryptNewFiles: Yes; ExcludeHiddenFiles: No; ExcludeEmptyDirectories: No; InclM: ; ResumeL: 0
. 2026-05-31 20:33:07.470   AscM: *.*html; *.htm; *.txt; *.php; *.php3; *.cgi; *.c; *.cpp; *.h; *.pas; *.bas; *.tex; *.pl; *.js; .htaccess; *.xtml; *.css; *.cfg; *.ini; *.sh; *.xml
* 2026-05-31 20:33:07.473 (EOSError) System Error.  Code: 3.
* 2026-05-31 20:33:07.473 The system cannot find the path specified
. 2026-05-31 20:33:07.473 Asking user:
. 2026-05-31 20:33:07.473 File or folder '\public\index.html' does not exist. ("System Error.  Code: 3.
. 2026-05-31 20:33:07.473 The system cannot find the path specified")
< 2026-05-31 20:33:07.473 Script: File or folder '\public\index.html' does not exist.
< 2026-05-31 20:33:07.473 Script: System Error.  Code: 3.
< 2026-05-31 20:33:07.473 The system cannot find the path specified
. 2026-05-31 20:33:07.474 Answer: Abort
* 2026-05-31 20:33:07.476 (ESkipFile) File or folder '\public\index.html' does not exist.
* 2026-05-31 20:33:07.476 System Error.  Code: 3.
* 2026-05-31 20:33:07.476 The system cannot find the path specified
. 2026-05-31 20:33:07.476 Copying finished: Transferred: 0, Elapsed: 0:00:00, CPS: 0/s
. 2026-05-31 20:33:07.476 Script: Failed
. 2026-05-31 20:33:07.476 Session upkeep
> 2026-05-31 20:33:07.476 Script: exit
. 2026-05-31 20:33:07.476 Session upkeep
. 2026-05-31 20:33:07.476 Script: Exit code: 1
. 2026-05-31 20:33:07.476 Script: Max roundtrip: 0
. 2026-05-31 20:33:07.477 Connection closed
. 2026-05-31 20:33:07.477 Got reply 1004 to the command 16
. 2026-05-31 20:33:07.480 Disconnected from server
. 2026-05-31 20:33:07.481 Connection closed
. 2026-05-31 20:39:51.233 --------------------------------------------------------------------------
. 2026-05-31 20:39:51.233 WinSCP Version 6.5.6 (Build 16502 2026-03-25) (OS 10.0.19045 – Windows 10 Pro)
. 2026-05-31 20:39:51.233 Configuration: HKCU\Software\Martin Prikryl\WinSCP 2\
. 2026-05-31 20:39:51.233 Log level: Debug 2
. 2026-05-31 20:39:51.233 Local account: DESKTOP-D919AF9\Julian
. 2026-05-31 20:39:51.233 Working directory: C:\Users\Julian\Documents\git\junkyard_pro
. 2026-05-31 20:39:51.233 Process ID: 17664
. 2026-05-31 20:39:51.246 Ancestor processes: WinSCP, cmd, explorer, ...
. 2026-05-31 20:39:51.247 Command-line: "C:\Program Files (x86)\WinSCP\WinSCP.exe" /console=6.5.6 /consoleinstance=_7652_715 "/log=deploy.log" "/loglevel=2" "/command" "open junkyard_ftp" "option confirm off" "option batch on" "cd /" "put ""\server.js"" /server.js" "put ""\package.json"" /package.json" "put ""\public\index.html"" /index.html" "exit" 
. 2026-05-31 20:39:51.247 Switch:    /console=6.5.6
. 2026-05-31 20:39:51.247 Switch:    /consoleinstance=_7652_715
. 2026-05-31 20:39:51.247 Switch:    /log=deploy.log
. 2026-05-31 20:39:51.247 Switch:    /loglevel=2
. 2026-05-31 20:39:51.247 Switch:    /command
. 2026-05-31 20:39:51.247 Parameter: open junkyard_ftp
. 2026-05-31 20:39:51.247 Parameter: option confirm off
. 2026-05-31 20:39:51.247 Parameter: option batch on
. 2026-05-31 20:39:51.247 Parameter: cd /
. 2026-05-31 20:39:51.247 Parameter: put "\server.js" /server.js
. 2026-05-31 20:39:51.247 Parameter: put "\package.json" /package.json
. 2026-05-31 20:39:51.247 Parameter: put "\public\index.html" /index.html
. 2026-05-31 20:39:51.247 Parameter: exit
. 2026-05-31 20:39:51.247 Time zone: Current: GMT-7, Standard: GMT-8 (Pacific Standard Time), DST: GMT-7 (Pacific Daylight Time), DST Start: 3/8/2026, DST End: 11/1/2026
. 2026-05-31 20:39:51.247 Login time: Sunday, May 31, 2026 8:39:51 PM
. 2026-05-31 20:39:51.247 --------------------------------------------------------------------------
. 2026-05-31 20:39:51.247 Script: Retrospectively logging previous script records:
> 2026-05-31 20:39:51.247 Script: open junkyard_ftp
> 2026-05-31 20:39:51.247 Script: Parameter: junkyard_ftp
< 2026-05-31 20:39:51.247 Script: In scripting you should not rely on saved sites, use this command instead:
< 2026-05-31 20:39:51.247 Script: open ftp://julianshur%40junkyardpro.com:***@ftp.junkyardpro.com/
. 2026-05-31 20:39:51.247 --------------------------------------------------------------------------
. 2026-05-31 20:39:51.247 Session name: junkyard_ftp (Site)
. 2026-05-31 20:39:51.247 Host name: ftp.junkyardpro.com (Port: 21)
. 2026-05-31 20:39:51.247 User name: julianshur@junkyardpro.com (Password: Yes, Key file: No, Passphrase: No)
. 2026-05-31 20:39:51.247 Transfer Protocol: FTP
. 2026-05-31 20:39:51.247 Ping type: Dummy, Ping interval: 30 sec; Timeout: 15 sec
. 2026-05-31 20:39:51.247 Disable Nagle: No
. 2026-05-31 20:39:51.247 Proxy: None
. 2026-05-31 20:39:51.247 Send buffer: 262144
. 2026-05-31 20:39:51.247 UTF: Auto
. 2026-05-31 20:39:51.247 FTPS: None [Client certificate: No]
. 2026-05-31 20:39:51.247 FTP: Passive: Yes [Force IP: Auto]; MLSD: Auto [List all: Auto]; HOST: Auto
. 2026-05-31 20:39:51.247 Local directory: C:\Users\Julian\Documents, Remote directory: /, Update: Yes, Cache: Yes
. 2026-05-31 20:39:51.247 Cache directory changes: Yes, Permanent: Yes
. 2026-05-31 20:39:51.247 Recycle bin: Delete to: No, Overwritten to: No, Bin path: 
. 2026-05-31 20:39:51.247 Timezone offset: 0h 0m
. 2026-05-31 20:39:51.247 --------------------------------------------------------------------------
< 2026-05-31 20:39:51.316 Script: Connecting to ftp.junkyardpro.com ...
. 2026-05-31 20:39:51.316 Connecting to ftp.junkyardpro.com ...
. 2026-05-31 20:39:51.322 Connection pending
. 2026-05-31 20:39:51.407 Connected with ftp.junkyardpro.com. Waiting for welcome message...
. 2026-05-31 20:39:51.491 Read 320 bytes
< 2026-05-31 20:39:51.492 220---------- Welcome to Pure-FTPd [privsep] [TLS] ----------
< 2026-05-31 20:39:51.492 220-You are user number 2 of 50 allowed.
< 2026-05-31 20:39:51.492 220-Local time is now 20:39. Server port: 21.
< 2026-05-31 20:39:51.492 220-This is a private system - No anonymous login
< 2026-05-31 20:39:51.492 220-IPv6 connections are also welcome on this server.
< 2026-05-31 20:39:51.492 220 You will be disconnected after 15 minutes of inactivity.
> 2026-05-31 20:39:51.492 USER julianshur@junkyardpro.com
. 2026-05-31 20:39:51.573 Read 59 bytes
< 2026-05-31 20:39:51.573 331 User julianshur@junkyardpro.com OK. Password required
> 2026-05-31 20:39:51.573 PASS **********
. 2026-05-31 20:39:56.822 Read 33 bytes
< 2026-05-31 20:39:56.822 530 Login authentication failed
. 2026-05-31 20:39:56.822 Connection closed
. 2026-05-31 20:39:56.822 Connection failed.
. 2026-05-31 20:39:56.822 Got reply 3004 to the command 1
< 2026-05-31 20:39:56.829 Script: Access denied.
. 2026-05-31 20:39:56.829 Password prompt (last login attempt failed)
< 2026-05-31 20:39:56.832 Script: Authentication failed.
. 2026-05-31 20:39:56.835 Connection closed
. 2026-05-31 20:41:03.787 --------------------------------------------------------------------------
. 2026-05-31 20:41:03.788 WinSCP Version 6.5.6 (Build 16502 2026-03-25) (OS 10.0.19045 – Windows 10 Pro)
. 2026-05-31 20:41:03.788 Configuration: HKCU\Software\Martin Prikryl\WinSCP 2\
. 2026-05-31 20:41:03.788 Log level: Debug 2
. 2026-05-31 20:41:03.788 Local account: DESKTOP-D919AF9\Julian
. 2026-05-31 20:41:03.788 Working directory: C:\Users\Julian\Documents\git\junkyard_pro
. 2026-05-31 20:41:03.788 Process ID: 6324
. 2026-05-31 20:41:03.799 Ancestor processes: WinSCP, cmd, explorer, ...
. 2026-05-31 20:41:03.799 Command-line: "C:\Program Files (x86)\WinSCP\WinSCP.exe" /console=6.5.6 /consoleinstance=_16552_423 "/log=deploy.log" "/loglevel=2" "/command" "open junkyard_ftp" "option confirm off" "option batch on" "cd /" "put ""\server.js"" /server.js" "put ""\package.json"" /package.json" "put ""\public\index.html"" /index.html" "exit" 
. 2026-05-31 20:41:03.799 Switch:    /console=6.5.6
. 2026-05-31 20:41:03.799 Switch:    /consoleinstance=_16552_423
. 2026-05-31 20:41:03.799 Switch:    /log=deploy.log
. 2026-05-31 20:41:03.799 Switch:    /loglevel=2
. 2026-05-31 20:41:03.799 Switch:    /command
. 2026-05-31 20:41:03.799 Parameter: open junkyard_ftp
. 2026-05-31 20:41:03.799 Parameter: option confirm off
. 2026-05-31 20:41:03.799 Parameter: option batch on
. 2026-05-31 20:41:03.799 Parameter: cd /
. 2026-05-31 20:41:03.799 Parameter: put "\server.js" /server.js
. 2026-05-31 20:41:03.799 Parameter: put "\package.json" /package.json
. 2026-05-31 20:41:03.799 Parameter: put "\public\index.html" /index.html
. 2026-05-31 20:41:03.799 Parameter: exit
. 2026-05-31 20:41:03.799 Time zone: Current: GMT-7, Standard: GMT-8 (Pacific Standard Time), DST: GMT-7 (Pacific Daylight Time), DST Start: 3/8/2026, DST End: 11/1/2026
. 2026-05-31 20:41:03.799 Login time: Sunday, May 31, 2026 8:41:03 PM
. 2026-05-31 20:41:03.799 --------------------------------------------------------------------------
. 2026-05-31 20:41:03.799 Script: Retrospectively logging previous script records:
> 2026-05-31 20:41:03.799 Script: open junkyard_ftp
> 2026-05-31 20:41:03.799 Script: Parameter: junkyard_ftp
< 2026-05-31 20:41:03.799 Script: In scripting you should not rely on saved sites, use this command instead:
< 2026-05-31 20:41:03.799 Script: open ftp://julianshur%40junkyardpro.com:***@ftp.junkyardpro.com/
. 2026-05-31 20:41:03.799 --------------------------------------------------------------------------
. 2026-05-31 20:41:03.799 Session name: junkyard_ftp (Site)
. 2026-05-31 20:41:03.799 Host name: ftp.junkyardpro.com (Port: 21)
. 2026-05-31 20:41:03.799 User name: julianshur@junkyardpro.com (Password: Yes, Key file: No, Passphrase: No)
. 2026-05-31 20:41:03.799 Transfer Protocol: FTP
. 2026-05-31 20:41:03.799 Ping type: Dummy, Ping interval: 30 sec; Timeout: 15 sec
. 2026-05-31 20:41:03.799 Disable Nagle: No
. 2026-05-31 20:41:03.799 Proxy: None
. 2026-05-31 20:41:03.799 Send buffer: 262144
. 2026-05-31 20:41:03.799 UTF: Auto
. 2026-05-31 20:41:03.799 FTPS: None [Client certificate: No]
. 2026-05-31 20:41:03.799 FTP: Passive: Yes [Force IP: Auto]; MLSD: Auto [List all: Auto]; HOST: Auto
. 2026-05-31 20:41:03.799 Local directory: C:\Users\Julian\Documents, Remote directory: /, Update: Yes, Cache: Yes
. 2026-05-31 20:41:03.799 Cache directory changes: Yes, Permanent: Yes
. 2026-05-31 20:41:03.799 Recycle bin: Delete to: No, Overwritten to: No, Bin path: 
. 2026-05-31 20:41:03.799 Timezone offset: 0h 0m
. 2026-05-31 20:41:03.799 --------------------------------------------------------------------------
< 2026-05-31 20:41:03.868 Script: Connecting to ftp.junkyardpro.com ...
. 2026-05-31 20:41:03.869 Connecting to ftp.junkyardpro.com ...
. 2026-05-31 20:41:03.977 Connection pending
. 2026-05-31 20:41:04.059 Connected with ftp.junkyardpro.com. Waiting for welcome message...
. 2026-05-31 20:41:04.138 Read 320 bytes
< 2026-05-31 20:41:04.138 220---------- Welcome to Pure-FTPd [privsep] [TLS] ----------
< 2026-05-31 20:41:04.138 220-You are user number 2 of 50 allowed.
< 2026-05-31 20:41:04.138 220-Local time is now 20:41. Server port: 21.
< 2026-05-31 20:41:04.138 220-This is a private system - No anonymous login
< 2026-05-31 20:41:04.138 220-IPv6 connections are also welcome on this server.
< 2026-05-31 20:41:04.138 220 You will be disconnected after 15 minutes of inactivity.
> 2026-05-31 20:41:04.139 USER julianshur@junkyardpro.com
. 2026-05-31 20:41:04.217 Read 59 bytes
< 2026-05-31 20:41:04.217 331 User julianshur@junkyardpro.com OK. Password required
> 2026-05-31 20:41:04.217 PASS **********
. 2026-05-31 20:41:08.457 Read 33 bytes
< 2026-05-31 20:41:08.457 530 Login authentication failed
. 2026-05-31 20:41:08.457 Connection closed
. 2026-05-31 20:41:08.457 Connection failed.
. 2026-05-31 20:41:08.457 Got reply 3004 to the command 1
< 2026-05-31 20:41:08.468 Script: Access denied.
. 2026-05-31 20:41:08.468 Password prompt (last login attempt failed)
< 2026-05-31 20:41:08.480 Script: Authentication failed.
. 2026-05-31 20:41:08.484 Connection closed
. 2026-05-31 21:04:28.149 --------------------------------------------------------------------------
. 2026-05-31 21:04:28.149 WinSCP Version 6.5.6 (Build 16502 2026-03-25) (OS 10.0.19045 – Windows 10 Pro)
. 2026-05-31 21:04:28.149 Configuration: HKCU\Software\Martin Prikryl\WinSCP 2\
. 2026-05-31 21:04:28.149 Log level: Debug 1
. 2026-05-31 21:04:28.149 Local account: DESKTOP-D919AF9\Julian
. 2026-05-31 21:04:28.149 Working directory: C:\Users\Julian\Documents\git\junkyard_pro
. 2026-05-31 21:04:28.149 Process ID: 12984
. 2026-05-31 21:04:28.162 Ancestor processes: WinSCP, cmd, explorer, ...
. 2026-05-31 21:04:28.163 Command-line: "C:\Program Files (x86)\WinSCP\WinSCP.exe" /console=6.5.6 /consoleinstance=_5020_812 "/log=deploy.log" "/loglevel=1" "/command" "open junkyard_ftp" "option batch on" "option confirm off" "lcd C:\Users\Julian\Documents\git\junkyard_pro" "cd /" "put server.js /server.js" "put package.json /package.json" "put public/index.html /index.html" "exit" 
. 2026-05-31 21:04:28.163 Switch:    /console=6.5.6
. 2026-05-31 21:04:28.163 Switch:    /consoleinstance=_5020_812
. 2026-05-31 21:04:28.163 Switch:    /log=deploy.log
. 2026-05-31 21:04:28.163 Switch:    /loglevel=1
. 2026-05-31 21:04:28.163 Switch:    /command
. 2026-05-31 21:04:28.163 Parameter: open junkyard_ftp
. 2026-05-31 21:04:28.163 Parameter: option batch on
. 2026-05-31 21:04:28.163 Parameter: option confirm off
. 2026-05-31 21:04:28.163 Parameter: lcd C:\Users\Julian\Documents\git\junkyard_pro
. 2026-05-31 21:04:28.163 Parameter: cd /
. 2026-05-31 21:04:28.163 Parameter: put server.js /server.js
. 2026-05-31 21:04:28.163 Parameter: put package.json /package.json
. 2026-05-31 21:04:28.163 Parameter: put public/index.html /index.html
. 2026-05-31 21:04:28.163 Parameter: exit
. 2026-05-31 21:04:28.163 Time zone: Current: GMT-7, Standard: GMT-8 (Pacific Standard Time), DST: GMT-7 (Pacific Daylight Time), DST Start: 3/8/2026, DST End: 11/1/2026
. 2026-05-31 21:04:28.163 Login time: Sunday, May 31, 2026 9:04:28 PM
. 2026-05-31 21:04:28.163 --------------------------------------------------------------------------
. 2026-05-31 21:04:28.163 Script: Retrospectively logging previous script records:
> 2026-05-31 21:04:28.163 Script: open junkyard_ftp
> 2026-05-31 21:04:28.163 Script: Parameter: junkyard_ftp
< 2026-05-31 21:04:28.163 Script: In scripting you should not rely on saved sites, use this command instead:
< 2026-05-31 21:04:28.163 Script: open ftp://julianshur%40junkyardpro.com:***@ftp.junkyardpro.com/
. 2026-05-31 21:04:28.163 --------------------------------------------------------------------------
. 2026-05-31 21:04:28.163 Session name: junkyard_ftp (Site)
. 2026-05-31 21:04:28.163 Host name: ftp.junkyardpro.com (Port: 21)
. 2026-05-31 21:04:28.163 User name: julianshur@junkyardpro.com (Password: Yes, Key file: No, Passphrase: No)
. 2026-05-31 21:04:28.163 Transfer Protocol: FTP
. 2026-05-31 21:04:28.163 Ping type: Dummy, Ping interval: 30 sec; Timeout: 15 sec
. 2026-05-31 21:04:28.163 Disable Nagle: No
. 2026-05-31 21:04:28.163 Proxy: None
. 2026-05-31 21:04:28.163 Send buffer: 262144
. 2026-05-31 21:04:28.163 UTF: Auto
. 2026-05-31 21:04:28.163 FTPS: None [Client certificate: No]
. 2026-05-31 21:04:28.163 FTP: Passive: Yes [Force IP: Auto]; MLSD: Auto [List all: Auto]; HOST: Auto
. 2026-05-31 21:04:28.163 Local directory: C:\Users\Julian\Documents, Remote directory: /, Update: Yes, Cache: Yes
. 2026-05-31 21:04:28.163 Cache directory changes: Yes, Permanent: Yes
. 2026-05-31 21:04:28.163 Recycle bin: Delete to: No, Overwritten to: No, Bin path: 
. 2026-05-31 21:04:28.163 Timezone offset: 0h 0m
. 2026-05-31 21:04:28.163 --------------------------------------------------------------------------
< 2026-05-31 21:04:28.238 Script: Connecting to ftp.junkyardpro.com ...
. 2026-05-31 21:04:28.238 Connecting to ftp.junkyardpro.com ...
. 2026-05-31 21:04:28.422 Connected with ftp.junkyardpro.com. Waiting for welcome message...
< 2026-05-31 21:04:28.506 220---------- Welcome to Pure-FTPd [privsep] [TLS] ----------
< 2026-05-31 21:04:28.506 220-You are user number 2 of 50 allowed.
< 2026-05-31 21:04:28.506 220-Local time is now 21:04. Server port: 21.
< 2026-05-31 21:04:28.506 220-This is a private system - No anonymous login
< 2026-05-31 21:04:28.506 220-IPv6 connections are also welcome on this server.
< 2026-05-31 21:04:28.506 220 You will be disconnected after 15 minutes of inactivity.
> 2026-05-31 21:04:28.506 USER julianshur@junkyardpro.com
< 2026-05-31 21:04:28.585 331 User julianshur@junkyardpro.com OK. Password required
> 2026-05-31 21:04:28.585 PASS **********
< 2026-05-31 21:04:32.808 530 Login authentication failed
. 2026-05-31 21:04:32.808 Connection failed.
. 2026-05-31 21:04:32.808 Got reply 3004 to the command 1
< 2026-05-31 21:04:32.820 Script: Access denied.
. 2026-05-31 21:04:32.820 Password prompt (last login attempt failed)
< 2026-05-31 21:04:32.830 Script: Authentication failed.
. 2026-05-31 21:04:45.706 --------------------------------------------------------------------------
. 2026-05-31 21:04:45.706 WinSCP Version 6.5.6 (Build 16502 2026-03-25) (OS 10.0.19045 – Windows 10 Pro)
. 2026-05-31 21:04:45.706 Configuration: HKCU\Software\Martin Prikryl\WinSCP 2\
. 2026-05-31 21:04:45.706 Log level: Debug 1
. 2026-05-31 21:04:45.706 Local account: DESKTOP-D919AF9\Julian
. 2026-05-31 21:04:45.706 Working directory: C:\Users\Julian\Documents\git\junkyard_pro
. 2026-05-31 21:04:45.706 Process ID: 10176
. 2026-05-31 21:04:45.717 Ancestor processes: WinSCP, cmd, explorer, ...
. 2026-05-31 21:04:45.717 Command-line: "C:\Program Files (x86)\WinSCP\WinSCP.exe" /console=6.5.6 /consoleinstance=_14460_507 "/log=deploy.log" "/loglevel=1" "/command" "open junkyard_ftp" "option batch on" "option confirm off" "lcd C:\Users\Julian\Documents\git\junkyard_pro" "cd /" "put server.js /server.js" "put package.json /package.json" "put public/index.html /index.html" "exit" 
. 2026-05-31 21:04:45.718 Switch:    /console=6.5.6
. 2026-05-31 21:04:45.718 Switch:    /consoleinstance=_14460_507
. 2026-05-31 21:04:45.718 Switch:    /log=deploy.log
. 2026-05-31 21:04:45.718 Switch:    /loglevel=1
. 2026-05-31 21:04:45.718 Switch:    /command
. 2026-05-31 21:04:45.718 Parameter: open junkyard_ftp
. 2026-05-31 21:04:45.718 Parameter: option batch on
. 2026-05-31 21:04:45.718 Parameter: option confirm off
. 2026-05-31 21:04:45.718 Parameter: lcd C:\Users\Julian\Documents\git\junkyard_pro
. 2026-05-31 21:04:45.718 Parameter: cd /
. 2026-05-31 21:04:45.718 Parameter: put server.js /server.js
. 2026-05-31 21:04:45.718 Parameter: put package.json /package.json
. 2026-05-31 21:04:45.718 Parameter: put public/index.html /index.html
. 2026-05-31 21:04:45.718 Parameter: exit
. 2026-05-31 21:04:45.718 Time zone: Current: GMT-7, Standard: GMT-8 (Pacific Standard Time), DST: GMT-7 (Pacific Daylight Time), DST Start: 3/8/2026, DST End: 11/1/2026
. 2026-05-31 21:04:45.718 Login time: Sunday, May 31, 2026 9:04:45 PM
. 2026-05-31 21:04:45.718 --------------------------------------------------------------------------
. 2026-05-31 21:04:45.718 Script: Retrospectively logging previous script records:
> 2026-05-31 21:04:45.718 Script: open junkyard_ftp
> 2026-05-31 21:04:45.718 Script: Parameter: junkyard_ftp
< 2026-05-31 21:04:45.718 Script: In scripting you should not rely on saved sites, use this command instead:
< 2026-05-31 21:04:45.718 Script: open ftp://julianshur%40junkyardpro.com:***@ftp.junkyardpro.com/
. 2026-05-31 21:04:45.718 --------------------------------------------------------------------------
. 2026-05-31 21:04:45.718 Session name: junkyard_ftp (Site)
. 2026-05-31 21:04:45.718 Host name: ftp.junkyardpro.com (Port: 21)
. 2026-05-31 21:04:45.718 User name: julianshur@junkyardpro.com (Password: Yes, Key file: No, Passphrase: No)
. 2026-05-31 21:04:45.718 Transfer Protocol: FTP
. 2026-05-31 21:04:45.718 Ping type: Dummy, Ping interval: 30 sec; Timeout: 15 sec
. 2026-05-31 21:04:45.718 Disable Nagle: No
. 2026-05-31 21:04:45.718 Proxy: None
. 2026-05-31 21:04:45.718 Send buffer: 262144
. 2026-05-31 21:04:45.718 UTF: Auto
. 2026-05-31 21:04:45.718 FTPS: None [Client certificate: No]
. 2026-05-31 21:04:45.718 FTP: Passive: Yes [Force IP: Auto]; MLSD: Auto [List all: Auto]; HOST: Auto
. 2026-05-31 21:04:45.718 Local directory: C:\Users\Julian\Documents, Remote directory: /, Update: Yes, Cache: Yes
. 2026-05-31 21:04:45.719 Cache directory changes: Yes, Permanent: Yes
. 2026-05-31 21:04:45.719 Recycle bin: Delete to: No, Overwritten to: No, Bin path: 
. 2026-05-31 21:04:45.719 Timezone offset: 0h 0m
. 2026-05-31 21:04:45.719 --------------------------------------------------------------------------
< 2026-05-31 21:04:45.785 Script: Connecting to ftp.junkyardpro.com ...
. 2026-05-31 21:04:45.785 Connecting to ftp.junkyardpro.com ...
. 2026-05-31 21:04:45.873 Connected with ftp.junkyardpro.com. Waiting for welcome message...
< 2026-05-31 21:04:45.956 220---------- Welcome to Pure-FTPd [privsep] [TLS] ----------
< 2026-05-31 21:04:45.956 220-You are user number 3 of 50 allowed.
< 2026-05-31 21:04:45.956 220-Local time is now 21:04. Server port: 21.
< 2026-05-31 21:04:45.956 220-This is a private system - No anonymous login
< 2026-05-31 21:04:45.956 220-IPv6 connections are also welcome on this server.
< 2026-05-31 21:04:45.956 220 You will be disconnected after 15 minutes of inactivity.
> 2026-05-31 21:04:45.956 USER julianshur@junkyardpro.com
< 2026-05-31 21:04:46.040 331 User julianshur@junkyardpro.com OK. Password required
> 2026-05-31 21:04:46.040 PASS **********
< 2026-05-31 21:04:49.585 530 Login authentication failed
. 2026-05-31 21:04:49.585 Connection failed.
. 2026-05-31 21:04:49.585 Got reply 3004 to the command 1
< 2026-05-31 21:04:49.588 Script: Access denied.
. 2026-05-31 21:04:49.588 Password prompt (last login attempt failed)
< 2026-05-31 21:04:49.591 Script: Authentication failed.
. 2026-05-31 21:07:59.504 --------------------------------------------------------------------------
. 2026-05-31 21:07:59.504 WinSCP Version 6.5.6 (Build 16502 2026-03-25) (OS 10.0.19045 – Windows 10 Pro)
. 2026-05-31 21:07:59.504 Configuration: HKCU\Software\Martin Prikryl\WinSCP 2\
. 2026-05-31 21:07:59.504 Log level: Normal
. 2026-05-31 21:07:59.504 Local account: DESKTOP-D919AF9\Julian
. 2026-05-31 21:07:59.504 Working directory: C:\Users\Julian\Documents\git\junkyard_pro
. 2026-05-31 21:07:59.504 Process ID: 4440
. 2026-05-31 21:07:59.515 Ancestor processes: WinSCP, cmd, explorer, ...
. 2026-05-31 21:07:59.516 Command-line: "C:\Program Files (x86)\WinSCP\WinSCP.exe" /console=6.5.6 /consoleinstance=_17108_964 "/log=deploy.log" "/script=winscp.txt" 
. 2026-05-31 21:07:59.516 Time zone: Current: GMT-7, Standard: GMT-8 (Pacific Standard Time), DST: GMT-7 (Pacific Daylight Time), DST Start: 3/8/2026, DST End: 11/1/2026
. 2026-05-31 21:07:59.516 Login time: Sunday, May 31, 2026 9:07:59 PM
. 2026-05-31 21:07:59.516 --------------------------------------------------------------------------
. 2026-05-31 21:07:59.516 Script: Retrospectively logging previous script records:
> 2026-05-31 21:07:59.516 Script: open junkyard_ftp
< 2026-05-31 21:07:59.516 Script: In scripting you should not rely on saved sites, use this command instead:
< 2026-05-31 21:07:59.516 Script: open ftp://julianshur%40junkyardpro.com:***@ftp.junkyardpro.com/
. 2026-05-31 21:07:59.516 --------------------------------------------------------------------------
. 2026-05-31 21:07:59.516 Session name: junkyard_ftp (Site)
. 2026-05-31 21:07:59.516 Host name: ftp.junkyardpro.com (Port: 21)
. 2026-05-31 21:07:59.516 User name: julianshur@junkyardpro.com (Password: Yes, Key file: No, Passphrase: No)
. 2026-05-31 21:07:59.516 Transfer Protocol: FTP
. 2026-05-31 21:07:59.516 Ping type: Dummy, Ping interval: 30 sec; Timeout: 15 sec
. 2026-05-31 21:07:59.516 Disable Nagle: No
. 2026-05-31 21:07:59.516 Proxy: None
. 2026-05-31 21:07:59.516 Send buffer: 262144
. 2026-05-31 21:07:59.516 UTF: Auto
. 2026-05-31 21:07:59.516 FTPS: None [Client certificate: No]
. 2026-05-31 21:07:59.516 FTP: Passive: Yes [Force IP: Auto]; MLSD: Auto [List all: Auto]; HOST: Auto
. 2026-05-31 21:07:59.516 Local directory: C:\Users\Julian\Documents, Remote directory: /, Update: Yes, Cache: Yes
. 2026-05-31 21:07:59.516 Cache directory changes: Yes, Permanent: Yes
. 2026-05-31 21:07:59.516 Recycle bin: Delete to: No, Overwritten to: No, Bin path: 
. 2026-05-31 21:07:59.516 Timezone offset: 0h 0m
. 2026-05-31 21:07:59.516 --------------------------------------------------------------------------
< 2026-05-31 21:07:59.607 Script: Connecting to ftp.junkyardpro.com ...
. 2026-05-31 21:07:59.607 Connecting to ftp.junkyardpro.com ...
. 2026-05-31 21:07:59.828 Connected with ftp.junkyardpro.com. Waiting for welcome message...
< 2026-05-31 21:07:59.920 220---------- Welcome to Pure-FTPd [privsep] [TLS] ----------
< 2026-05-31 21:07:59.920 220-You are user number 2 of 50 allowed.
< 2026-05-31 21:07:59.920 220-Local time is now 21:07. Server port: 21.
< 2026-05-31 21:07:59.920 220-This is a private system - No anonymous login
< 2026-05-31 21:07:59.920 220-IPv6 connections are also welcome on this server.
< 2026-05-31 21:07:59.920 220 You will be disconnected after 15 minutes of inactivity.
> 2026-05-31 21:07:59.920 USER julianshur@junkyardpro.com
< 2026-05-31 21:07:59.996 331 User julianshur@junkyardpro.com OK. Password required
> 2026-05-31 21:07:59.997 PASS **********
< 2026-05-31 21:08:05.449 530 Login authentication failed
. 2026-05-31 21:08:05.449 Connection failed.
< 2026-05-31 21:08:05.451 Script: Access denied.
. 2026-05-31 21:08:05.452 Password prompt (last login attempt failed)
< 2026-05-31 21:08:05.454 Script: Authentication failed.
. 2026-05-31 21:09:00.921 --------------------------------------------------------------------------
. 2026-05-31 21:09:00.922 WinSCP Version 6.5.6 (Build 16502 2026-03-25) (OS 10.0.19045 – Windows 10 Pro)
. 2026-05-31 21:09:00.922 Configuration: HKCU\Software\Martin Prikryl\WinSCP 2\
. 2026-05-31 21:09:00.922 Log level: Debug 1
. 2026-05-31 21:09:00.922 Local account: DESKTOP-D919AF9\Julian
. 2026-05-31 21:09:00.922 Working directory: C:\Users\Julian\Documents\git\junkyard_pro
. 2026-05-31 21:09:00.922 Process ID: 15736
. 2026-05-31 21:09:00.933 Ancestor processes: WinSCP, cmd, explorer, ...
. 2026-05-31 21:09:00.933 Command-line: "C:\Program Files (x86)\WinSCP\WinSCP.exe" /console=6.5.6 /consoleinstance=_7044_542 "/log=deploy.log" "/loglevel=1" "/command" "open ftp://julianshur0junkyardpro.com:***@ftp.junkyardpro.com/" "option batch on" "option confirm off" "lcd C:\Users\Julian\Documents\git\junkyard_pro" "cd /" "put server.js /server.js" "put package.json /package.json" "put public/index.html /index.html" "exit" 
. 2026-05-31 21:09:00.933 Switch:    /console=6.5.6
. 2026-05-31 21:09:00.933 Switch:    /consoleinstance=_7044_542
. 2026-05-31 21:09:00.934 Switch:    /log=deploy.log
. 2026-05-31 21:09:00.934 Switch:    /loglevel=1
. 2026-05-31 21:09:00.934 Switch:    /command
. 2026-05-31 21:09:00.934 Parameter: open ftp://julianshur0junkyardpro.com:***@ftp.junkyardpro.com/
. 2026-05-31 21:09:00.934 Parameter: option batch on
. 2026-05-31 21:09:00.934 Parameter: option confirm off
. 2026-05-31 21:09:00.934 Parameter: lcd C:\Users\Julian\Documents\git\junkyard_pro
. 2026-05-31 21:09:00.934 Parameter: cd /
. 2026-05-31 21:09:00.934 Parameter: put server.js /server.js
. 2026-05-31 21:09:00.934 Parameter: put package.json /package.json
. 2026-05-31 21:09:00.934 Parameter: put public/index.html /index.html
. 2026-05-31 21:09:00.934 Parameter: exit
. 2026-05-31 21:09:00.934 Time zone: Current: GMT-7, Standard: GMT-8 (Pacific Standard Time), DST: GMT-7 (Pacific Daylight Time), DST Start: 3/8/2026, DST End: 11/1/2026
. 2026-05-31 21:09:00.934 Login time: Sunday, May 31, 2026 9:09:00 PM
. 2026-05-31 21:09:00.934 --------------------------------------------------------------------------
. 2026-05-31 21:09:00.934 Script: Retrospectively logging previous script records:
> 2026-05-31 21:09:00.934 Script: open ftp://julianshur0junkyardpro.com:***@ftp.junkyardpro.com/
> 2026-05-31 21:09:00.934 Script: Parameter: ftp://julianshur0junkyardpro.com:***@ftp.junkyardpro.com/
. 2026-05-31 21:09:00.934 --------------------------------------------------------------------------
. 2026-05-31 21:09:00.934 Session name: julianshur0junkyardpro.com@ftp.junkyardpro.com (Ad-Hoc site)
. 2026-05-31 21:09:00.934 Host name: ftp.junkyardpro.com (Port: 21)
. 2026-05-31 21:09:00.934 User name: julianshur0junkyardpro.com (Password: Yes, Key file: No, Passphrase: No)
. 2026-05-31 21:09:00.934 Transfer Protocol: FTP
. 2026-05-31 21:09:00.934 Ping type: Dummy, Ping interval: 30 sec; Timeout: 15 sec
. 2026-05-31 21:09:00.934 Disable Nagle: No
. 2026-05-31 21:09:00.934 Proxy: None
. 2026-05-31 21:09:00.934 Send buffer: 262144
. 2026-05-31 21:09:00.934 UTF: Auto
. 2026-05-31 21:09:00.934 FTPS: None [Client certificate: No]
. 2026-05-31 21:09:00.934 FTP: Passive: Yes [Force IP: Auto]; MLSD: Auto [List all: Auto]; HOST: Auto
. 2026-05-31 21:09:00.934 Local directory: default, Remote directory: home, Update: Yes, Cache: Yes
. 2026-05-31 21:09:00.934 Cache directory changes: Yes, Permanent: Yes
. 2026-05-31 21:09:00.934 Recycle bin: Delete to: No, Overwritten to: No, Bin path: 
. 2026-05-31 21:09:00.934 Timezone offset: 0h 0m
. 2026-05-31 21:09:00.934 --------------------------------------------------------------------------
< 2026-05-31 21:09:00.996 Script: Connecting to ftp.junkyardpro.com ...
. 2026-05-31 21:09:00.997 Connecting to ftp.junkyardpro.com ...
. 2026-05-31 21:09:01.085 Connected with ftp.junkyardpro.com. Waiting for welcome message...
< 2026-05-31 21:09:01.169 220---------- Welcome to Pure-FTPd [privsep] [TLS] ----------
< 2026-05-31 21:09:01.186 220-You are user number 2 of 50 allowed.
< 2026-05-31 21:09:01.186 220-Local time is now 21:09. Server port: 21.
< 2026-05-31 21:09:01.186 220-This is a private system - No anonymous login
< 2026-05-31 21:09:01.186 220-IPv6 connections are also welcome on this server.
< 2026-05-31 21:09:01.186 220 You will be disconnected after 15 minutes of inactivity.
> 2026-05-31 21:09:01.186 USER julianshur0junkyardpro.com
< 2026-05-31 21:09:01.251 331 User julianshur0junkyardpro.com OK. Password required
> 2026-05-31 21:09:01.251 PASS ***
< 2026-05-31 21:09:05.514 530 Login authentication failed
. 2026-05-31 21:09:05.514 Connection failed.
. 2026-05-31 21:09:05.514 Got reply 3004 to the command 1
< 2026-05-31 21:09:05.522 Script: Access denied.
. 2026-05-31 21:09:05.523 Password prompt (last login attempt failed)
< 2026-05-31 21:09:05.530 Script: Authentication failed.
. 2026-06-02 20:49:35.060 --------------------------------------------------------------------------
. 2026-06-02 20:49:35.060 WinSCP Version 6.5.6 (Build 16502 2026-03-25) (OS 10.0.19045 – Windows 10 Pro)
. 2026-06-02 20:49:35.060 Configuration: HKCU\Software\Martin Prikryl\WinSCP 2\
. 2026-06-02 20:49:35.060 Log level: Debug 1
. 2026-06-02 20:49:35.060 Local account: DESKTOP-D919AF9\Julian
. 2026-06-02 20:49:35.060 Working directory: C:\Users\Julian\Documents\git\junkyard_pro
. 2026-06-02 20:49:35.060 Process ID: 15868
. 2026-06-02 20:49:35.079 Ancestor processes: WinSCP, cmd, powershell, claude, claude, sihost, ...
. 2026-06-02 20:49:35.080 Command-line: "C:\Program Files (x86)\WinSCP\WinSCP.exe" /console=6.5.6 /consoleinstance=_11040_873 "/log=deploy.log" "/loglevel=1" "/command" "open junkyard_ftp" "option batch on" "option confirm off" "lcd C:\Users\Julian\Documents\git\junkyard_pro" "cd /" "put server.js /server.js" "put package.json /package.json" "put public/index.html /index.html" "exit" 
. 2026-06-02 20:49:35.080 Switch:    /console=6.5.6
. 2026-06-02 20:49:35.080 Switch:    /consoleinstance=_11040_873
. 2026-06-02 20:49:35.080 Switch:    /log=deploy.log
. 2026-06-02 20:49:35.080 Switch:    /loglevel=1
. 2026-06-02 20:49:35.080 Switch:    /command
. 2026-06-02 20:49:35.080 Parameter: open junkyard_ftp
. 2026-06-02 20:49:35.080 Parameter: option batch on
. 2026-06-02 20:49:35.080 Parameter: option confirm off
. 2026-06-02 20:49:35.080 Parameter: lcd C:\Users\Julian\Documents\git\junkyard_pro
. 2026-06-02 20:49:35.080 Parameter: cd /
. 2026-06-02 20:49:35.080 Parameter: put server.js /server.js
. 2026-06-02 20:49:35.080 Parameter: put package.json /package.json
. 2026-06-02 20:49:35.080 Parameter: put public/index.html /index.html
. 2026-06-02 20:49:35.080 Parameter: exit
. 2026-06-02 20:49:35.080 Time zone: Current: GMT-7, Standard: GMT-8 (Pacific Standard Time), DST: GMT-7 (Pacific Daylight Time), DST Start: 3/8/2026, DST End: 11/1/2026
. 2026-06-02 20:49:35.080 Login time: Tuesday, June 2, 2026 8:49:35 PM
. 2026-06-02 20:49:35.080 --------------------------------------------------------------------------
. 2026-06-02 20:49:35.080 Script: Retrospectively logging previous script records:
> 2026-06-02 20:49:35.080 Script: open junkyard_ftp
> 2026-06-02 20:49:35.080 Script: Parameter: junkyard_ftp
< 2026-06-02 20:49:35.080 Script: In scripting you should not rely on saved sites, use this command instead:
< 2026-06-02 20:49:35.080 Script: open ftp://julianshur%40junkyardpro.com:***@ftp.junkyardpro.com/
. 2026-06-02 20:49:35.080 --------------------------------------------------------------------------
. 2026-06-02 20:49:35.080 Session name: junkyard_ftp (Site)
. 2026-06-02 20:49:35.080 Host name: ftp.junkyardpro.com (Port: 21)
. 2026-06-02 20:49:35.080 User name: julianshur@junkyardpro.com (Password: Yes, Key file: No, Passphrase: No)
. 2026-06-02 20:49:35.080 Transfer Protocol: FTP
. 2026-06-02 20:49:35.080 Ping type: Dummy, Ping interval: 30 sec; Timeout: 15 sec
. 2026-06-02 20:49:35.080 Disable Nagle: No
. 2026-06-02 20:49:35.080 Proxy: None
. 2026-06-02 20:49:35.080 Send buffer: 262144
. 2026-06-02 20:49:35.080 UTF: Auto
. 2026-06-02 20:49:35.080 FTPS: None [Client certificate: No]
. 2026-06-02 20:49:35.080 FTP: Passive: Yes [Force IP: Auto]; MLSD: Auto [List all: Auto]; HOST: Auto
. 2026-06-02 20:49:35.080 Local directory: C:\Users\Julian\Documents, Remote directory: /, Update: Yes, Cache: Yes
. 2026-06-02 20:49:35.080 Cache directory changes: Yes, Permanent: Yes
. 2026-06-02 20:49:35.080 Recycle bin: Delete to: No, Overwritten to: No, Bin path: 
. 2026-06-02 20:49:35.080 Timezone offset: 0h 0m
. 2026-06-02 20:49:35.080 --------------------------------------------------------------------------
< 2026-06-02 20:49:35.102 Script: Connecting to ftp.junkyardpro.com ...
. 2026-06-02 20:49:35.102 Connecting to ftp.junkyardpro.com ...
. 2026-06-02 20:49:35.191 Connected with ftp.junkyardpro.com. Waiting for welcome message...
< 2026-06-02 20:49:35.274 220---------- Welcome to Pure-FTPd [privsep] [TLS] ----------
< 2026-06-02 20:49:35.274 220-You are user number 2 of 50 allowed.
< 2026-06-02 20:49:35.274 220-Local time is now 20:49. Server port: 21.
< 2026-06-02 20:49:35.274 220-This is a private system - No anonymous login
< 2026-06-02 20:49:35.274 220-IPv6 connections are also welcome on this server.
< 2026-06-02 20:49:35.274 220 You will be disconnected after 15 minutes of inactivity.
> 2026-06-02 20:49:35.274 USER julianshur@junkyardpro.com
< 2026-06-02 20:49:35.356 331 User julianshur@junkyardpro.com OK. Password required
> 2026-06-02 20:49:35.356 PASS **********
< 2026-06-02 20:49:39.325 530 Login authentication failed
. 2026-06-02 20:49:39.325 Connection failed.
. 2026-06-02 20:49:39.325 Got reply 3004 to the command 1
< 2026-06-02 20:49:39.331 Script: Access denied.
. 2026-06-02 20:49:39.332 Password prompt (last login attempt failed)
< 2026-06-02 20:49:39.542 Script: Authentication failed.
. 2026-06-02 20:50:36.686 --------------------------------------------------------------------------
. 2026-06-02 20:50:36.687 WinSCP Version 6.5.6 (Build 16502 2026-03-25) (OS 10.0.19045 – Windows 10 Pro)
. 2026-06-02 20:50:36.687 Configuration: HKCU\Software\Martin Prikryl\WinSCP 2\
. 2026-06-02 20:50:36.687 Log level: Debug 1
. 2026-06-02 20:50:36.687 Local account: DESKTOP-D919AF9\Julian
. 2026-06-02 20:50:36.687 Working directory: C:\Users\Julian\Documents\git\junkyard_pro
. 2026-06-02 20:50:36.687 Process ID: 13188
. 2026-06-02 20:50:36.699 Ancestor processes: WinSCP, cmd, explorer, ...
. 2026-06-02 20:50:36.699 Command-line: "C:\Program Files (x86)\WinSCP\WinSCP.exe" /console=6.5.6 /consoleinstance=_10864_901 "/log=deploy.log" "/loglevel=1" "/command" "open junkyard_ftp" "option batch on" "option confirm off" "lcd C:\Users\Julian\Documents\git\junkyard_pro" "cd /" "put server.js /server.js" "put package.json /package.json" "put public/index.html /index.html" "exit" 
. 2026-06-02 20:50:36.699 Switch:    /console=6.5.6
. 2026-06-02 20:50:36.699 Switch:    /consoleinstance=_10864_901
. 2026-06-02 20:50:36.699 Switch:    /log=deploy.log
. 2026-06-02 20:50:36.699 Switch:    /loglevel=1
. 2026-06-02 20:50:36.699 Switch:    /command
. 2026-06-02 20:50:36.699 Parameter: open junkyard_ftp
. 2026-06-02 20:50:36.699 Parameter: option batch on
. 2026-06-02 20:50:36.699 Parameter: option confirm off
. 2026-06-02 20:50:36.699 Parameter: lcd C:\Users\Julian\Documents\git\junkyard_pro
. 2026-06-02 20:50:36.699 Parameter: cd /
. 2026-06-02 20:50:36.699 Parameter: put server.js /server.js
. 2026-06-02 20:50:36.699 Parameter: put package.json /package.json
. 2026-06-02 20:50:36.699 Parameter: put public/index.html /index.html
. 2026-06-02 20:50:36.700 Parameter: exit
. 2026-06-02 20:50:36.700 Time zone: Current: GMT-7, Standard: GMT-8 (Pacific Standard Time), DST: GMT-7 (Pacific Daylight Time), DST Start: 3/8/2026, DST End: 11/1/2026
. 2026-06-02 20:50:36.700 Login time: Tuesday, June 2, 2026 8:50:36 PM
. 2026-06-02 20:50:36.700 --------------------------------------------------------------------------
. 2026-06-02 20:50:36.700 Script: Retrospectively logging previous script records:
> 2026-06-02 20:50:36.700 Script: open junkyard_ftp
> 2026-06-02 20:50:36.700 Script: Parameter: junkyard_ftp
< 2026-06-02 20:50:36.700 Script: In scripting you should not rely on saved sites, use this command instead:
< 2026-06-02 20:50:36.700 Script: open ftp://julianshur%40junkyardpro.com:***@ftp.junkyardpro.com/
. 2026-06-02 20:50:36.700 --------------------------------------------------------------------------
. 2026-06-02 20:50:36.700 Session name: junkyard_ftp (Site)
. 2026-06-02 20:50:36.700 Host name: ftp.junkyardpro.com (Port: 21)
. 2026-06-02 20:50:36.700 User name: julianshur@junkyardpro.com (Password: Yes, Key file: No, Passphrase: No)
. 2026-06-02 20:50:36.700 Transfer Protocol: FTP
. 2026-06-02 20:50:36.700 Ping type: Dummy, Ping interval: 30 sec; Timeout: 15 sec
. 2026-06-02 20:50:36.700 Disable Nagle: No
. 2026-06-02 20:50:36.700 Proxy: None
. 2026-06-02 20:50:36.700 Send buffer: 262144
. 2026-06-02 20:50:36.700 UTF: Auto
. 2026-06-02 20:50:36.700 FTPS: None [Client certificate: No]
. 2026-06-02 20:50:36.700 FTP: Passive: Yes [Force IP: Auto]; MLSD: Auto [List all: Auto]; HOST: Auto
. 2026-06-02 20:50:36.700 Local directory: C:\Users\Julian\Documents, Remote directory: /, Update: Yes, Cache: Yes
. 2026-06-02 20:50:36.700 Cache directory changes: Yes, Permanent: Yes
. 2026-06-02 20:50:36.700 Recycle bin: Delete to: No, Overwritten to: No, Bin path: 
. 2026-06-02 20:50:36.700 Timezone offset: 0h 0m
. 2026-06-02 20:50:36.700 --------------------------------------------------------------------------
< 2026-06-02 20:50:36.720 Script: Connecting to ftp.junkyardpro.com ...
. 2026-06-02 20:50:36.720 Connecting to ftp.junkyardpro.com ...
. 2026-06-02 20:50:36.936 Connected with ftp.junkyardpro.com. Waiting for welcome message...
< 2026-06-02 20:50:37.021 220---------- Welcome to Pure-FTPd [privsep] [TLS] ----------
< 2026-06-02 20:50:37.021 220-You are user number 2 of 50 allowed.
< 2026-06-02 20:50:37.021 220-Local time is now 20:50. Server port: 21.
< 2026-06-02 20:50:37.021 220-This is a private system - No anonymous login
< 2026-06-02 20:50:37.021 220-IPv6 connections are also welcome on this server.
< 2026-06-02 20:50:37.021 220 You will be disconnected after 15 minutes of inactivity.
> 2026-06-02 20:50:37.021 USER julianshur@junkyardpro.com
< 2026-06-02 20:50:37.103 331 User julianshur@junkyardpro.com OK. Password required
> 2026-06-02 20:50:37.103 PASS **********
< 2026-06-02 20:50:41.498 530 Login authentication failed
. 2026-06-02 20:50:41.498 Connection failed.
. 2026-06-02 20:50:41.498 Got reply 3004 to the command 1
< 2026-06-02 20:50:41.502 Script: Access denied.
. 2026-06-02 20:50:41.502 Password prompt (last login attempt failed)
< 2026-06-02 20:50:41.505 Script: Authentication failed.
. 2026-06-02 20:52:51.391 --------------------------------------------------------------------------
. 2026-06-02 20:52:51.391 WinSCP Version 6.5.6 (Build 16502 2026-03-25) (OS 10.0.19045 – Windows 10 Pro)
. 2026-06-02 20:52:51.391 Configuration: HKCU\Software\Martin Prikryl\WinSCP 2\
. 2026-06-02 20:52:51.391 Log level: Debug 1
. 2026-06-02 20:52:51.391 Local account: DESKTOP-D919AF9\Julian
. 2026-06-02 20:52:51.391 Working directory: C:\Users\Julian\Documents\git\junkyard_pro
. 2026-06-02 20:52:51.391 Process ID: 14640
. 2026-06-02 20:52:51.401 Ancestor processes: WinSCP, cmd, explorer, ...
. 2026-06-02 20:52:51.401 Command-line: "C:\Program Files (x86)\WinSCP\WinSCP.exe" /console=6.5.6 /consoleinstance=_18140_113 "/log=deploy.log" "/loglevel=1" "/command" "open junkyard_ftp" "option batch on" "option confirm off" "lcd C:\Users\Julian\Documents\git\junkyard_pro" "cd /" "put server.js /server.js" "put package.json /package.json" "put public/index.html /index.html" "exit" 
. 2026-06-02 20:52:51.401 Switch:    /console=6.5.6
. 2026-06-02 20:52:51.401 Switch:    /consoleinstance=_18140_113
. 2026-06-02 20:52:51.401 Switch:    /log=deploy.log
. 2026-06-02 20:52:51.401 Switch:    /loglevel=1
. 2026-06-02 20:52:51.401 Switch:    /command
. 2026-06-02 20:52:51.401 Parameter: open junkyard_ftp
. 2026-06-02 20:52:51.401 Parameter: option batch on
. 2026-06-02 20:52:51.401 Parameter: option confirm off
. 2026-06-02 20:52:51.401 Parameter: lcd C:\Users\Julian\Documents\git\junkyard_pro
. 2026-06-02 20:52:51.401 Parameter: cd /
. 2026-06-02 20:52:51.401 Parameter: put server.js /server.js
. 2026-06-02 20:52:51.401 Parameter: put package.json /package.json
. 2026-06-02 20:52:51.401 Parameter: put public/index.html /index.html
. 2026-06-02 20:52:51.401 Parameter: exit
. 2026-06-02 20:52:51.401 Time zone: Current: GMT-7, Standard: GMT-8 (Pacific Standard Time), DST: GMT-7 (Pacific Daylight Time), DST Start: 3/8/2026, DST End: 11/1/2026
. 2026-06-02 20:52:51.401 Login time: Tuesday, June 2, 2026 8:52:51 PM
. 2026-06-02 20:52:51.402 --------------------------------------------------------------------------
. 2026-06-02 20:52:51.402 Script: Retrospectively logging previous script records:
> 2026-06-02 20:52:51.402 Script: open junkyard_ftp
> 2026-06-02 20:52:51.402 Script: Parameter: junkyard_ftp
< 2026-06-02 20:52:51.402 Script: In scripting you should not rely on saved sites, use this command instead:
< 2026-06-02 20:52:51.402 Script: open ftp://julianshur%40junkyardpro.com:***@ftp.junkyardpro.com/
. 2026-06-02 20:52:51.402 --------------------------------------------------------------------------
. 2026-06-02 20:52:51.402 Session name: junkyard_ftp (Site)
. 2026-06-02 20:52:51.402 Host name: ftp.junkyardpro.com (Port: 21)
. 2026-06-02 20:52:51.402 User name: julianshur@junkyardpro.com (Password: Yes, Key file: No, Passphrase: No)
. 2026-06-02 20:52:51.402 Transfer Protocol: FTP
. 2026-06-02 20:52:51.402 Ping type: Dummy, Ping interval: 30 sec; Timeout: 15 sec
. 2026-06-02 20:52:51.402 Disable Nagle: No
. 2026-06-02 20:52:51.402 Proxy: None
. 2026-06-02 20:52:51.402 Send buffer: 262144
. 2026-06-02 20:52:51.402 UTF: Auto
. 2026-06-02 20:52:51.402 FTPS: None [Client certificate: No]
. 2026-06-02 20:52:51.402 FTP: Passive: Yes [Force IP: Auto]; MLSD: Auto [List all: Auto]; HOST: Auto
. 2026-06-02 20:52:51.402 Local directory: C:\Users\Julian\Documents, Remote directory: /, Update: Yes, Cache: Yes
. 2026-06-02 20:52:51.402 Cache directory changes: Yes, Permanent: Yes
. 2026-06-02 20:52:51.402 Recycle bin: Delete to: No, Overwritten to: No, Bin path: 
. 2026-06-02 20:52:51.402 Timezone offset: 0h 0m
. 2026-06-02 20:52:51.402 --------------------------------------------------------------------------
< 2026-06-02 20:52:51.425 Script: Connecting to ftp.junkyardpro.com ...
. 2026-06-02 20:52:51.425 Connecting to ftp.junkyardpro.com ...
. 2026-06-02 20:52:51.604 Connected with ftp.junkyardpro.com. Waiting for welcome message...
< 2026-06-02 20:52:51.686 220---------- Welcome to Pure-FTPd [privsep] [TLS] ----------
< 2026-06-02 20:52:51.686 220-You are user number 2 of 50 allowed.
< 2026-06-02 20:52:51.686 220-Local time is now 20:52. Server port: 21.
< 2026-06-02 20:52:51.686 220-This is a private system - No anonymous login
< 2026-06-02 20:52:51.686 220-IPv6 connections are also welcome on this server.
< 2026-06-02 20:52:51.687 220 You will be disconnected after 15 minutes of inactivity.
> 2026-06-02 20:52:51.687 USER julianshur@junkyardpro.com
< 2026-06-02 20:52:51.763 331 User julianshur@junkyardpro.com OK. Password required
> 2026-06-02 20:52:51.763 PASS **********
< 2026-06-02 20:52:56.863 530 Login authentication failed
. 2026-06-02 20:52:56.863 Connection failed.
. 2026-06-02 20:52:56.863 Got reply 3004 to the command 1
< 2026-06-02 20:52:56.873 Script: Access denied.
. 2026-06-02 20:52:56.874 Password prompt (last login attempt failed)
< 2026-06-02 20:52:56.882 Script: Authentication failed.
. 2026-06-02 20:54:30.055 --------------------------------------------------------------------------
. 2026-06-02 20:54:30.055 WinSCP Version 6.5.6 (Build 16502 2026-03-25) (OS 10.0.19045 – Windows 10 Pro)
. 2026-06-02 20:54:30.055 Configuration: HKCU\Software\Martin Prikryl\WinSCP 2\
. 2026-06-02 20:54:30.055 Log level: Debug 1
. 2026-06-02 20:54:30.055 Local account: DESKTOP-D919AF9\Julian
. 2026-06-02 20:54:30.055 Working directory: C:\Users\Julian\Documents\git\junkyard_pro
. 2026-06-02 20:54:30.055 Process ID: 14508
. 2026-06-02 20:54:30.064 Ancestor processes: WinSCP, cmd, explorer, ...
. 2026-06-02 20:54:30.064 Command-line: "C:\Program Files (x86)\WinSCP\WinSCP.exe" /console=6.5.6 /consoleinstance=_17312_530 "/log=deploy.log" "/loglevel=1" "/command" "open ftp://julianshur%40junkyardpro.com:***@ftp.junkyardpro.com/ -passive=on" "option batch on" "option confirm off" "lcd C:\Users\Julian\Documents\git\junkyard_pro" "cd /public_html" "put server.js /public_html/server.js" "put package.json /public_html/package.json" "put public/index.html /public_html/index.html" "exit"
. 2026-06-02 20:54:30.064 Switch:    /console=6.5.6
. 2026-06-02 20:54:30.064 Switch:    /consoleinstance=_17312_530
. 2026-06-02 20:54:30.064 Switch:    /log=deploy.log
. 2026-06-02 20:54:30.064 Switch:    /loglevel=1
. 2026-06-02 20:54:30.064 Switch:    /command
. 2026-06-02 20:54:30.064 Parameter: open ftp://julianshur%40junkyardpro.com:b1n6b0n61@ftp.junkyardpro.com/ -passive=on
. 2026-06-02 20:54:30.064 Parameter: option batch on
. 2026-06-02 20:54:30.064 Parameter: option confirm off
. 2026-06-02 20:54:30.064 Parameter: lcd C:\Users\Julian\Documents\git\junkyard_pro
. 2026-06-02 20:54:30.064 Parameter: cd /public_html
. 2026-06-02 20:54:30.064 Parameter: put server.js /public_html/server.js
. 2026-06-02 20:54:30.064 Parameter: put package.json /public_html/package.json
. 2026-06-02 20:54:30.064 Parameter: put public/index.html /public_html/index.html
. 2026-06-02 20:54:30.064 Parameter: exit
. 2026-06-02 20:54:30.064 Time zone: Current: GMT-7, Standard: GMT-8 (Pacific Standard Time), DST: GMT-7 (Pacific Daylight Time), DST Start: 3/8/2026, DST End: 11/1/2026
. 2026-06-02 20:54:30.064 Login time: Tuesday, June 2, 2026 8:54:30 PM
. 2026-06-02 20:54:30.064 --------------------------------------------------------------------------
. 2026-06-02 20:54:30.064 Script: Retrospectively logging previous script records:
> 2026-06-02 20:54:30.064 Script: open ftp://julianshur%40junkyardpro.com:***@ftp.junkyardpro.com/ -passive=on
> 2026-06-02 20:54:30.064 Script: Parameter: ftp://julianshur%40junkyardpro.com:***@ftp.junkyardpro.com/
> 2026-06-02 20:54:30.065 Script: Switch:    -passive=on
. 2026-06-02 20:54:30.065 --------------------------------------------------------------------------
. 2026-06-02 20:54:30.065 Session name: julianshur@junkyardpro.com@ftp.junkyardpro.com (Ad-Hoc site)
. 2026-06-02 20:54:30.065 Host name: ftp.junkyardpro.com (Port: 21)
. 2026-06-02 20:54:30.065 User name: julianshur@junkyardpro.com (Password: Yes, Key file: No, Passphrase: No)
. 2026-06-02 20:54:30.065 Transfer Protocol: FTP
. 2026-06-02 20:54:30.065 Ping type: Dummy, Ping interval: 30 sec; Timeout: 15 sec
. 2026-06-02 20:54:30.065 Disable Nagle: No
. 2026-06-02 20:54:30.065 Proxy: None
. 2026-06-02 20:54:30.065 Send buffer: 262144
. 2026-06-02 20:54:30.065 UTF: Auto
. 2026-06-02 20:54:30.065 FTPS: None [Client certificate: No]
. 2026-06-02 20:54:30.065 FTP: Passive: Yes [Force IP: Auto]; MLSD: Auto [List all: Auto]; HOST: Auto
. 2026-06-02 20:54:30.065 Local directory: default, Remote directory: home, Update: Yes, Cache: Yes
. 2026-06-02 20:54:30.065 Cache directory changes: Yes, Permanent: Yes
. 2026-06-02 20:54:30.065 Recycle bin: Delete to: No, Overwritten to: No, Bin path: 
. 2026-06-02 20:54:30.065 Timezone offset: 0h 0m
. 2026-06-02 20:54:30.065 --------------------------------------------------------------------------
< 2026-06-02 20:54:30.082 Script: Connecting to ftp.junkyardpro.com ...
. 2026-06-02 20:54:30.083 Connecting to ftp.junkyardpro.com ...
. 2026-06-02 20:54:30.339 Connected with ftp.junkyardpro.com. Waiting for welcome message...
< 2026-06-02 20:54:30.419 220---------- Welcome to Pure-FTPd [privsep] [TLS] ----------
< 2026-06-02 20:54:30.419 220-You are user number 2 of 50 allowed.
< 2026-06-02 20:54:30.419 220-Local time is now 20:54. Server port: 21.
< 2026-06-02 20:54:30.419 220-This is a private system - No anonymous login
< 2026-06-02 20:54:30.419 220-IPv6 connections are also welcome on this server.
< 2026-06-02 20:54:30.419 220 You will be disconnected after 15 minutes of inactivity.
> 2026-06-02 20:54:30.419 USER julianshur@junkyardpro.com
< 2026-06-02 20:54:30.496 331 User julianshur@junkyardpro.com OK. Password required
> 2026-06-02 20:54:30.496 PASS *********
< 2026-06-02 20:54:35.103 530 Login authentication failed
. 2026-06-02 20:54:35.103 Connection failed.
. 2026-06-02 20:54:35.104 Got reply 3004 to the command 1
< 2026-06-02 20:54:35.108 Script: Access denied.
. 2026-06-02 20:54:35.108 Password prompt (last login attempt failed)
< 2026-06-02 20:54:35.112 Script: Authentication failed.
. 2026-06-02 20:55:58.731 --------------------------------------------------------------------------
. 2026-06-02 20:55:58.731 WinSCP Version 6.5.6 (Build 16502 2026-03-25) (OS 10.0.19045 – Windows 10 Pro)
. 2026-06-02 20:55:58.731 Configuration: HKCU\Software\Martin Prikryl\WinSCP 2\
. 2026-06-02 20:55:58.731 Log level: Debug 1
. 2026-06-02 20:55:58.731 Local account: DESKTOP-D919AF9\Julian
. 2026-06-02 20:55:58.731 Working directory: C:\Users\Julian\Documents\git\junkyard_pro
. 2026-06-02 20:55:58.731 Process ID: 7104
. 2026-06-02 20:55:58.740 Ancestor processes: WinSCP, cmd, explorer, ...
. 2026-06-02 20:55:58.741 Command-line: "C:\Program Files (x86)\WinSCP\WinSCP.exe" /console=6.5.6 /consoleinstance=_912_77 "/log=deploy.log" "/loglevel=1" "/command" "open ftp://julianshur%40junkyardpro.com:***@ftp.junkyardpro.com/ -passive=on" "option batch on" "option confirm off" "lcd C:\Users\Julian\Documents\git\junkyard_pro" "cd /public_html" "put server.js /public_html/server.js" "put package.json /public_html/package.json" "put public/index.html /public_html/index.html" "exit"
. 2026-06-02 20:55:58.741 Switch:    /console=6.5.6
. 2026-06-02 20:55:58.741 Switch:    /consoleinstance=_912_77
. 2026-06-02 20:55:58.741 Switch:    /log=deploy.log
. 2026-06-02 20:55:58.741 Switch:    /loglevel=1
. 2026-06-02 20:55:58.741 Switch:    /command
. 2026-06-02 20:55:58.741 Parameter: open ftp://julianshur%40junkyardpro.com:b1n6b0n61@ftp.junkyardpro.com/ -passive=on
. 2026-06-02 20:55:58.741 Parameter: option batch on
. 2026-06-02 20:55:58.741 Parameter: option confirm off
. 2026-06-02 20:55:58.741 Parameter: lcd C:\Users\Julian\Documents\git\junkyard_pro
. 2026-06-02 20:55:58.741 Parameter: cd /public_html
. 2026-06-02 20:55:58.741 Parameter: put server.js /public_html/server.js
. 2026-06-02 20:55:58.741 Parameter: put package.json /public_html/package.json
. 2026-06-02 20:55:58.741 Parameter: put public/index.html /public_html/index.html
. 2026-06-02 20:55:58.741 Parameter: exit
. 2026-06-02 20:55:58.741 Time zone: Current: GMT-7, Standard: GMT-8 (Pacific Standard Time), DST: GMT-7 (Pacific Daylight Time), DST Start: 3/8/2026, DST End: 11/1/2026
. 2026-06-02 20:55:58.741 Login time: Tuesday, June 2, 2026 8:55:58 PM
. 2026-06-02 20:55:58.741 --------------------------------------------------------------------------
. 2026-06-02 20:55:58.741 Script: Retrospectively logging previous script records:
> 2026-06-02 20:55:58.741 Script: open ftp://julianshur%40junkyardpro.com:***@ftp.junkyardpro.com/ -passive=on
> 2026-06-02 20:55:58.741 Script: Parameter: ftp://julianshur%40junkyardpro.com:***@ftp.junkyardpro.com/
> 2026-06-02 20:55:58.741 Script: Switch:    -passive=on
. 2026-06-02 20:55:58.741 --------------------------------------------------------------------------
. 2026-06-02 20:55:58.741 Session name: julianshur@junkyardpro.com@ftp.junkyardpro.com (Ad-Hoc site)
. 2026-06-02 20:55:58.741 Host name: ftp.junkyardpro.com (Port: 21)
. 2026-06-02 20:55:58.741 User name: julianshur@junkyardpro.com (Password: Yes, Key file: No, Passphrase: No)
. 2026-06-02 20:55:58.741 Transfer Protocol: FTP
. 2026-06-02 20:55:58.741 Ping type: Dummy, Ping interval: 30 sec; Timeout: 15 sec
. 2026-06-02 20:55:58.741 Disable Nagle: No
. 2026-06-02 20:55:58.741 Proxy: None
. 2026-06-02 20:55:58.741 Send buffer: 262144
. 2026-06-02 20:55:58.741 UTF: Auto
. 2026-06-02 20:55:58.741 FTPS: None [Client certificate: No]
. 2026-06-02 20:55:58.741 FTP: Passive: Yes [Force IP: Auto]; MLSD: Auto [List all: Auto]; HOST: Auto
. 2026-06-02 20:55:58.741 Local directory: default, Remote directory: home, Update: Yes, Cache: Yes
. 2026-06-02 20:55:58.741 Cache directory changes: Yes, Permanent: Yes
. 2026-06-02 20:55:58.741 Recycle bin: Delete to: No, Overwritten to: No, Bin path: 
. 2026-06-02 20:55:58.741 Timezone offset: 0h 0m
. 2026-06-02 20:55:58.741 --------------------------------------------------------------------------
< 2026-06-02 20:55:58.768 Script: Connecting to ftp.junkyardpro.com ...
. 2026-06-02 20:55:58.768 Connecting to ftp.junkyardpro.com ...
. 2026-06-02 20:55:58.853 Connected with ftp.junkyardpro.com. Waiting for welcome message...
< 2026-06-02 20:55:58.933 220---------- Welcome to Pure-FTPd [privsep] [TLS] ----------
< 2026-06-02 20:55:58.933 220-You are user number 2 of 50 allowed.
< 2026-06-02 20:55:58.933 220-Local time is now 20:55. Server port: 21.
< 2026-06-02 20:55:58.933 220-This is a private system - No anonymous login
< 2026-06-02 20:55:58.933 220-IPv6 connections are also welcome on this server.
< 2026-06-02 20:55:58.933 220 You will be disconnected after 15 minutes of inactivity.
> 2026-06-02 20:55:58.933 USER julianshur@junkyardpro.com
< 2026-06-02 20:55:59.020 331 User julianshur@junkyardpro.com OK. Password required
> 2026-06-02 20:55:59.020 PASS *********
< 2026-06-02 20:56:04.867 530 Login authentication failed
. 2026-06-02 20:56:04.867 Connection failed.
. 2026-06-02 20:56:04.867 Got reply 3004 to the command 1
< 2026-06-02 20:56:04.871 Script: Access denied.
. 2026-06-02 20:56:04.872 Password prompt (last login attempt failed)
< 2026-06-02 20:56:04.875 Script: Authentication failed.
. 2026-06-02 20:57:16.380 --------------------------------------------------------------------------
. 2026-06-02 20:57:16.380 WinSCP Version 6.5.6 (Build 16502 2026-03-25) (OS 10.0.19045 – Windows 10 Pro)
. 2026-06-02 20:57:16.380 Configuration: HKCU\Software\Martin Prikryl\WinSCP 2\
. 2026-06-02 20:57:16.380 Log level: Debug 1
. 2026-06-02 20:57:16.380 Local account: DESKTOP-D919AF9\Julian
. 2026-06-02 20:57:16.380 Working directory: C:\Users\Julian\Documents\git\junkyard_pro
. 2026-06-02 20:57:16.380 Process ID: 1848
. 2026-06-02 20:57:16.390 Ancestor processes: WinSCP, cmd, explorer, ...
. 2026-06-02 20:57:16.391 Command-line: "C:\Program Files (x86)\WinSCP\WinSCP.exe" /console=6.5.6 /consoleinstance=_10972_945 "/log=deploy.log" "/loglevel=1" "/command" "open ftp://julianshur%40junkyardpro.com:***@ftp.junkyardpro.com/ -passive=on" "option batch on" "option confirm off" "lcd C:\Users\Julian\Documents\git\junkyard_pro" "cd /public_html" "put server.js /home/byoq1zt2rc5qg23e/public_html" "put package.json /home/byoq1zt2rc5qg23e/public_html" "put public/index.html /home/byoq1zt2rc5qg23e/public_html" "exit"
. 2026-06-02 20:57:16.391 Switch:    /console=6.5.6
. 2026-06-02 20:57:16.391 Switch:    /consoleinstance=_10972_945
. 2026-06-02 20:57:16.391 Switch:    /log=deploy.log
. 2026-06-02 20:57:16.391 Switch:    /loglevel=1
. 2026-06-02 20:57:16.391 Switch:    /command
. 2026-06-02 20:57:16.391 Parameter: open ftp://julianshur%40junkyardpro.com:b1n6b0n61@ftp.junkyardpro.com/ -passive=on
. 2026-06-02 20:57:16.391 Parameter: option batch on
. 2026-06-02 20:57:16.391 Parameter: option confirm off
. 2026-06-02 20:57:16.391 Parameter: lcd C:\Users\Julian\Documents\git\junkyard_pro
. 2026-06-02 20:57:16.391 Parameter: cd /public_html
. 2026-06-02 20:57:16.391 Parameter: put server.js /home/byoq1zt2rc5qg23e/public_html
. 2026-06-02 20:57:16.391 Parameter: put package.json /home/byoq1zt2rc5qg23e/public_html
. 2026-06-02 20:57:16.391 Parameter: put public/index.html /home/byoq1zt2rc5qg23e/public_html
. 2026-06-02 20:57:16.391 Parameter: exit
. 2026-06-02 20:57:16.391 Time zone: Current: GMT-7, Standard: GMT-8 (Pacific Standard Time), DST: GMT-7 (Pacific Daylight Time), DST Start: 3/8/2026, DST End: 11/1/2026
. 2026-06-02 20:57:16.391 Login time: Tuesday, June 2, 2026 8:57:16 PM
. 2026-06-02 20:57:16.391 --------------------------------------------------------------------------
. 2026-06-02 20:57:16.391 Script: Retrospectively logging previous script records:
> 2026-06-02 20:57:16.391 Script: open ftp://julianshur%40junkyardpro.com:***@ftp.junkyardpro.com/ -passive=on
> 2026-06-02 20:57:16.391 Script: Parameter: ftp://julianshur%40junkyardpro.com:***@ftp.junkyardpro.com/
> 2026-06-02 20:57:16.391 Script: Switch:    -passive=on
. 2026-06-02 20:57:16.391 --------------------------------------------------------------------------
. 2026-06-02 20:57:16.391 Session name: julianshur@junkyardpro.com@ftp.junkyardpro.com (Ad-Hoc site)
. 2026-06-02 20:57:16.391 Host name: ftp.junkyardpro.com (Port: 21)
. 2026-06-02 20:57:16.391 User name: julianshur@junkyardpro.com (Password: Yes, Key file: No, Passphrase: No)
. 2026-06-02 20:57:16.391 Transfer Protocol: FTP
. 2026-06-02 20:57:16.391 Ping type: Dummy, Ping interval: 30 sec; Timeout: 15 sec
. 2026-06-02 20:57:16.391 Disable Nagle: No
. 2026-06-02 20:57:16.391 Proxy: None
. 2026-06-02 20:57:16.391 Send buffer: 262144
. 2026-06-02 20:57:16.391 UTF: Auto
. 2026-06-02 20:57:16.391 FTPS: None [Client certificate: No]
. 2026-06-02 20:57:16.391 FTP: Passive: Yes [Force IP: Auto]; MLSD: Auto [List all: Auto]; HOST: Auto
. 2026-06-02 20:57:16.391 Local directory: default, Remote directory: home, Update: Yes, Cache: Yes
. 2026-06-02 20:57:16.391 Cache directory changes: Yes, Permanent: Yes
. 2026-06-02 20:57:16.391 Recycle bin: Delete to: No, Overwritten to: No, Bin path: 
. 2026-06-02 20:57:16.391 Timezone offset: 0h 0m
. 2026-06-02 20:57:16.391 --------------------------------------------------------------------------
< 2026-06-02 20:57:16.406 Script: Connecting to ftp.junkyardpro.com ...
. 2026-06-02 20:57:16.406 Connecting to ftp.junkyardpro.com ...
. 2026-06-02 20:57:16.642 Connected with ftp.junkyardpro.com. Waiting for welcome message...
< 2026-06-02 20:57:16.721 220---------- Welcome to Pure-FTPd [privsep] [TLS] ----------
< 2026-06-02 20:57:16.721 220-You are user number 2 of 50 allowed.
< 2026-06-02 20:57:16.721 220-Local time is now 20:57. Server port: 21.
< 2026-06-02 20:57:16.721 220-This is a private system - No anonymous login
< 2026-06-02 20:57:16.721 220-IPv6 connections are also welcome on this server.
< 2026-06-02 20:57:16.721 220 You will be disconnected after 15 minutes of inactivity.
> 2026-06-02 20:57:16.721 USER julianshur@junkyardpro.com
< 2026-06-02 20:57:16.794 331 User julianshur@junkyardpro.com OK. Password required
> 2026-06-02 20:57:16.794 PASS *********
< 2026-06-02 20:57:20.167 530 Login authentication failed
. 2026-06-02 20:57:20.168 Connection failed.
. 2026-06-02 20:57:20.168 Got reply 3004 to the command 1
< 2026-06-02 20:57:20.173 Script: Access denied.
. 2026-06-02 20:57:20.176 Password prompt (last login attempt failed)
< 2026-06-02 20:57:20.179 Script: Authentication failed.
. 2026-06-02 20:57:33.051 --------------------------------------------------------------------------
. 2026-06-02 20:57:33.051 WinSCP Version 6.5.6 (Build 16502 2026-03-25) (OS 10.0.19045 – Windows 10 Pro)
. 2026-06-02 20:57:33.051 Configuration: HKCU\Software\Martin Prikryl\WinSCP 2\
. 2026-06-02 20:57:33.051 Log level: Debug 1
. 2026-06-02 20:57:33.051 Local account: DESKTOP-D919AF9\Julian
. 2026-06-02 20:57:33.051 Working directory: C:\Users\Julian\Documents\git\junkyard_pro
. 2026-06-02 20:57:33.051 Process ID: 17728
. 2026-06-02 20:57:33.061 Ancestor processes: WinSCP, cmd, explorer, ...
. 2026-06-02 20:57:33.061 Command-line: "C:\Program Files (x86)\WinSCP\WinSCP.exe" /console=6.5.6 /consoleinstance=_10528_785 "/log=deploy.log" "/loglevel=1" "/command" "open ftp://julianshur%40junkyardpro.com:***@ftp.junkyardpro.com/ -passive=on" "option batch on" "option confirm off" "lcd C:\Users\Julian\Documents\git\junkyard_pro" "cd /public_html" "put server.js /home/byoq1zt2rc5qg23e/public_html" "put package.json /home/byoq1zt2rc5qg23e/public_html" "put public/index.html /home/byoq1zt2rc5qg23e/public_html" "exit"
. 2026-06-02 20:57:33.061 Switch:    /console=6.5.6
. 2026-06-02 20:57:33.061 Switch:    /consoleinstance=_10528_785
. 2026-06-02 20:57:33.061 Switch:    /log=deploy.log
. 2026-06-02 20:57:33.061 Switch:    /loglevel=1
. 2026-06-02 20:57:33.061 Switch:    /command
. 2026-06-02 20:57:33.061 Parameter: open ftp://julianshur%40junkyardpro.com:b1n6b0n61!@ftp.junkyardpro.com/ -passive=on
. 2026-06-02 20:57:33.061 Parameter: option batch on
. 2026-06-02 20:57:33.061 Parameter: option confirm off
. 2026-06-02 20:57:33.061 Parameter: lcd C:\Users\Julian\Documents\git\junkyard_pro
. 2026-06-02 20:57:33.061 Parameter: cd /public_html
. 2026-06-02 20:57:33.061 Parameter: put server.js /home/byoq1zt2rc5qg23e/public_html
. 2026-06-02 20:57:33.061 Parameter: put package.json /home/byoq1zt2rc5qg23e/public_html
. 2026-06-02 20:57:33.061 Parameter: put public/index.html /home/byoq1zt2rc5qg23e/public_html
. 2026-06-02 20:57:33.061 Parameter: exit
. 2026-06-02 20:57:33.061 Time zone: Current: GMT-7, Standard: GMT-8 (Pacific Standard Time), DST: GMT-7 (Pacific Daylight Time), DST Start: 3/8/2026, DST End: 11/1/2026
. 2026-06-02 20:57:33.062 Login time: Tuesday, June 2, 2026 8:57:33 PM
. 2026-06-02 20:57:33.062 --------------------------------------------------------------------------
. 2026-06-02 20:57:33.062 Script: Retrospectively logging previous script records:
> 2026-06-02 20:57:33.062 Script: open ftp://julianshur%40junkyardpro.com:***@ftp.junkyardpro.com/ -passive=on
> 2026-06-02 20:57:33.062 Script: Parameter: ftp://julianshur%40junkyardpro.com:***@ftp.junkyardpro.com/
> 2026-06-02 20:57:33.062 Script: Switch:    -passive=on
. 2026-06-02 20:57:33.062 --------------------------------------------------------------------------
. 2026-06-02 20:57:33.062 Session name: julianshur@junkyardpro.com@ftp.junkyardpro.com (Ad-Hoc site)
. 2026-06-02 20:57:33.062 Host name: ftp.junkyardpro.com (Port: 21)
. 2026-06-02 20:57:33.062 User name: julianshur@junkyardpro.com (Password: Yes, Key file: No, Passphrase: No)
. 2026-06-02 20:57:33.062 Transfer Protocol: FTP
. 2026-06-02 20:57:33.062 Ping type: Dummy, Ping interval: 30 sec; Timeout: 15 sec
. 2026-06-02 20:57:33.062 Disable Nagle: No
. 2026-06-02 20:57:33.062 Proxy: None
. 2026-06-02 20:57:33.062 Send buffer: 262144
. 2026-06-02 20:57:33.062 UTF: Auto
. 2026-06-02 20:57:33.062 FTPS: None [Client certificate: No]
. 2026-06-02 20:57:33.062 FTP: Passive: Yes [Force IP: Auto]; MLSD: Auto [List all: Auto]; HOST: Auto
. 2026-06-02 20:57:33.062 Local directory: default, Remote directory: home, Update: Yes, Cache: Yes
. 2026-06-02 20:57:33.062 Cache directory changes: Yes, Permanent: Yes
. 2026-06-02 20:57:33.062 Recycle bin: Delete to: No, Overwritten to: No, Bin path: 
. 2026-06-02 20:57:33.062 Timezone offset: 0h 0m
. 2026-06-02 20:57:33.062 --------------------------------------------------------------------------
< 2026-06-02 20:57:33.079 Script: Connecting to ftp.junkyardpro.com ...
. 2026-06-02 20:57:33.079 Connecting to ftp.junkyardpro.com ...
. 2026-06-02 20:57:33.169 Connected with ftp.junkyardpro.com. Waiting for welcome message...
< 2026-06-02 20:57:33.252 220---------- Welcome to Pure-FTPd [privsep] [TLS] ----------
< 2026-06-02 20:57:33.252 220-You are user number 2 of 50 allowed.
< 2026-06-02 20:57:33.252 220-Local time is now 20:57. Server port: 21.
< 2026-06-02 20:57:33.252 220-This is a private system - No anonymous login
< 2026-06-02 20:57:33.252 220-IPv6 connections are also welcome on this server.
< 2026-06-02 20:57:33.252 220 You will be disconnected after 15 minutes of inactivity.
> 2026-06-02 20:57:33.252 USER julianshur@junkyardpro.com
< 2026-06-02 20:57:33.330 331 User julianshur@junkyardpro.com OK. Password required
> 2026-06-02 20:57:33.330 PASS **********
< 2026-06-02 20:57:37.794 530 Login authentication failed
. 2026-06-02 20:57:37.794 Connection failed.
. 2026-06-02 20:57:37.794 Got reply 3004 to the command 1
< 2026-06-02 20:57:37.803 Script: Access denied.
. 2026-06-02 20:57:37.804 Password prompt (last login attempt failed)
< 2026-06-02 20:57:37.815 Script: Authentication failed.
. 2026-06-02 20:58:11.761 --------------------------------------------------------------------------
. 2026-06-02 20:58:11.761 WinSCP Version 6.5.6 (Build 16502 2026-03-25) (OS 10.0.19045 – Windows 10 Pro)
. 2026-06-02 20:58:11.761 Configuration: HKCU\Software\Martin Prikryl\WinSCP 2\
. 2026-06-02 20:58:11.761 Log level: Debug 1
. 2026-06-02 20:58:11.761 Local account: DESKTOP-D919AF9\Julian
. 2026-06-02 20:58:11.761 Working directory: C:\Users\Julian\Documents\git\junkyard_pro
. 2026-06-02 20:58:11.761 Process ID: 16116
. 2026-06-02 20:58:11.768 Ancestor processes: WinSCP, cmd, explorer, ...
. 2026-06-02 20:58:11.768 Command-line: "C:\Program Files (x86)\WinSCP\WinSCP.exe" /console=6.5.6 /consoleinstance=_11012_958 "/log=deploy.log" "/loglevel=1" "/command" "open ftp://julianshur%40junkyardpro.com:***@ftp.junkyardpro.com/ -passive=on" "option batch on" "option confirm off" "lcd C:\Users\Julian\Documents\git\junkyard_pro" "cd /public_html" "put server.js /home/byoq1zt2rc5qg23e/public_html" "put package.json /home/byoq1zt2rc5qg23e/public_html" "put public/index.html /home/byoq1zt2rc5qg23e/public_html" "exit"
. 2026-06-02 20:58:11.768 Switch:    /console=6.5.6
. 2026-06-02 20:58:11.768 Switch:    /consoleinstance=_11012_958
. 2026-06-02 20:58:11.768 Switch:    /log=deploy.log
. 2026-06-02 20:58:11.768 Switch:    /loglevel=1
. 2026-06-02 20:58:11.768 Switch:    /command
. 2026-06-02 20:58:11.768 Parameter: open ftp://julianshur%40junkyardpro.com:b1n6b0n6@ftp.junkyardpro.com/ -passive=on
. 2026-06-02 20:58:11.768 Parameter: option batch on
. 2026-06-02 20:58:11.768 Parameter: option confirm off
. 2026-06-02 20:58:11.768 Parameter: lcd C:\Users\Julian\Documents\git\junkyard_pro
. 2026-06-02 20:58:11.768 Parameter: cd /public_html
. 2026-06-02 20:58:11.768 Parameter: put server.js /home/byoq1zt2rc5qg23e/public_html
. 2026-06-02 20:58:11.768 Parameter: put package.json /home/byoq1zt2rc5qg23e/public_html
. 2026-06-02 20:58:11.768 Parameter: put public/index.html /home/byoq1zt2rc5qg23e/public_html
. 2026-06-02 20:58:11.768 Parameter: exit
. 2026-06-02 20:58:11.768 Time zone: Current: GMT-7, Standard: GMT-8 (Pacific Standard Time), DST: GMT-7 (Pacific Daylight Time), DST Start: 3/8/2026, DST End: 11/1/2026
. 2026-06-02 20:58:11.768 Login time: Tuesday, June 2, 2026 8:58:11 PM
. 2026-06-02 20:58:11.768 --------------------------------------------------------------------------
. 2026-06-02 20:58:11.768 Script: Retrospectively logging previous script records:
> 2026-06-02 20:58:11.768 Script: open ftp://julianshur%40junkyardpro.com:***@ftp.junkyardpro.com/ -passive=on
> 2026-06-02 20:58:11.768 Script: Parameter: ftp://julianshur%40junkyardpro.com:***@ftp.junkyardpro.com/
> 2026-06-02 20:58:11.768 Script: Switch:    -passive=on
. 2026-06-02 20:58:11.768 --------------------------------------------------------------------------
. 2026-06-02 20:58:11.768 Session name: julianshur@junkyardpro.com@ftp.junkyardpro.com (Ad-Hoc site)
. 2026-06-02 20:58:11.768 Host name: ftp.junkyardpro.com (Port: 21)
. 2026-06-02 20:58:11.768 User name: julianshur@junkyardpro.com (Password: Yes, Key file: No, Passphrase: No)
. 2026-06-02 20:58:11.768 Transfer Protocol: FTP
. 2026-06-02 20:58:11.768 Ping type: Dummy, Ping interval: 30 sec; Timeout: 15 sec
. 2026-06-02 20:58:11.768 Disable Nagle: No
. 2026-06-02 20:58:11.768 Proxy: None
. 2026-06-02 20:58:11.768 Send buffer: 262144
. 2026-06-02 20:58:11.768 UTF: Auto
. 2026-06-02 20:58:11.768 FTPS: None [Client certificate: No]
. 2026-06-02 20:58:11.768 FTP: Passive: Yes [Force IP: Auto]; MLSD: Auto [List all: Auto]; HOST: Auto
. 2026-06-02 20:58:11.768 Local directory: default, Remote directory: home, Update: Yes, Cache: Yes
. 2026-06-02 20:58:11.768 Cache directory changes: Yes, Permanent: Yes
. 2026-06-02 20:58:11.768 Recycle bin: Delete to: No, Overwritten to: No, Bin path: 
. 2026-06-02 20:58:11.768 Timezone offset: 0h 0m
. 2026-06-02 20:58:11.768 --------------------------------------------------------------------------
< 2026-06-02 20:58:11.795 Script: Connecting to ftp.junkyardpro.com ...
. 2026-06-02 20:58:11.795 Connecting to ftp.junkyardpro.com ...
. 2026-06-02 20:58:11.883 Connected with ftp.junkyardpro.com. Waiting for welcome message...
< 2026-06-02 20:58:11.969 220---------- Welcome to Pure-FTPd [privsep] [TLS] ----------
< 2026-06-02 20:58:11.969 220-You are user number 1 of 50 allowed.
< 2026-06-02 20:58:11.969 220-Local time is now 20:58. Server port: 21.
< 2026-06-02 20:58:11.969 220-This is a private system - No anonymous login
< 2026-06-02 20:58:11.969 220-IPv6 connections are also welcome on this server.
< 2026-06-02 20:58:11.969 220 You will be disconnected after 15 minutes of inactivity.
> 2026-06-02 20:58:11.969 USER julianshur@junkyardpro.com
< 2026-06-02 20:58:12.052 331 User julianshur@junkyardpro.com OK. Password required
> 2026-06-02 20:58:12.052 PASS ********
< 2026-06-02 20:58:17.654 530 Login authentication failed
. 2026-06-02 20:58:17.654 Connection failed.
. 2026-06-02 20:58:17.654 Got reply 3004 to the command 1
< 2026-06-02 20:58:17.663 Script: Access denied.
. 2026-06-02 20:58:17.663 Password prompt (last login attempt failed)
< 2026-06-02 20:58:17.671 Script: Authentication failed.
. 2026-06-02 20:58:35.340 --------------------------------------------------------------------------
. 2026-06-02 20:58:35.340 WinSCP Version 6.5.6 (Build 16502 2026-03-25) (OS 10.0.19045 – Windows 10 Pro)
. 2026-06-02 20:58:35.340 Configuration: HKCU\Software\Martin Prikryl\WinSCP 2\
. 2026-06-02 20:58:35.340 Log level: Debug 1
. 2026-06-02 20:58:35.340 Local account: DESKTOP-D919AF9\Julian
. 2026-06-02 20:58:35.340 Working directory: C:\Users\Julian\Documents\git\junkyard_pro
. 2026-06-02 20:58:35.340 Process ID: 12888
. 2026-06-02 20:58:35.352 Ancestor processes: WinSCP, cmd, explorer, ...
. 2026-06-02 20:58:35.353 Command-line: "C:\Program Files (x86)\WinSCP\WinSCP.exe" /console=6.5.6 /consoleinstance=_17436_217 "/log=deploy.log" "/loglevel=1" "/command" "open ftp://julianshur%40junkyardpro.com:***@ftp.junkyardpro.com/ -passive=on" "option batch on" "option confirm off" "lcd C:\Users\Julian\Documents\git\junkyard_pro" "cd /public_html" "put server.js /home/byoq1zt2rc5qg23e/public_html" "put package.json /home/byoq1zt2rc5qg23e/public_html" "put public/index.html /home/byoq1zt2rc5qg23e/public_html" "exit"
. 2026-06-02 20:58:35.353 Switch:    /console=6.5.6
. 2026-06-02 20:58:35.353 Switch:    /consoleinstance=_17436_217
. 2026-06-02 20:58:35.353 Switch:    /log=deploy.log
. 2026-06-02 20:58:35.353 Switch:    /loglevel=1
. 2026-06-02 20:58:35.353 Switch:    /command
. 2026-06-02 20:58:35.353 Parameter: open ftp://julianshur%40junkyardpro.com:b1n6b0n61!@ftp.junkyardpro.com/ -passive=on
. 2026-06-02 20:58:35.353 Parameter: option batch on
. 2026-06-02 20:58:35.353 Parameter: option confirm off
. 2026-06-02 20:58:35.353 Parameter: lcd C:\Users\Julian\Documents\git\junkyard_pro
. 2026-06-02 20:58:35.353 Parameter: cd /public_html
. 2026-06-02 20:58:35.353 Parameter: put server.js /home/byoq1zt2rc5qg23e/public_html
. 2026-06-02 20:58:35.353 Parameter: put package.json /home/byoq1zt2rc5qg23e/public_html
. 2026-06-02 20:58:35.353 Parameter: put public/index.html /home/byoq1zt2rc5qg23e/public_html
. 2026-06-02 20:58:35.353 Parameter: exit
. 2026-06-02 20:58:35.353 Time zone: Current: GMT-7, Standard: GMT-8 (Pacific Standard Time), DST: GMT-7 (Pacific Daylight Time), DST Start: 3/8/2026, DST End: 11/1/2026
. 2026-06-02 20:58:35.353 Login time: Tuesday, June 2, 2026 8:58:35 PM
. 2026-06-02 20:58:35.353 --------------------------------------------------------------------------
. 2026-06-02 20:58:35.353 Script: Retrospectively logging previous script records:
> 2026-06-02 20:58:35.353 Script: open ftp://julianshur%40junkyardpro.com:***@ftp.junkyardpro.com/ -passive=on
> 2026-06-02 20:58:35.353 Script: Parameter: ftp://julianshur%40junkyardpro.com:***@ftp.junkyardpro.com/
> 2026-06-02 20:58:35.353 Script: Switch:    -passive=on
. 2026-06-02 20:58:35.353 --------------------------------------------------------------------------
. 2026-06-02 20:58:35.353 Session name: julianshur@junkyardpro.com@ftp.junkyardpro.com (Ad-Hoc site)
. 2026-06-02 20:58:35.353 Host name: ftp.junkyardpro.com (Port: 21)
. 2026-06-02 20:58:35.353 User name: julianshur@junkyardpro.com (Password: Yes, Key file: No, Passphrase: No)
. 2026-06-02 20:58:35.353 Transfer Protocol: FTP
. 2026-06-02 20:58:35.353 Ping type: Dummy, Ping interval: 30 sec; Timeout: 15 sec
. 2026-06-02 20:58:35.353 Disable Nagle: No
. 2026-06-02 20:58:35.353 Proxy: None
. 2026-06-02 20:58:35.353 Send buffer: 262144
. 2026-06-02 20:58:35.353 UTF: Auto
. 2026-06-02 20:58:35.353 FTPS: None [Client certificate: No]
. 2026-06-02 20:58:35.353 FTP: Passive: Yes [Force IP: Auto]; MLSD: Auto [List all: Auto]; HOST: Auto
. 2026-06-02 20:58:35.353 Local directory: default, Remote directory: home, Update: Yes, Cache: Yes
. 2026-06-02 20:58:35.353 Cache directory changes: Yes, Permanent: Yes
. 2026-06-02 20:58:35.353 Recycle bin: Delete to: No, Overwritten to: No, Bin path: 
. 2026-06-02 20:58:35.353 Timezone offset: 0h 0m
. 2026-06-02 20:58:35.353 --------------------------------------------------------------------------
< 2026-06-02 20:58:35.380 Script: Connecting to ftp.junkyardpro.com ...
. 2026-06-02 20:58:35.380 Connecting to ftp.junkyardpro.com ...
. 2026-06-02 20:58:35.469 Connected with ftp.junkyardpro.com. Waiting for welcome message...
< 2026-06-02 20:58:35.552 220---------- Welcome to Pure-FTPd [privsep] [TLS] ----------
< 2026-06-02 20:58:35.552 220-You are user number 1 of 50 allowed.
< 2026-06-02 20:58:35.552 220-Local time is now 20:58. Server port: 21.
< 2026-06-02 20:58:35.552 220-This is a private system - No anonymous login
< 2026-06-02 20:58:35.552 220-IPv6 connections are also welcome on this server.
< 2026-06-02 20:58:35.552 220 You will be disconnected after 15 minutes of inactivity.
> 2026-06-02 20:58:35.552 USER julianshur@junkyardpro.com
< 2026-06-02 20:58:35.635 331 User julianshur@junkyardpro.com OK. Password required
> 2026-06-02 20:58:35.635 PASS **********
< 2026-06-02 20:58:38.953 530 Login authentication failed
. 2026-06-02 20:58:38.953 Connection failed.
. 2026-06-02 20:58:38.953 Got reply 3004 to the command 1
< 2026-06-02 20:58:38.960 Script: Access denied.
. 2026-06-02 20:58:38.960 Password prompt (last login attempt failed)
< 2026-06-02 20:58:38.966 Script: Authentication failed.
. 2026-06-02 20:59:31.029 --------------------------------------------------------------------------
. 2026-06-02 20:59:31.029 WinSCP Version 6.5.6 (Build 16502 2026-03-25) (OS 10.0.19045 – Windows 10 Pro)
. 2026-06-02 20:59:31.029 Configuration: HKCU\Software\Martin Prikryl\WinSCP 2\
. 2026-06-02 20:59:31.030 Log level: Debug 1
. 2026-06-02 20:59:31.030 Local account: DESKTOP-D919AF9\Julian
. 2026-06-02 20:59:31.030 Working directory: C:\Users\Julian\Documents\git\junkyard_pro
. 2026-06-02 20:59:31.030 Process ID: 13468
. 2026-06-02 20:59:31.038 Ancestor processes: WinSCP, cmd, explorer, ...
. 2026-06-02 20:59:31.039 Command-line: "C:\Program Files (x86)\WinSCP\WinSCP.exe" /console=6.5.6 /consoleinstance=_7804_230 "/log=deploy.log" "/loglevel=1" "/command" "open ftp://julianshur%40junkyardpro.com:***@ftp.junkyardpro.com/ -passive=on" "option batch on" "option confirm off" "lcd C:\Users\Julian\Documents\git\junkyard_pro" "cd /public_html" "put server.js /home/byoq1zt2rc5qg23e/public_html" "put package.json /home/byoq1zt2rc5qg23e/public_html" "put public/index.html /home/byoq1zt2rc5qg23e/public_html" "exit"
. 2026-06-02 20:59:31.073 Switch:    /console=6.5.6
. 2026-06-02 20:59:31.073 Switch:    /consoleinstance=_7804_230
. 2026-06-02 20:59:31.073 Switch:    /log=deploy.log
. 2026-06-02 20:59:31.073 Switch:    /loglevel=1
. 2026-06-02 20:59:31.073 Switch:    /command
. 2026-06-02 20:59:31.073 Parameter: open ftp://julianshur%40junkyardpro.com:b1n6b0n61!@ftp.junkyardpro.com/ -passive=on
. 2026-06-02 20:59:31.073 Parameter: option batch on
. 2026-06-02 20:59:31.073 Parameter: option confirm off
. 2026-06-02 20:59:31.073 Parameter: lcd C:\Users\Julian\Documents\git\junkyard_pro
. 2026-06-02 20:59:31.073 Parameter: cd /public_html
. 2026-06-02 20:59:31.073 Parameter: put server.js /home/byoq1zt2rc5qg23e/public_html
. 2026-06-02 20:59:31.073 Parameter: put package.json /home/byoq1zt2rc5qg23e/public_html
. 2026-06-02 20:59:31.073 Parameter: put public/index.html /home/byoq1zt2rc5qg23e/public_html
. 2026-06-02 20:59:31.073 Parameter: exit
. 2026-06-02 20:59:31.073 Time zone: Current: GMT-7, Standard: GMT-8 (Pacific Standard Time), DST: GMT-7 (Pacific Daylight Time), DST Start: 3/8/2026, DST End: 11/1/2026
. 2026-06-02 20:59:31.073 Login time: Tuesday, June 2, 2026 8:59:31 PM
. 2026-06-02 20:59:31.073 --------------------------------------------------------------------------
. 2026-06-02 20:59:31.073 Script: Retrospectively logging previous script records:
> 2026-06-02 20:59:31.106 Script: open ftp://julianshur%40junkyardpro.com:***@ftp.junkyardpro.com/ -passive=on
> 2026-06-02 20:59:31.106 Script: Parameter: ftp://julianshur%40junkyardpro.com:***@ftp.junkyardpro.com/
> 2026-06-02 20:59:31.106 Script: Switch:    -passive=on
. 2026-06-02 20:59:31.106 --------------------------------------------------------------------------
. 2026-06-02 20:59:31.106 Session name: julianshur@junkyardpro.com@ftp.junkyardpro.com (Ad-Hoc site)
. 2026-06-02 20:59:31.106 Host name: ftp.junkyardpro.com (Port: 21)
. 2026-06-02 20:59:31.106 User name: julianshur@junkyardpro.com (Password: Yes, Key file: No, Passphrase: No)
. 2026-06-02 20:59:31.106 Transfer Protocol: FTP
. 2026-06-02 20:59:31.106 Ping type: Dummy, Ping interval: 30 sec; Timeout: 15 sec
. 2026-06-02 20:59:31.106 Disable Nagle: No
. 2026-06-02 20:59:31.106 Proxy: None
. 2026-06-02 20:59:31.106 Send buffer: 262144
. 2026-06-02 20:59:31.106 UTF: Auto
. 2026-06-02 20:59:31.106 FTPS: None [Client certificate: No]
. 2026-06-02 20:59:31.106 FTP: Passive: Yes [Force IP: Auto]; MLSD: Auto [List all: Auto]; HOST: Auto
. 2026-06-02 20:59:31.106 Local directory: default, Remote directory: home, Update: Yes, Cache: Yes
. 2026-06-02 20:59:31.107 Cache directory changes: Yes, Permanent: Yes
. 2026-06-02 20:59:31.149 Recycle bin: Delete to: No, Overwritten to: No, Bin path: 
. 2026-06-02 20:59:31.149 Timezone offset: 0h 0m
. 2026-06-02 20:59:31.149 --------------------------------------------------------------------------
< 2026-06-02 20:59:31.175 Script: Connecting to ftp.junkyardpro.com ...
. 2026-06-02 20:59:31.200 Connecting to ftp.junkyardpro.com ...
. 2026-06-02 20:59:31.360 Connected with ftp.junkyardpro.com. Waiting for welcome message...
< 2026-06-02 20:59:31.441 220---------- Welcome to Pure-FTPd [privsep] [TLS] ----------
< 2026-06-02 20:59:31.458 220-You are user number 1 of 50 allowed.
< 2026-06-02 20:59:31.458 220-Local time is now 20:59. Server port: 21.
< 2026-06-02 20:59:31.458 220-This is a private system - No anonymous login
< 2026-06-02 20:59:31.458 220-IPv6 connections are also welcome on this server.
< 2026-06-02 20:59:31.458 220 You will be disconnected after 15 minutes of inactivity.
> 2026-06-02 20:59:31.458 USER julianshur@junkyardpro.com
< 2026-06-02 20:59:31.519 331 User julianshur@junkyardpro.com OK. Password required
> 2026-06-02 20:59:31.535 PASS **********
< 2026-06-02 20:59:31.638 230 OK. Current restricted directory is /
> 2026-06-02 20:59:31.638 SYST
< 2026-06-02 20:59:31.717 215 UNIX Type: L8
> 2026-06-02 20:59:31.717 FEAT
< 2026-06-02 20:59:31.797 211-Extensions supported:
< 2026-06-02 20:59:31.797  UTF8
< 2026-06-02 20:59:31.798  EPRT
< 2026-06-02 20:59:31.798  IDLE
< 2026-06-02 20:59:31.798  MDTM
< 2026-06-02 20:59:31.798  SIZE
< 2026-06-02 20:59:31.798  MFMT
< 2026-06-02 20:59:31.798  REST STREAM
< 2026-06-02 20:59:31.798  MLST type*;size*;sizd*;modify*;UNIX.mode*;UNIX.uid*;UNIX.gid*;unique*;
< 2026-06-02 20:59:31.798  MLSD
< 2026-06-02 20:59:31.799  PRET
< 2026-06-02 20:59:31.799  AUTH TLS
< 2026-06-02 20:59:31.799  PBSZ
< 2026-06-02 20:59:31.799  PROT
< 2026-06-02 20:59:31.799  TVFS
< 2026-06-02 20:59:31.800  ESTA
< 2026-06-02 20:59:31.800  PASV
< 2026-06-02 20:59:31.800  EPSV
< 2026-06-02 20:59:31.800 211 End.
> 2026-06-02 20:59:31.800 OPTS UTF8 ON
< 2026-06-02 20:59:31.878 504 Unknown command
< 2026-06-02 20:59:31.879 Script: Connected
. 2026-06-02 20:59:31.879 Connected
. 2026-06-02 20:59:31.880 Got reply 1 to the command 1
. 2026-06-02 20:59:31.880 --------------------------------------------------------------------------
. 2026-06-02 20:59:31.880 Using FTP protocol.
. 2026-06-02 20:59:31.881 Doing startup conversation with host.
< 2026-06-02 20:59:31.881 Script: Starting the session...
> 2026-06-02 20:59:31.882 PWD
< 2026-06-02 20:59:31.958 257 "/" is your current location
. 2026-06-02 20:59:31.958 Got reply 1 to the command 16
. 2026-06-02 20:59:31.958 Getting current directory name.
. 2026-06-02 20:59:31.958 Startup conversation with host finished.
< 2026-06-02 20:59:31.958 Script: Session started.
< 2026-06-02 20:59:31.959 Script: Active session: [1] julianshur@junkyardpro.com@ftp.junkyardpro.com
. 2026-06-02 20:59:31.959 Session upkeep
> 2026-06-02 20:59:31.960 Script: option batch on
> 2026-06-02 20:59:31.960 Script: Parameter: batch
> 2026-06-02 20:59:31.960 Script: Parameter: on
< 2026-06-02 20:59:31.961 Script: batch           on        
. 2026-06-02 20:59:31.961 Session upkeep
> 2026-06-02 20:59:31.961 Script: option confirm off
> 2026-06-02 20:59:31.961 Script: Parameter: confirm
> 2026-06-02 20:59:31.962 Script: Parameter: off
< 2026-06-02 20:59:31.962 Script: confirm         off       
. 2026-06-02 20:59:31.963 Session upkeep
> 2026-06-02 20:59:31.963 Script: lcd C:\Users\Julian\Documents\git\junkyard_pro
> 2026-06-02 20:59:31.963 Script: Parameter: C:\Users\Julian\Documents\git\junkyard_pro
< 2026-06-02 20:59:31.963 Script: C:\Users\Julian\Documents\git\junkyard_pro
. 2026-06-02 20:59:31.964 Session upkeep
> 2026-06-02 20:59:31.964 Script: cd /public_html
> 2026-06-02 20:59:31.964 Script: Parameter: /public_html
. 2026-06-02 20:59:31.964 Changing directory to "/public_html".
> 2026-06-02 20:59:31.964 CWD /public_html
< 2026-06-02 20:59:32.046 550 Can't change directory to /public_html: No such file or directory
. 2026-06-02 20:59:32.046 Got reply 4 to the command 16
* 2026-06-02 20:59:32.053 (ECommand) Error changing directory to '/public_html'.
* 2026-06-02 20:59:32.053 Can't change directory to /public_html: No such file or directory
< 2026-06-02 20:59:32.053 Script: Error changing directory to '/public_html'.
< 2026-06-02 20:59:32.053 Can't change directory to /public_html: No such file or directory
< 2026-06-02 20:59:32.054 Script: /
. 2026-06-02 20:59:32.055 Script: Failed
. 2026-06-02 20:59:32.100 Session upkeep
> 2026-06-02 20:59:32.100 Script: put server.js /home/byoq1zt2rc5qg23e/public_html
> 2026-06-02 20:59:32.100 Script: Parameter: server.js
> 2026-06-02 20:59:32.100 Script: Parameter: /home/byoq1zt2rc5qg23e/public_html
. 2026-06-02 20:59:32.101 Size of 1 local files/folders calculated as 24332
. 2026-06-02 20:59:32.109 Copying 1 files/directories to remote directory "/home/byoq1zt2rc5qg23e/" - total size: 24,332
. 2026-06-02 20:59:32.109   PrTime: Yes; PrRO: No; Rght: rw-r--r--; PrR: No (No); FnCs: N; RIC: 0001; Resume: S (102400); CalcS: No; Mask: public_html
. 2026-06-02 20:59:32.110   TM: B; ClAr: No; RemEOF: No; RemBOM: No; CPS: 0; NewerOnly: No; EncryptNewFiles: Yes; ExcludeHiddenFiles: No; ExcludeEmptyDirectories: No; InclM: ; ResumeL: 0
. 2026-06-02 20:59:32.110   AscM: *.*html; *.htm; *.txt; *.php; *.php3; *.cgi; *.c; *.cpp; *.h; *.pas; *.bas; *.tex; *.pl; *.js; .htaccess; *.xtml; *.css; *.cfg; *.ini; *.sh; *.xml
. 2026-06-02 20:59:32.112 File: 'server.js' [2026-06-03T03:42:38.551Z] [24332]
. 2026-06-02 20:59:32.148 Copying "server.js" to remote directory started.
. 2026-06-02 20:59:32.148 Binary transfer mode selected.
. 2026-06-02 20:59:32.148 Starting upload of C:\Users\Julian\Documents\git\junkyard_pro\server.js
> 2026-06-02 20:59:32.149 CWD /home/byoq1zt2rc5qg23e
< 2026-06-02 20:59:32.329 550 Can't change directory to /home/byoq1zt2rc5qg23e: No such file or directory
> 2026-06-02 20:59:32.329 CWD /home
< 2026-06-02 20:59:32.607 550 Can't change directory to /home: No such file or directory
> 2026-06-02 20:59:32.607 CWD /
< 2026-06-02 20:59:32.696 250 OK. Current directory is /
> 2026-06-02 20:59:32.709 MKD home
< 2026-06-02 20:59:32.774 257 "home" : The directory was successfully created
> 2026-06-02 20:59:32.774 CWD /home
< 2026-06-02 20:59:32.848 250 OK. Current directory is /home
> 2026-06-02 20:59:32.848 MKD byoq1zt2rc5qg23e
< 2026-06-02 20:59:32.926 257 "byoq1zt2rc5qg23e" : The directory was successfully created
> 2026-06-02 20:59:32.926 CWD /home/byoq1zt2rc5qg23e
< 2026-06-02 20:59:33.000 250 OK. Current directory is /home/byoq1zt2rc5qg23e
> 2026-06-02 20:59:33.000 PWD
< 2026-06-02 20:59:33.078 257 "/home/byoq1zt2rc5qg23e" is your current location
> 2026-06-02 20:59:33.079 TYPE I
< 2026-06-02 20:59:33.159 200 TYPE is now 8-bit binary
> 2026-06-02 20:59:33.183 PASV
< 2026-06-02 20:59:33.237 227 Entering Passive Mode (40,90,253,12,209,77)
> 2026-06-02 20:59:33.239 STOR public_html
. 2026-06-02 20:59:33.239 Connecting to 40.90.253.12:53581 ...
< 2026-06-02 20:59:33.413 150 Accepted data connection
. 2026-06-02 20:59:33.413 Transfer progress: Transferred: 0, Left: 0:00:00, CPS: 0/s
< 2026-06-02 20:59:33.612 226-File successfully transferred
< 2026-06-02 20:59:33.612 226 0.200 seconds (measured here), 118.85 Kbytes per second
> 2026-06-02 20:59:33.613 MFMT 20260603034238 public_html
< 2026-06-02 20:59:33.692 213 UTIME OK
. 2026-06-02 20:59:33.709 Upload successful
. 2026-06-02 20:59:33.710 Got reply 1 to the command 4
. 2026-06-02 20:59:33.712 Transfer done: 'server.js' => '/home/byoq1zt2rc5qg23e/public_html' [24332]
. 2026-06-02 20:59:33.732 Copying finished: Transferred: 24,332, Elapsed: 0:00:01, CPS: 14,991/s
. 2026-06-02 20:59:33.733 Session upkeep
> 2026-06-02 20:59:33.733 Script: put package.json /home/byoq1zt2rc5qg23e/public_html
> 2026-06-02 20:59:33.734 Script: Parameter: package.json
> 2026-06-02 20:59:33.734 Script: Parameter: /home/byoq1zt2rc5qg23e/public_html
. 2026-06-02 20:59:33.735 Size of 1 local files/folders calculated as 341
. 2026-06-02 20:59:33.763 Copying 1 files/directories to remote directory "/home/byoq1zt2rc5qg23e/" - total size: 341
. 2026-06-02 20:59:33.763   PrTime: Yes; PrRO: No; Rght: rw-r--r--; PrR: No (No); FnCs: N; RIC: 0001; Resume: S (102400); CalcS: No; Mask: public_html
. 2026-06-02 20:59:33.766   TM: B; ClAr: No; RemEOF: No; RemBOM: No; CPS: 0; NewerOnly: No; EncryptNewFiles: Yes; ExcludeHiddenFiles: No; ExcludeEmptyDirectories: No; InclM: ; ResumeL: 0
. 2026-06-02 20:59:33.766   AscM: *.*html; *.htm; *.txt; *.php; *.php3; *.cgi; *.c; *.cpp; *.h; *.pas; *.bas; *.tex; *.pl; *.js; .htaccess; *.xtml; *.css; *.cfg; *.ini; *.sh; *.xml
. 2026-06-02 20:59:33.767 File: 'package.json' [2026-06-02T03:39:32.543Z] [341]
. 2026-06-02 20:59:33.768 Copying "package.json" to remote directory started.
. 2026-06-02 20:59:33.799 Binary transfer mode selected.
. 2026-06-02 20:59:33.799 Starting upload of C:\Users\Julian\Documents\git\junkyard_pro\package.json
> 2026-06-02 20:59:33.800 TYPE I
< 2026-06-02 20:59:33.887 200 TYPE is now 8-bit binary
> 2026-06-02 20:59:33.887 PASV
< 2026-06-02 20:59:33.964 227 Entering Passive Mode (40,90,253,12,250,251)
> 2026-06-02 20:59:33.964 STOR public_html
. 2026-06-02 20:59:33.964 Connecting to 40.90.253.12:64251 ...
< 2026-06-02 20:59:34.127 150 Accepted data connection
< 2026-06-02 20:59:34.208 226-File successfully transferred
< 2026-06-02 20:59:34.208 226 0.081 seconds (measured here), 4.09 Kbytes per second
> 2026-06-02 20:59:34.208 MFMT 20260602033932 public_html
< 2026-06-02 20:59:34.287 213 UTIME OK
. 2026-06-02 20:59:34.304 Upload successful
. 2026-06-02 20:59:34.304 Got reply 1 to the command 4
. 2026-06-02 20:59:34.305 Transfer done: 'package.json' => '/home/byoq1zt2rc5qg23e/public_html' [341]
. 2026-06-02 20:59:34.305 Copying finished: Transferred: 341, Elapsed: 0:00:00, CPS: 629/s
. 2026-06-02 20:59:34.305 Session upkeep
> 2026-06-02 20:59:34.306 Script: put public/index.html /home/byoq1zt2rc5qg23e/public_html
> 2026-06-02 20:59:34.338 Script: Parameter: public/index.html
> 2026-06-02 20:59:34.339 Script: Parameter: /home/byoq1zt2rc5qg23e/public_html
. 2026-06-02 20:59:34.340 Size of 1 local files/folders calculated as 0
. 2026-06-02 20:59:34.373 Copying 1 files/directories to remote directory "/home/byoq1zt2rc5qg23e/" - total size: 0
. 2026-06-02 20:59:34.373   PrTime: Yes; PrRO: No; Rght: rw-r--r--; PrR: No (No); FnCs: N; RIC: 0001; Resume: S (102400); CalcS: No; Mask: public_html
. 2026-06-02 20:59:34.373   TM: B; ClAr: No; RemEOF: No; RemBOM: No; CPS: 0; NewerOnly: No; EncryptNewFiles: Yes; ExcludeHiddenFiles: No; ExcludeEmptyDirectories: No; InclM: ; ResumeL: 0
. 2026-06-02 20:59:34.374   AscM: *.*html; *.htm; *.txt; *.php; *.php3; *.cgi; *.c; *.cpp; *.h; *.pas; *.bas; *.tex; *.pl; *.js; .htaccess; *.xtml; *.css; *.cfg; *.ini; *.sh; *.xml
. 2026-06-02 20:59:34.375 File: 'index.html' [2026-06-02T04:02:48.842Z] [3196]
* 2026-06-02 20:59:34.414 (EOSError) System Error.  Code: 2.
* 2026-06-02 20:59:34.415 The system cannot find the file specified
. 2026-06-02 20:59:34.415 Asking user:
. 2026-06-02 20:59:34.415 File or folder 'index.html' does not exist. ("System Error.  Code: 2.
. 2026-06-02 20:59:34.415 The system cannot find the file specified")
< 2026-06-02 20:59:34.415 Script: File or folder 'index.html' does not exist.
< 2026-06-02 20:59:34.415 Script: System Error.  Code: 2.
< 2026-06-02 20:59:34.442 The system cannot find the file specified
. 2026-06-02 20:59:34.444 Answer: Abort
* 2026-06-02 20:59:34.484 (ESkipFile) File or folder 'index.html' does not exist.
* 2026-06-02 20:59:34.484 System Error.  Code: 2.
* 2026-06-02 20:59:34.484 The system cannot find the file specified
. 2026-06-02 20:59:34.484 Copying finished: Transferred: 0, Elapsed: 0:00:00, CPS: 0/s
. 2026-06-02 20:59:34.484 Script: Failed
. 2026-06-02 20:59:34.484 Session upkeep
> 2026-06-02 20:59:34.484 Script: exit
. 2026-06-02 20:59:34.484 Session upkeep
. 2026-06-02 20:59:34.484 Script: Exit code: 1
. 2026-06-02 20:59:34.485 Script: Max roundtrip: 0
. 2026-06-02 20:59:34.486 Got reply 1004 to the command 4
. 2026-06-02 20:59:34.512 Disconnected from server
. 2026-06-02 21:01:55.847 --------------------------------------------------------------------------
. 2026-06-02 21:01:55.847 WinSCP Version 6.5.6 (Build 16502 2026-03-25) (OS 10.0.19045 – Windows 10 Pro)
. 2026-06-02 21:01:55.847 Configuration: HKCU\Software\Martin Prikryl\WinSCP 2\
. 2026-06-02 21:01:55.848 Log level: Debug 1
. 2026-06-02 21:01:55.848 Local account: DESKTOP-D919AF9\Julian
. 2026-06-02 21:01:55.848 Working directory: C:\Users\Julian\Documents\git\junkyard_pro
. 2026-06-02 21:01:55.848 Process ID: 14156
. 2026-06-02 21:01:55.857 Ancestor processes: WinSCP, cmd, explorer, ...
. 2026-06-02 21:01:55.858 Command-line: "C:\Program Files (x86)\WinSCP\WinSCP.exe" /console=6.5.6 /consoleinstance=_9436_240 "/log=deploy.log" "/loglevel=1" "/command" "open ftp://julianshur%40junkyardpro.com:***@ftp.junkyardpro.com/ -passive=on" "option batch on" "option confirm off" "lcd C:\Users\Julian\Documents\git\junkyard_pro" "cd /public_html" "put server.js /home/byoq1zt2rc5qg23e/public_html" "put package.json /home/byoq1zt2rc5qg23e/public_html" "put index.html /home/byoq1zt2rc5qg23e/public_html" "exit"
. 2026-06-02 21:01:55.858 Switch:    /console=6.5.6
. 2026-06-02 21:01:55.858 Switch:    /consoleinstance=_9436_240
. 2026-06-02 21:01:55.858 Switch:    /log=deploy.log
. 2026-06-02 21:01:55.858 Switch:    /loglevel=1
. 2026-06-02 21:01:55.858 Switch:    /command
. 2026-06-02 21:01:55.858 Parameter: open ftp://julianshur%40junkyardpro.com:b1n6b0n61!@ftp.junkyardpro.com/ -passive=on
. 2026-06-02 21:01:55.858 Parameter: option batch on
. 2026-06-02 21:01:55.858 Parameter: option confirm off
. 2026-06-02 21:01:55.858 Parameter: lcd C:\Users\Julian\Documents\git\junkyard_pro
. 2026-06-02 21:01:55.858 Parameter: cd /public_html
. 2026-06-02 21:01:55.858 Parameter: put server.js /home/byoq1zt2rc5qg23e/public_html
. 2026-06-02 21:01:55.858 Parameter: put package.json /home/byoq1zt2rc5qg23e/public_html
. 2026-06-02 21:01:55.858 Parameter: put index.html /home/byoq1zt2rc5qg23e/public_html
. 2026-06-02 21:01:55.858 Parameter: exit
. 2026-06-02 21:01:55.858 Time zone: Current: GMT-7, Standard: GMT-8 (Pacific Standard Time), DST: GMT-7 (Pacific Daylight Time), DST Start: 3/8/2026, DST End: 11/1/2026
. 2026-06-02 21:01:55.858 Login time: Tuesday, June 2, 2026 9:01:55 PM
. 2026-06-02 21:01:55.858 --------------------------------------------------------------------------
. 2026-06-02 21:01:55.858 Script: Retrospectively logging previous script records:
> 2026-06-02 21:01:55.858 Script: open ftp://julianshur%40junkyardpro.com:***@ftp.junkyardpro.com/ -passive=on
> 2026-06-02 21:01:55.858 Script: Parameter: ftp://julianshur%40junkyardpro.com:***@ftp.junkyardpro.com/
> 2026-06-02 21:01:55.858 Script: Switch:    -passive=on
. 2026-06-02 21:01:55.858 --------------------------------------------------------------------------
. 2026-06-02 21:01:55.858 Session name: julianshur@junkyardpro.com@ftp.junkyardpro.com (Ad-Hoc site)
. 2026-06-02 21:01:55.858 Host name: ftp.junkyardpro.com (Port: 21)
. 2026-06-02 21:01:55.858 User name: julianshur@junkyardpro.com (Password: Yes, Key file: No, Passphrase: No)
. 2026-06-02 21:01:55.858 Transfer Protocol: FTP
. 2026-06-02 21:01:55.858 Ping type: Dummy, Ping interval: 30 sec; Timeout: 15 sec
. 2026-06-02 21:01:55.858 Disable Nagle: No
. 2026-06-02 21:01:55.858 Proxy: None
. 2026-06-02 21:01:55.858 Send buffer: 262144
. 2026-06-02 21:01:55.858 UTF: Auto
. 2026-06-02 21:01:55.858 FTPS: None [Client certificate: No]
. 2026-06-02 21:01:55.858 FTP: Passive: Yes [Force IP: Auto]; MLSD: Auto [List all: Auto]; HOST: Auto
. 2026-06-02 21:01:55.858 Local directory: default, Remote directory: home, Update: Yes, Cache: Yes
. 2026-06-02 21:01:55.858 Cache directory changes: Yes, Permanent: Yes
. 2026-06-02 21:01:55.858 Recycle bin: Delete to: No, Overwritten to: No, Bin path: 
. 2026-06-02 21:01:55.858 Timezone offset: 0h 0m
. 2026-06-02 21:01:55.858 --------------------------------------------------------------------------
< 2026-06-02 21:01:55.885 Script: Connecting to ftp.junkyardpro.com ...
. 2026-06-02 21:01:55.885 Connecting to ftp.junkyardpro.com ...
. 2026-06-02 21:01:56.164 Connected with ftp.junkyardpro.com. Waiting for welcome message...
< 2026-06-02 21:01:56.246 220---------- Welcome to Pure-FTPd [privsep] [TLS] ----------
< 2026-06-02 21:01:56.246 220-You are user number 1 of 50 allowed.
< 2026-06-02 21:01:56.246 220-Local time is now 21:01. Server port: 21.
< 2026-06-02 21:01:56.246 220-This is a private system - No anonymous login
< 2026-06-02 21:01:56.246 220-IPv6 connections are also welcome on this server.
< 2026-06-02 21:01:56.268 220 You will be disconnected after 15 minutes of inactivity.
> 2026-06-02 21:01:56.268 USER julianshur@junkyardpro.com
< 2026-06-02 21:01:56.345 331 User julianshur@junkyardpro.com OK. Password required
> 2026-06-02 21:01:56.345 PASS **********
< 2026-06-02 21:01:56.460 230 OK. Current restricted directory is /
> 2026-06-02 21:01:56.460 SYST
< 2026-06-02 21:01:56.538 215 UNIX Type: L8
> 2026-06-02 21:01:56.538 FEAT
< 2026-06-02 21:01:56.616 211-Extensions supported:
< 2026-06-02 21:01:56.616  UTF8
< 2026-06-02 21:01:56.616  EPRT
< 2026-06-02 21:01:56.616  IDLE
< 2026-06-02 21:01:56.616  MDTM
< 2026-06-02 21:01:56.616  SIZE
< 2026-06-02 21:01:56.616  MFMT
< 2026-06-02 21:01:56.616  REST STREAM
< 2026-06-02 21:01:56.616  MLST type*;size*;sizd*;modify*;UNIX.mode*;UNIX.uid*;UNIX.gid*;unique*;
< 2026-06-02 21:01:56.616  MLSD
< 2026-06-02 21:01:56.616  PRET
< 2026-06-02 21:01:56.616  AUTH TLS
< 2026-06-02 21:01:56.616  PBSZ
< 2026-06-02 21:01:56.616  PROT
< 2026-06-02 21:01:56.616  TVFS
< 2026-06-02 21:01:56.616  ESTA
< 2026-06-02 21:01:56.616  PASV
< 2026-06-02 21:01:56.616  EPSV
< 2026-06-02 21:01:56.616 211 End.
> 2026-06-02 21:01:56.616 OPTS UTF8 ON
< 2026-06-02 21:01:56.696 504 Unknown command
< 2026-06-02 21:01:56.696 Script: Connected
. 2026-06-02 21:01:56.697 Connected
. 2026-06-02 21:01:56.697 Got reply 1 to the command 1
. 2026-06-02 21:01:56.697 --------------------------------------------------------------------------
. 2026-06-02 21:01:56.697 Using FTP protocol.
. 2026-06-02 21:01:56.698 Doing startup conversation with host.
< 2026-06-02 21:01:56.698 Script: Starting the session...
> 2026-06-02 21:01:56.699 PWD
< 2026-06-02 21:01:56.778 257 "/" is your current location
. 2026-06-02 21:01:56.778 Got reply 1 to the command 16
. 2026-06-02 21:01:56.778 Getting current directory name.
. 2026-06-02 21:01:56.778 Startup conversation with host finished.
< 2026-06-02 21:01:56.778 Script: Session started.
< 2026-06-02 21:01:56.779 Script: Active session: [1] julianshur@junkyardpro.com@ftp.junkyardpro.com
. 2026-06-02 21:01:56.779 Session upkeep
> 2026-06-02 21:01:56.779 Script: option batch on
> 2026-06-02 21:01:56.779 Script: Parameter: batch
> 2026-06-02 21:01:56.779 Script: Parameter: on
< 2026-06-02 21:01:56.779 Script: batch           on        
. 2026-06-02 21:01:56.780 Session upkeep
> 2026-06-02 21:01:56.780 Script: option confirm off
> 2026-06-02 21:01:56.780 Script: Parameter: confirm
> 2026-06-02 21:01:56.780 Script: Parameter: off
< 2026-06-02 21:01:56.780 Script: confirm         off       
. 2026-06-02 21:01:56.781 Session upkeep
> 2026-06-02 21:01:56.781 Script: lcd C:\Users\Julian\Documents\git\junkyard_pro
> 2026-06-02 21:01:56.781 Script: Parameter: C:\Users\Julian\Documents\git\junkyard_pro
< 2026-06-02 21:01:56.781 Script: C:\Users\Julian\Documents\git\junkyard_pro
. 2026-06-02 21:01:56.781 Session upkeep
> 2026-06-02 21:01:56.782 Script: cd /public_html
> 2026-06-02 21:01:56.782 Script: Parameter: /public_html
. 2026-06-02 21:01:56.782 Changing directory to "/public_html".
> 2026-06-02 21:01:56.782 CWD /public_html
< 2026-06-02 21:01:56.862 550 Can't change directory to /public_html: No such file or directory
. 2026-06-02 21:01:56.862 Got reply 4 to the command 16
* 2026-06-02 21:01:56.869 (ECommand) Error changing directory to '/public_html'.
* 2026-06-02 21:01:56.869 Can't change directory to /public_html: No such file or directory
< 2026-06-02 21:01:56.869 Script: Error changing directory to '/public_html'.
< 2026-06-02 21:01:56.869 Can't change directory to /public_html: No such file or directory
< 2026-06-02 21:01:56.869 Script: /
. 2026-06-02 21:01:56.870 Script: Failed
. 2026-06-02 21:01:56.870 Session upkeep
> 2026-06-02 21:01:56.870 Script: put server.js /home/byoq1zt2rc5qg23e/public_html
> 2026-06-02 21:01:56.870 Script: Parameter: server.js
> 2026-06-02 21:01:56.870 Script: Parameter: /home/byoq1zt2rc5qg23e/public_html
. 2026-06-02 21:01:56.871 Size of 1 local files/folders calculated as 24816
. 2026-06-02 21:01:56.871 Copying 1 files/directories to remote directory "/home/byoq1zt2rc5qg23e/" - total size: 24,816
. 2026-06-02 21:01:56.871   PrTime: Yes; PrRO: No; Rght: rw-r--r--; PrR: No (No); FnCs: N; RIC: 0001; Resume: S (102400); CalcS: No; Mask: public_html
. 2026-06-02 21:01:56.871   TM: B; ClAr: No; RemEOF: No; RemBOM: No; CPS: 0; NewerOnly: No; EncryptNewFiles: Yes; ExcludeHiddenFiles: No; ExcludeEmptyDirectories: No; InclM: ; ResumeL: 0
. 2026-06-02 21:01:56.871   AscM: *.*html; *.htm; *.txt; *.php; *.php3; *.cgi; *.c; *.cpp; *.h; *.pas; *.bas; *.tex; *.pl; *.js; .htaccess; *.xtml; *.css; *.cfg; *.ini; *.sh; *.xml
. 2026-06-02 21:01:56.872 File: 'server.js' [2026-06-03T04:01:11.178Z] [24816]
. 2026-06-02 21:01:56.872 Copying "server.js" to remote directory started.
. 2026-06-02 21:01:56.872 Binary transfer mode selected.
. 2026-06-02 21:01:56.873 Starting upload of C:\Users\Julian\Documents\git\junkyard_pro\server.js
> 2026-06-02 21:01:56.873 CWD /home/byoq1zt2rc5qg23e
< 2026-06-02 21:01:56.958 250 OK. Current directory is /home/byoq1zt2rc5qg23e
> 2026-06-02 21:01:56.959 PWD
< 2026-06-02 21:01:57.042 257 "/home/byoq1zt2rc5qg23e" is your current location
> 2026-06-02 21:01:57.042 TYPE I
< 2026-06-02 21:01:57.117 200 TYPE is now 8-bit binary
> 2026-06-02 21:01:57.117 PASV
< 2026-06-02 21:01:57.193 227 Entering Passive Mode (40,90,253,12,209,42)
> 2026-06-02 21:01:57.194 STOR public_html
. 2026-06-02 21:01:57.194 Connecting to 40.90.253.12:53546 ...
< 2026-06-02 21:01:57.355 150 Accepted data connection
< 2026-06-02 21:01:57.518 226-File successfully transferred
< 2026-06-02 21:01:57.518 226 0.165 seconds (measured here), 147.16 Kbytes per second
> 2026-06-02 21:01:57.518 MFMT 20260603040111 public_html
< 2026-06-02 21:01:57.598 213 UTIME OK
. 2026-06-02 21:01:57.599 Upload successful
. 2026-06-02 21:01:57.599 Got reply 1 to the command 4
. 2026-06-02 21:01:57.600 Transfer done: 'server.js' => '/home/byoq1zt2rc5qg23e/public_html' [24816]
. 2026-06-02 21:01:57.600 Copying finished: Transferred: 24,816, Elapsed: 0:00:00, CPS: 34,041/s
. 2026-06-02 21:01:57.600 Session upkeep
> 2026-06-02 21:01:57.601 Script: put package.json /home/byoq1zt2rc5qg23e/public_html
> 2026-06-02 21:01:57.601 Script: Parameter: package.json
> 2026-06-02 21:01:57.601 Script: Parameter: /home/byoq1zt2rc5qg23e/public_html
. 2026-06-02 21:01:57.602 Size of 1 local files/folders calculated as 341
. 2026-06-02 21:01:57.602 Copying 1 files/directories to remote directory "/home/byoq1zt2rc5qg23e/" - total size: 341
. 2026-06-02 21:01:57.602   PrTime: Yes; PrRO: No; Rght: rw-r--r--; PrR: No (No); FnCs: N; RIC: 0001; Resume: S (102400); CalcS: No; Mask: public_html
. 2026-06-02 21:01:57.602   TM: B; ClAr: No; RemEOF: No; RemBOM: No; CPS: 0; NewerOnly: No; EncryptNewFiles: Yes; ExcludeHiddenFiles: No; ExcludeEmptyDirectories: No; InclM: ; ResumeL: 0
. 2026-06-02 21:01:57.602   AscM: *.*html; *.htm; *.txt; *.php; *.php3; *.cgi; *.c; *.cpp; *.h; *.pas; *.bas; *.tex; *.pl; *.js; .htaccess; *.xtml; *.css; *.cfg; *.ini; *.sh; *.xml
. 2026-06-02 21:01:57.603 File: 'package.json' [2026-06-02T03:39:32.543Z] [341]
. 2026-06-02 21:01:57.604 Copying "package.json" to remote directory started.
. 2026-06-02 21:01:57.604 Binary transfer mode selected.
. 2026-06-02 21:01:57.604 Starting upload of C:\Users\Julian\Documents\git\junkyard_pro\package.json
> 2026-06-02 21:01:57.605 TYPE I
< 2026-06-02 21:01:57.684 200 TYPE is now 8-bit binary
> 2026-06-02 21:01:57.684 PASV
< 2026-06-02 21:01:57.763 227 Entering Passive Mode (40,90,253,12,232,82)
> 2026-06-02 21:01:57.764 STOR public_html
. 2026-06-02 21:01:57.764 Connecting to 40.90.253.12:59474 ...
< 2026-06-02 21:01:57.933 150 Accepted data connection
< 2026-06-02 21:01:58.019 226-File successfully transferred
< 2026-06-02 21:01:58.019 226 0.086 seconds (measured here), 3.86 Kbytes per second
> 2026-06-02 21:01:58.019 MFMT 20260602033932 public_html
< 2026-06-02 21:01:58.096 213 UTIME OK
. 2026-06-02 21:01:58.096 Upload successful
. 2026-06-02 21:01:58.096 Got reply 1 to the command 4
. 2026-06-02 21:01:58.097 Transfer done: 'package.json' => '/home/byoq1zt2rc5qg23e/public_html' [341]
. 2026-06-02 21:01:58.098 Copying finished: Transferred: 341, Elapsed: 0:00:00, CPS: 688/s
. 2026-06-02 21:01:58.098 Session upkeep
> 2026-06-02 21:01:58.099 Script: put index.html /home/byoq1zt2rc5qg23e/public_html
> 2026-06-02 21:01:58.099 Script: Parameter: index.html
> 2026-06-02 21:01:58.099 Script: Parameter: /home/byoq1zt2rc5qg23e/public_html
. 2026-06-02 21:01:58.100 Size of 1 local files/folders calculated as 0
. 2026-06-02 21:01:58.100 Copying 1 files/directories to remote directory "/home/byoq1zt2rc5qg23e/" - total size: 0
. 2026-06-02 21:01:58.100   PrTime: Yes; PrRO: No; Rght: rw-r--r--; PrR: No (No); FnCs: N; RIC: 0001; Resume: S (102400); CalcS: No; Mask: public_html
. 2026-06-02 21:01:58.100   TM: B; ClAr: No; RemEOF: No; RemBOM: No; CPS: 0; NewerOnly: No; EncryptNewFiles: Yes; ExcludeHiddenFiles: No; ExcludeEmptyDirectories: No; InclM: ; ResumeL: 0
. 2026-06-02 21:01:58.100   AscM: *.*html; *.htm; *.txt; *.php; *.php3; *.cgi; *.c; *.cpp; *.h; *.pas; *.bas; *.tex; *.pl; *.js; .htaccess; *.xtml; *.css; *.cfg; *.ini; *.sh; *.xml
* 2026-06-02 21:01:58.116 (EOSError) System Error.  Code: 2.
* 2026-06-02 21:01:58.116 The system cannot find the file specified
. 2026-06-02 21:01:58.116 Asking user:
. 2026-06-02 21:01:58.116 File or folder 'index.html' does not exist. ("System Error.  Code: 2.
. 2026-06-02 21:01:58.116 The system cannot find the file specified")
< 2026-06-02 21:01:58.116 Script: File or folder 'index.html' does not exist.
< 2026-06-02 21:01:58.117 Script: System Error.  Code: 2.
< 2026-06-02 21:01:58.117 The system cannot find the file specified
. 2026-06-02 21:01:58.119 Answer: Abort
* 2026-06-02 21:01:58.125 (ESkipFile) File or folder 'index.html' does not exist.
* 2026-06-02 21:01:58.126 System Error.  Code: 2.
* 2026-06-02 21:01:58.126 The system cannot find the file specified
. 2026-06-02 21:01:58.126 Copying finished: Transferred: 0, Elapsed: 0:00:00, CPS: 0/s
. 2026-06-02 21:01:58.126 Script: Failed
. 2026-06-02 21:01:58.126 Session upkeep
> 2026-06-02 21:01:58.128 Script: exit
. 2026-06-02 21:01:58.128 Session upkeep
. 2026-06-02 21:01:58.128 Script: Exit code: 1
. 2026-06-02 21:01:58.128 Script: Max roundtrip: 16
. 2026-06-02 21:01:58.130 Got reply 1004 to the command 4
. 2026-06-02 21:01:58.133 Disconnected from server
