. 2026-05-31 18:00:20.309 --------------------------------------------------------------------------
. 2026-05-31 18:00:20.310 WinSCP Version 6.5.6 (Build 16502 2026-03-25) (OS 10.0.19045 – Windows 10 Pro)
. 2026-05-31 18:00:20.310 Configuration: HKCU\Software\Martin Prikryl\WinSCP 2\
. 2026-05-31 18:00:20.310 Log level: Normal
. 2026-05-31 18:00:20.310 Local account: DESKTOP-D919AF9\Julian
. 2026-05-31 18:00:20.310 Working directory: C:\Users\Julian\Documents\git\junkyard_pro
. 2026-05-31 18:00:20.310 Process ID: 12868
. 2026-05-31 18:00:20.343 Ancestor processes: WinSCP, cmd, explorer, ...
. 2026-05-31 18:00:20.343 Command-line: "C:\Program Files (x86)\WinSCP\WinSCP.exe" /console=6.5.6 /consoleinstance=_11704_899 "/log=winscp.log" "/script=winscp_script.txt" 
. 2026-05-31 18:00:20.343 Time zone: Current: GMT-7, Standard: GMT-8 (Pacific Standard Time), DST: GMT-7 (Pacific Daylight Time), DST Start: 3/8/2026, DST End: 11/1/2026
. 2026-05-31 18:00:20.343 Login time: Sunday, May 31, 2026 6:00:20 PM
. 2026-05-31 18:00:20.343 --------------------------------------------------------------------------
. 2026-05-31 18:00:20.343 Script: Retrospectively logging previous script records:
> 2026-05-31 18:00:20.343 Script: open ftps://julianshur@junkyardpro.com:***@ftp.junkyardpro.com/ -explicit
. 2026-05-31 18:00:20.343 --------------------------------------------------------------------------
. 2026-05-31 18:00:20.343 Session name: julianshur@junkyardpro.com@ftp.junkyardpro.com (Ad-Hoc site)
. 2026-05-31 18:00:20.343 Host name: ftp.junkyardpro.com (Port: 21)
. 2026-05-31 18:00:20.343 User name: julianshur@junkyardpro.com (Password: Yes, Key file: No, Passphrase: No)
. 2026-05-31 18:00:20.343 Transfer Protocol: FTP
. 2026-05-31 18:00:20.344 Ping type: Dummy, Ping interval: 30 sec; Timeout: 15 sec
. 2026-05-31 18:00:20.344 Disable Nagle: No
. 2026-05-31 18:00:20.344 Proxy: None
. 2026-05-31 18:00:20.344 Send buffer: 262144
. 2026-05-31 18:00:20.344 UTF: Auto
. 2026-05-31 18:00:20.344 FTPS: Explicit TLS/SSL [Client certificate: No]
. 2026-05-31 18:00:20.344 FTP: Passive: Yes [Force IP: Auto]; MLSD: Auto [List all: Auto]; HOST: Auto
. 2026-05-31 18:00:20.344 Session reuse: Yes
. 2026-05-31 18:00:20.344 TLS/SSL versions: TLSv1.2-TLSv1.3
. 2026-05-31 18:00:20.344 Local directory: default, Remote directory: home, Update: Yes, Cache: Yes
. 2026-05-31 18:00:20.344 Cache directory changes: Yes, Permanent: Yes
. 2026-05-31 18:00:20.344 Recycle bin: Delete to: No, Overwritten to: No, Bin path: 
. 2026-05-31 18:00:20.344 Timezone offset: 0h 0m
. 2026-05-31 18:00:20.344 --------------------------------------------------------------------------
< 2026-05-31 18:00:20.406 Script: Connecting to ftp.junkyardpro.com ...
. 2026-05-31 18:00:20.406 Connecting to ftp.junkyardpro.com ...
. 2026-05-31 18:00:20.595 Connected with ftp.junkyardpro.com, negotiating TLS connection...
< 2026-05-31 18:00:20.673 220---------- Welcome to Pure-FTPd [privsep] [TLS] ----------
< 2026-05-31 18:00:20.673 220-You are user number 2 of 50 allowed.
< 2026-05-31 18:00:20.674 220-Local time is now 18:00. Server port: 21.
< 2026-05-31 18:00:20.674 220-This is a private system - No anonymous login
< 2026-05-31 18:00:20.674 220-IPv6 connections are also welcome on this server.
< 2026-05-31 18:00:20.674 220 You will be disconnected after 15 minutes of inactivity.
> 2026-05-31 18:00:20.674 AUTH TLS
< 2026-05-31 18:00:20.755 234 AUTH TLS OK.
. 2026-05-31 18:00:20.842 Verifying certificate for "" with fingerprint 0f:d8:fa:ad:71:d4:1b:73:53:62:51:95:36:31:47:87:0a:b5:bb:48:66:a4:9d:33:7f:d9:75:c7:8f:02:75:c5 and 20 failures
. 2026-05-31 18:00:20.842 Certificate for "" matches cached fingerprint and failures
. 2026-05-31 18:00:20.842 Using TLSv1.3, cipher TLSv1.3: TLS_AES_256_GCM_SHA384, 2048 bit RSA, TLS_AES_256_GCM_SHA384         TLSv1.3 Kx=any      Au=any   Enc=AESGCM(256)            Mac=AEAD
< 2026-05-31 18:00:20.842 Script: TLS connection established. Waiting for welcome message...
. 2026-05-31 18:00:20.842 TLS connection established. Waiting for welcome message...
> 2026-05-31 18:00:20.842 USER julianshur@junkyardpro.com
< 2026-05-31 18:00:21.005 331 User julianshur@junkyardpro.com OK. Password required
> 2026-05-31 18:00:21.005 PASS **********
< 2026-05-31 18:00:21.130 230 OK. Current restricted directory is /
> 2026-05-31 18:00:21.130 SYST
< 2026-05-31 18:00:21.206 215 UNIX Type: L8
> 2026-05-31 18:00:21.207 FEAT
< 2026-05-31 18:00:21.291 211-Extensions supported:
< 2026-05-31 18:00:21.291  UTF8
< 2026-05-31 18:00:21.292  EPRT
< 2026-05-31 18:00:21.292  IDLE
< 2026-05-31 18:00:21.292  MDTM
< 2026-05-31 18:00:21.292  SIZE
< 2026-05-31 18:00:21.292  MFMT
< 2026-05-31 18:00:21.292  REST STREAM
< 2026-05-31 18:00:21.292  MLST type*;size*;sizd*;modify*;UNIX.mode*;UNIX.uid*;UNIX.gid*;unique*;
< 2026-05-31 18:00:21.292  MLSD
< 2026-05-31 18:00:21.292  PRET
< 2026-05-31 18:00:21.292  AUTH TLS
< 2026-05-31 18:00:21.292  PBSZ
< 2026-05-31 18:00:21.292  PROT
< 2026-05-31 18:00:21.292  TVFS
< 2026-05-31 18:00:21.292  ESTA
< 2026-05-31 18:00:21.292  PASV
< 2026-05-31 18:00:21.292  EPSV
< 2026-05-31 18:00:21.293 211 End.
> 2026-05-31 18:00:21.293 OPTS UTF8 ON
< 2026-05-31 18:00:21.370 504 Unknown command
> 2026-05-31 18:00:21.370 PBSZ 0
< 2026-05-31 18:00:21.448 200 PBSZ=0
> 2026-05-31 18:00:21.448 PROT P
< 2026-05-31 18:00:21.525 200 Data protection level set to "private"
< 2026-05-31 18:00:21.525 Script: Connected
. 2026-05-31 18:00:21.526 Connected
. 2026-05-31 18:00:21.526 --------------------------------------------------------------------------
. 2026-05-31 18:00:21.526 Using FTP protocol.
. 2026-05-31 18:00:21.526 Doing startup conversation with host.
< 2026-05-31 18:00:21.526 Script: Starting the session...
> 2026-05-31 18:00:21.527 PWD
< 2026-05-31 18:00:21.606 257 "/" is your current location
. 2026-05-31 18:00:21.606 Getting current directory name.
. 2026-05-31 18:00:21.606 Startup conversation with host finished.
< 2026-05-31 18:00:21.606 Script: Session started.
< 2026-05-31 18:00:21.606 Script: Active session: [1] julianshur@junkyardpro.com@ftp.junkyardpro.com
> 2026-05-31 18:00:21.607 Script: option batch continue
< 2026-05-31 18:00:21.607 Script: batch           continue  
> 2026-05-31 18:00:21.607 Script: option confirm off
< 2026-05-31 18:00:21.607 Script: confirm         off       
> 2026-05-31 18:00:21.610 Script: echo ===== CURRENT DIRECTORY =====
< 2026-05-31 18:00:21.610 Script: ===== CURRENT DIRECTORY =====
> 2026-05-31 18:00:21.611 Script: pwd
< 2026-05-31 18:00:21.612 Script: /
> 2026-05-31 18:00:21.614 Script: echo ===== DIRECTORY LISTING =====
< 2026-05-31 18:00:21.614 Script: ===== DIRECTORY LISTING =====
> 2026-05-31 18:00:21.615 Script: ls
. 2026-05-31 18:00:21.619 Retrieving directory listing...
> 2026-05-31 18:00:21.620 TYPE A
< 2026-05-31 18:00:21.696 200 TYPE is now ASCII
> 2026-05-31 18:00:21.700 PASV
< 2026-05-31 18:00:21.778 227 Entering Passive Mode (40,90,253,12,205,195)
> 2026-05-31 18:00:21.778 MLSD
. 2026-05-31 18:00:21.779 Connecting to 40.90.253.12:52675 ...
< 2026-05-31 18:00:21.954 150 Accepted data connection
. 2026-05-31 18:00:21.962 Session ID reused
. 2026-05-31 18:00:21.962 Using TLSv1.3, cipher TLSv1.3: TLS_AES_256_GCM_SHA384, 2048 bit RSA, TLS_AES_256_GCM_SHA384         TLSv1.3 Kx=any      Au=any   Enc=AESGCM(256)            Mac=AEAD
. 2026-05-31 18:00:21.963 TLS connection established
. 2026-05-31 18:00:22.044 type=cdir;sizd=23;modify=20260531035550;UNIX.mode=0755;UNIX.uid=3142;UNIX.gid=3147;unique=801g340406ae; .
. 2026-05-31 18:00:22.044 type=pdir;sizd=23;modify=20260531035550;UNIX.mode=0755;UNIX.uid=3142;UNIX.gid=3147;unique=801g340406ae; ..
. 2026-05-31 18:00:22.045 type=file;size=4;modify=20260531035550;UNIX.mode=0600;UNIX.uid=3142;UNIX.gid=3147;unique=801g34a14d8f; .ftpquota
< 2026-05-31 18:00:22.261 226 3 matches total
. 2026-05-31 18:00:22.261 Directory listing successful
. 2026-05-31 18:00:22.262 ..;D;0;1899-12-30T08:00:00.000Z;0;"" [0];"" [0];---------;0
. 2026-05-31 18:00:22.262 .ftpquota;-;4;2026-05-31T03:55:50.000Z;4;"3142" [0];"3147" [0];rw-------;2
< 2026-05-31 18:00:22.262 Script: D---------   0                           0              ..
< 2026-05-31 18:00:22.264 Script: -rw-------   0 3142     3147             4 May 30 20:55:50 2026 .ftpquota
> 2026-05-31 18:00:22.275 Script: exit
. 2026-05-31 18:00:22.275 Script: Exit code: 0
. 2026-05-31 18:00:22.290 Disconnected from server
. 2026-05-31 18:03:00.586 --------------------------------------------------------------------------
. 2026-05-31 18:03:00.586 WinSCP Version 6.5.6 (Build 16502 2026-03-25) (OS 10.0.19045 – Windows 10 Pro)
. 2026-05-31 18:03:00.586 Configuration: HKCU\Software\Martin Prikryl\WinSCP 2\
. 2026-05-31 18:03:00.586 Log level: Normal
. 2026-05-31 18:03:00.586 Local account: DESKTOP-D919AF9\Julian
. 2026-05-31 18:03:00.586 Working directory: C:\Users\Julian\Documents\git\junkyard_pro
. 2026-05-31 18:03:00.586 Process ID: 14296
. 2026-05-31 18:03:00.598 Ancestor processes: WinSCP, cmd, explorer, ...
. 2026-05-31 18:03:00.599 Command-line: "C:\Program Files (x86)\WinSCP\WinSCP.exe" /console=6.5.6 /consoleinstance=_6696_821 "/log=winscp.log" "/script=winscp_script.txt" 
. 2026-05-31 18:03:00.599 Time zone: Current: GMT-7, Standard: GMT-8 (Pacific Standard Time), DST: GMT-7 (Pacific Daylight Time), DST Start: 3/8/2026, DST End: 11/1/2026
. 2026-05-31 18:03:00.599 Login time: Sunday, May 31, 2026 6:03:00 PM
. 2026-05-31 18:03:00.599 --------------------------------------------------------------------------
. 2026-05-31 18:03:00.599 Script: Retrospectively logging previous script records:
> 2026-05-31 18:03:00.599 Script: open ftps://julianshur@junkyardpro.com:***@ftp.junkyardpro.com/home/byoq1zt2rc5qg23e/public_html/junkyardpro.com/julianshur/ -explicit
. 2026-05-31 18:03:00.599 --------------------------------------------------------------------------
. 2026-05-31 18:03:00.599 Session name: julianshur@junkyardpro.com@ftp.junkyardpro.com (Ad-Hoc site)
. 2026-05-31 18:03:00.599 Host name: ftp.junkyardpro.com (Port: 21)
. 2026-05-31 18:03:00.599 User name: julianshur@junkyardpro.com (Password: Yes, Key file: No, Passphrase: No)
. 2026-05-31 18:03:00.599 Transfer Protocol: FTP
. 2026-05-31 18:03:00.599 Ping type: Dummy, Ping interval: 30 sec; Timeout: 15 sec
. 2026-05-31 18:03:00.599 Disable Nagle: No
. 2026-05-31 18:03:00.599 Proxy: None
. 2026-05-31 18:03:00.599 Send buffer: 262144
. 2026-05-31 18:03:00.599 UTF: Auto
. 2026-05-31 18:03:00.599 FTPS: Explicit TLS/SSL [Client certificate: No]
. 2026-05-31 18:03:00.599 FTP: Passive: Yes [Force IP: Auto]; MLSD: Auto [List all: Auto]; HOST: Auto
. 2026-05-31 18:03:00.599 Session reuse: Yes
. 2026-05-31 18:03:00.599 TLS/SSL versions: TLSv1.2-TLSv1.3
. 2026-05-31 18:03:00.599 Local directory: default, Remote directory: /home/byoq1zt2rc5qg23e/public_html/junkyardpro.com/julianshur/, Update: Yes, Cache: Yes
. 2026-05-31 18:03:00.599 Cache directory changes: Yes, Permanent: Yes
. 2026-05-31 18:03:00.600 Recycle bin: Delete to: No, Overwritten to: No, Bin path: 
. 2026-05-31 18:03:00.600 Timezone offset: 0h 0m
. 2026-05-31 18:03:00.600 --------------------------------------------------------------------------
< 2026-05-31 18:03:00.662 Script: Connecting to ftp.junkyardpro.com ...
. 2026-05-31 18:03:00.662 Connecting to ftp.junkyardpro.com ...
. 2026-05-31 18:03:00.897 Connected with ftp.junkyardpro.com, negotiating TLS connection...
< 2026-05-31 18:03:00.979 220---------- Welcome to Pure-FTPd [privsep] [TLS] ----------
< 2026-05-31 18:03:00.979 220-You are user number 2 of 50 allowed.
< 2026-05-31 18:03:00.980 220-Local time is now 18:03. Server port: 21.
< 2026-05-31 18:03:00.980 220-This is a private system - No anonymous login
< 2026-05-31 18:03:00.980 220-IPv6 connections are also welcome on this server.
< 2026-05-31 18:03:00.980 220 You will be disconnected after 15 minutes of inactivity.
> 2026-05-31 18:03:00.980 AUTH TLS
< 2026-05-31 18:03:01.056 234 AUTH TLS OK.
. 2026-05-31 18:03:01.139 Verifying certificate for "" with fingerprint 0f:d8:fa:ad:71:d4:1b:73:53:62:51:95:36:31:47:87:0a:b5:bb:48:66:a4:9d:33:7f:d9:75:c7:8f:02:75:c5 and 20 failures
. 2026-05-31 18:03:01.140 Certificate for "" matches cached fingerprint and failures
. 2026-05-31 18:03:01.140 Using TLSv1.3, cipher TLSv1.3: TLS_AES_256_GCM_SHA384, 2048 bit RSA, TLS_AES_256_GCM_SHA384         TLSv1.3 Kx=any      Au=any   Enc=AESGCM(256)            Mac=AEAD
< 2026-05-31 18:03:01.140 Script: TLS connection established. Waiting for welcome message...
. 2026-05-31 18:03:01.140 TLS connection established. Waiting for welcome message...
> 2026-05-31 18:03:01.140 USER julianshur@junkyardpro.com
< 2026-05-31 18:03:01.299 331 User julianshur@junkyardpro.com OK. Password required
> 2026-05-31 18:03:01.299 PASS **********
< 2026-05-31 18:03:01.415 230 OK. Current restricted directory is /
> 2026-05-31 18:03:01.415 SYST
< 2026-05-31 18:03:01.493 215 UNIX Type: L8
> 2026-05-31 18:03:01.493 FEAT
< 2026-05-31 18:03:01.573 211-Extensions supported:
< 2026-05-31 18:03:01.573  UTF8
< 2026-05-31 18:03:01.574  EPRT
< 2026-05-31 18:03:01.574  IDLE
< 2026-05-31 18:03:01.574  MDTM
< 2026-05-31 18:03:01.574  SIZE
< 2026-05-31 18:03:01.574  MFMT
< 2026-05-31 18:03:01.574  REST STREAM
< 2026-05-31 18:03:01.574  MLST type*;size*;sizd*;modify*;UNIX.mode*;UNIX.uid*;UNIX.gid*;unique*;
< 2026-05-31 18:03:01.574  MLSD
< 2026-05-31 18:03:01.574  PRET
< 2026-05-31 18:03:01.574  AUTH TLS
< 2026-05-31 18:03:01.574  PBSZ
< 2026-05-31 18:03:01.574  PROT
< 2026-05-31 18:03:01.574  TVFS
< 2026-05-31 18:03:01.574  ESTA
< 2026-05-31 18:03:01.574  PASV
< 2026-05-31 18:03:01.575  EPSV
< 2026-05-31 18:03:01.575 211 End.
> 2026-05-31 18:03:01.575 OPTS UTF8 ON
< 2026-05-31 18:03:01.652 504 Unknown command
> 2026-05-31 18:03:01.652 PBSZ 0
< 2026-05-31 18:03:01.735 200 PBSZ=0
> 2026-05-31 18:03:01.735 PROT P
< 2026-05-31 18:03:01.814 200 Data protection level set to "private"
< 2026-05-31 18:03:01.814 Script: Connected
. 2026-05-31 18:03:01.814 Connected
. 2026-05-31 18:03:01.814 --------------------------------------------------------------------------
. 2026-05-31 18:03:01.814 Using FTP protocol.
. 2026-05-31 18:03:01.815 Doing startup conversation with host.
< 2026-05-31 18:03:01.815 Script: Starting the session...
> 2026-05-31 18:03:01.815 PWD
< 2026-05-31 18:03:01.893 257 "/" is your current location
. 2026-05-31 18:03:01.893 Changing directory to "/home/byoq1zt2rc5qg23e/public_html/junkyardpro.com/julianshur/".
> 2026-05-31 18:03:01.894 CWD /home/byoq1zt2rc5qg23e/public_html/junkyardpro.com/julianshur/
< 2026-05-31 18:03:01.981 550 Can't change directory to /home/byoq1zt2rc5qg23e/public_html/junkyardpro.com/julianshur/: No such file or directory
. 2026-05-31 18:03:01.993 Getting current directory name.
. 2026-05-31 18:03:01.995 Attempt to close connection due to fatal exception:
* 2026-05-31 18:03:01.995 (ECommand) Error changing directory to '/home/byoq1zt2rc5qg23e/public_html/junkyardpro.com/julianshur/'.
* 2026-05-31 18:03:01.995 Can't change directory to /home/byoq1zt2rc5qg23e/public_html/junkyardpro.com/julianshur/: No such file or directory
< 2026-05-31 18:03:02.004 Script: Error changing directory to '/home/byoq1zt2rc5qg23e/public_html/junkyardpro.com/julianshur/'.
< 2026-05-31 18:03:02.004 Can't change directory to /home/byoq1zt2rc5qg23e/public_html/junkyardpro.com/julianshur/: No such file or directory
. 2026-05-31 18:03:02.010 Disconnected from server
. 2026-05-31 18:16:08.229 --------------------------------------------------------------------------
. 2026-05-31 18:16:08.229 WinSCP Version 6.5.6 (Build 16502 2026-03-25) (OS 10.0.19045 – Windows 10 Pro)
. 2026-05-31 18:16:08.229 Configuration: HKCU\Software\Martin Prikryl\WinSCP 2\
. 2026-05-31 18:16:08.229 Log level: Normal
. 2026-05-31 18:16:08.229 Local account: DESKTOP-D919AF9\Julian
. 2026-05-31 18:16:08.229 Working directory: C:\Users\Julian\Documents\git\junkyard_pro
. 2026-05-31 18:16:08.229 Process ID: 3080
. 2026-05-31 18:16:08.240 Ancestor processes: WinSCP, cmd, explorer, ...
. 2026-05-31 18:16:08.241 Command-line: "C:\Program Files (x86)\WinSCP\WinSCP.exe" /console=6.5.6 /consoleinstance=_17788_853 "/log=winscp.log" "/script=winscp_script.txt" 
. 2026-05-31 18:16:08.241 Time zone: Current: GMT-7, Standard: GMT-8 (Pacific Standard Time), DST: GMT-7 (Pacific Daylight Time), DST Start: 3/8/2026, DST End: 11/1/2026
. 2026-05-31 18:16:08.241 Login time: Sunday, May 31, 2026 6:16:08 PM
. 2026-05-31 18:16:08.241 --------------------------------------------------------------------------
. 2026-05-31 18:16:08.241 Script: Retrospectively logging previous script records:
> 2026-05-31 18:16:08.241 Script: open ftps://julianshur@junkyardpro.com:***@ftp.junkyardpro.com/
. 2026-05-31 18:16:08.241 --------------------------------------------------------------------------
. 2026-05-31 18:16:08.241 Session name: julianshur@junkyardpro.com@ftp.junkyardpro.com (Ad-Hoc site)
. 2026-05-31 18:16:08.241 Host name: ftp.junkyardpro.com (Port: 990)
. 2026-05-31 18:16:08.241 User name: julianshur@junkyardpro.com (Password: Yes, Key file: No, Passphrase: No)
. 2026-05-31 18:16:08.241 Transfer Protocol: FTP
. 2026-05-31 18:16:08.241 Ping type: Dummy, Ping interval: 30 sec; Timeout: 15 sec
. 2026-05-31 18:16:08.241 Disable Nagle: No
. 2026-05-31 18:16:08.241 Proxy: None
. 2026-05-31 18:16:08.241 Send buffer: 262144
. 2026-05-31 18:16:08.241 UTF: Auto
. 2026-05-31 18:16:08.241 FTPS: Implicit TLS/SSL [Client certificate: No]
. 2026-05-31 18:16:08.241 FTP: Passive: Yes [Force IP: Auto]; MLSD: Auto [List all: Auto]; HOST: Auto
. 2026-05-31 18:16:08.241 Session reuse: Yes
. 2026-05-31 18:16:08.241 TLS/SSL versions: TLSv1.2-TLSv1.3
. 2026-05-31 18:16:08.241 Local directory: default, Remote directory: home, Update: Yes, Cache: Yes
. 2026-05-31 18:16:08.241 Cache directory changes: Yes, Permanent: Yes
. 2026-05-31 18:16:08.241 Recycle bin: Delete to: No, Overwritten to: No, Bin path: 
. 2026-05-31 18:16:08.241 Timezone offset: 0h 0m
. 2026-05-31 18:16:08.241 --------------------------------------------------------------------------
< 2026-05-31 18:16:08.292 Script: Connecting to ftp.junkyardpro.com:990 ...
. 2026-05-31 18:16:08.292 Connecting to ftp.junkyardpro.com:990 ...
. 2026-05-31 18:16:23.329 Timeout detected. (control connection)
. 2026-05-31 18:16:23.329 Connection failed.
< 2026-05-31 18:16:23.340 Script: Connection failed.
< 2026-05-31 18:16:23.340 Timeout detected. (control connection)
< 2026-05-31 18:16:23.340 Connection failed.
. 2026-05-31 18:17:57.829 --------------------------------------------------------------------------
. 2026-05-31 18:17:57.829 WinSCP Version 6.5.6 (Build 16502 2026-03-25) (OS 10.0.19045 – Windows 10 Pro)
. 2026-05-31 18:17:57.829 Configuration: HKCU\Software\Martin Prikryl\WinSCP 2\
. 2026-05-31 18:17:57.829 Log level: Normal
. 2026-05-31 18:17:57.829 Local account: DESKTOP-D919AF9\Julian
. 2026-05-31 18:17:57.829 Working directory: C:\Users\Julian\Documents\git\junkyard_pro
. 2026-05-31 18:17:57.829 Process ID: 6096
. 2026-05-31 18:17:57.842 Ancestor processes: WinSCP, cmd, explorer, ...
. 2026-05-31 18:17:57.842 Command-line: "C:\Program Files (x86)\WinSCP\WinSCP.exe" /console=6.5.6 /consoleinstance=_5124_401 "/log=winscp.log" "/script=winscp_script.txt" 
. 2026-05-31 18:17:57.842 Time zone: Current: GMT-7, Standard: GMT-8 (Pacific Standard Time), DST: GMT-7 (Pacific Daylight Time), DST Start: 3/8/2026, DST End: 11/1/2026
. 2026-05-31 18:17:57.843 Login time: Sunday, May 31, 2026 6:17:57 PM
. 2026-05-31 18:17:57.843 --------------------------------------------------------------------------
. 2026-05-31 18:17:57.843 Script: Retrospectively logging previous script records:
> 2026-05-31 18:17:57.843 Script: option batch continue
< 2026-05-31 18:17:57.843 Script: batch           continue  
> 2026-05-31 18:17:57.843 Script: option confirm off
< 2026-05-31 18:17:57.843 Script: confirm         off       
> 2026-05-31 18:17:57.843 Script: open ftp://julianshur@junkyardpro.com:***@ftp.junkyardpro.com:21/
. 2026-05-31 18:17:57.843 --------------------------------------------------------------------------
. 2026-05-31 18:17:57.843 Session name: julianshur@junkyardpro.com@ftp.junkyardpro.com (Ad-Hoc site)
. 2026-05-31 18:17:57.843 Host name: ftp.junkyardpro.com (Port: 21)
. 2026-05-31 18:17:57.843 User name: julianshur@junkyardpro.com (Password: Yes, Key file: No, Passphrase: No)
. 2026-05-31 18:17:57.843 Transfer Protocol: FTP
. 2026-05-31 18:17:57.843 Ping type: Dummy, Ping interval: 30 sec; Timeout: 15 sec
. 2026-05-31 18:17:57.843 Disable Nagle: No
. 2026-05-31 18:17:57.843 Proxy: None
. 2026-05-31 18:17:57.843 Send buffer: 262144
. 2026-05-31 18:17:57.843 UTF: Auto
. 2026-05-31 18:17:57.843 FTPS: None [Client certificate: No]
. 2026-05-31 18:17:57.843 FTP: Passive: Yes [Force IP: Auto]; MLSD: Auto [List all: Auto]; HOST: Auto
. 2026-05-31 18:17:57.843 Local directory: default, Remote directory: home, Update: Yes, Cache: Yes
. 2026-05-31 18:17:57.843 Cache directory changes: Yes, Permanent: Yes
. 2026-05-31 18:17:57.843 Recycle bin: Delete to: No, Overwritten to: No, Bin path: 
. 2026-05-31 18:17:57.843 Timezone offset: 0h 0m
. 2026-05-31 18:17:57.843 --------------------------------------------------------------------------
< 2026-05-31 18:17:57.898 Script: Connecting to ftp.junkyardpro.com ...
. 2026-05-31 18:17:57.899 Connecting to ftp.junkyardpro.com ...
. 2026-05-31 18:17:57.977 Connected with ftp.junkyardpro.com. Waiting for welcome message...
< 2026-05-31 18:17:58.064 220---------- Welcome to Pure-FTPd [privsep] [TLS] ----------
< 2026-05-31 18:17:58.064 220-You are user number 2 of 50 allowed.
< 2026-05-31 18:17:58.064 220-Local time is now 18:17. Server port: 21.
< 2026-05-31 18:17:58.064 220-This is a private system - No anonymous login
< 2026-05-31 18:17:58.064 220-IPv6 connections are also welcome on this server.
< 2026-05-31 18:17:58.064 220 You will be disconnected after 15 minutes of inactivity.
> 2026-05-31 18:17:58.064 USER julianshur@junkyardpro.com
< 2026-05-31 18:17:58.147 331 User julianshur@junkyardpro.com OK. Password required
> 2026-05-31 18:17:58.147 PASS **********
< 2026-05-31 18:17:58.264 230 OK. Current restricted directory is /
> 2026-05-31 18:17:58.264 SYST
< 2026-05-31 18:17:58.343 215 UNIX Type: L8
> 2026-05-31 18:17:58.343 FEAT
< 2026-05-31 18:17:58.422 211-Extensions supported:
< 2026-05-31 18:17:58.422  UTF8
< 2026-05-31 18:17:58.422  EPRT
< 2026-05-31 18:17:58.422  IDLE
< 2026-05-31 18:17:58.422  MDTM
< 2026-05-31 18:17:58.422  SIZE
< 2026-05-31 18:17:58.422  MFMT
< 2026-05-31 18:17:58.422  REST STREAM
< 2026-05-31 18:17:58.422  MLST type*;size*;sizd*;modify*;UNIX.mode*;UNIX.uid*;UNIX.gid*;unique*;
< 2026-05-31 18:17:58.422  MLSD
< 2026-05-31 18:17:58.423  PRET
< 2026-05-31 18:17:58.423  AUTH TLS
< 2026-05-31 18:17:58.423  PBSZ
< 2026-05-31 18:17:58.423  PROT
< 2026-05-31 18:17:58.423  TVFS
< 2026-05-31 18:17:58.423  ESTA
< 2026-05-31 18:17:58.423  PASV
< 2026-05-31 18:17:58.423  EPSV
< 2026-05-31 18:17:58.423 211 End.
> 2026-05-31 18:17:58.423 OPTS UTF8 ON
< 2026-05-31 18:17:58.499 504 Unknown command
< 2026-05-31 18:17:58.499 Script: Connected
. 2026-05-31 18:17:58.500 Connected
. 2026-05-31 18:17:58.500 --------------------------------------------------------------------------
. 2026-05-31 18:17:58.500 Using FTP protocol.
. 2026-05-31 18:17:58.502 Doing startup conversation with host.
< 2026-05-31 18:17:58.502 Script: Starting the session...
> 2026-05-31 18:17:58.502 PWD
< 2026-05-31 18:17:58.581 257 "/" is your current location
. 2026-05-31 18:17:58.581 Getting current directory name.
. 2026-05-31 18:17:58.581 Startup conversation with host finished.
< 2026-05-31 18:17:58.581 Script: Session started.
< 2026-05-31 18:17:58.582 Script: Active session: [1] julianshur@junkyardpro.com@ftp.junkyardpro.com
> 2026-05-31 18:17:58.586 Script: lcd C:\Users\Julian\Documents\git\junkyard_pro
< 2026-05-31 18:17:58.586 Script: C:\Users\Julian\Documents\git\junkyard_pro
> 2026-05-31 18:17:58.588 Script: cd /public_html
. 2026-05-31 18:17:58.588 Changing directory to "/public_html".
> 2026-05-31 18:17:58.588 CWD /public_html
< 2026-05-31 18:17:58.667 550 Can't change directory to /public_html: No such file or directory
* 2026-05-31 18:17:58.672 (ECommand) Error changing directory to '/public_html'.
* 2026-05-31 18:17:58.672 Can't change directory to /public_html: No such file or directory
< 2026-05-31 18:17:58.672 Script: Error changing directory to '/public_html'.
< 2026-05-31 18:17:58.672 Can't change directory to /public_html: No such file or directory
< 2026-05-31 18:17:58.673 Script: /
. 2026-05-31 18:17:58.674 Script: Failed
> 2026-05-31 18:17:58.676 Script: put -r *.*
< 2026-05-31 18:17:58.689 Script: Unknown switch 'r'.
. 2026-05-31 18:17:58.689 Script: Failed
> 2026-05-31 18:17:58.691 Script: exit
. 2026-05-31 18:17:58.691 Script: Exit code: 1
. 2026-05-31 18:17:58.698 Disconnected from server
. 2026-05-31 18:25:01.545 --------------------------------------------------------------------------
. 2026-05-31 18:25:01.545 WinSCP Version 6.5.6 (Build 16502 2026-03-25) (OS 10.0.19045 – Windows 10 Pro)
. 2026-05-31 18:25:01.545 Configuration: HKCU\Software\Martin Prikryl\WinSCP 2\
. 2026-05-31 18:25:01.545 Log level: Normal
. 2026-05-31 18:25:01.545 Local account: DESKTOP-D919AF9\Julian
. 2026-05-31 18:25:01.545 Working directory: C:\Users\Julian\Documents\git\junkyard_pro
. 2026-05-31 18:25:01.545 Process ID: 16224
. 2026-05-31 18:25:01.557 Ancestor processes: WinSCP, cmd, explorer, ...
. 2026-05-31 18:25:01.558 Command-line: "C:\Program Files (x86)\WinSCP\WinSCP.exe" /console=6.5.6 /consoleinstance=_10652_705 "/log=winscp.log" "/script=winscp_script.txt" 
. 2026-05-31 18:25:01.558 Time zone: Current: GMT-7, Standard: GMT-8 (Pacific Standard Time), DST: GMT-7 (Pacific Daylight Time), DST Start: 3/8/2026, DST End: 11/1/2026
. 2026-05-31 18:25:01.558 Login time: Sunday, May 31, 2026 6:25:01 PM
. 2026-05-31 18:25:01.558 --------------------------------------------------------------------------
. 2026-05-31 18:25:01.558 Script: Retrospectively logging previous script records:
> 2026-05-31 18:25:01.558 Script: option batch continue
< 2026-05-31 18:25:01.558 Script: batch           continue  
> 2026-05-31 18:25:01.558 Script: option confirm off
< 2026-05-31 18:25:01.558 Script: confirm         off       
> 2026-05-31 18:25:01.558 Script: open ftp://julianshur@junkyardpro.com:***@ftp.junkyardpro.com:21/
. 2026-05-31 18:25:01.558 --------------------------------------------------------------------------
. 2026-05-31 18:25:01.558 Session name: julianshur@junkyardpro.com@ftp.junkyardpro.com (Ad-Hoc site)
. 2026-05-31 18:25:01.558 Host name: ftp.junkyardpro.com (Port: 21)
. 2026-05-31 18:25:01.558 User name: julianshur@junkyardpro.com (Password: Yes, Key file: No, Passphrase: No)
. 2026-05-31 18:25:01.558 Transfer Protocol: FTP
. 2026-05-31 18:25:01.558 Ping type: Dummy, Ping interval: 30 sec; Timeout: 15 sec
. 2026-05-31 18:25:01.558 Disable Nagle: No
. 2026-05-31 18:25:01.558 Proxy: None
. 2026-05-31 18:25:01.558 Send buffer: 262144
. 2026-05-31 18:25:01.558 UTF: Auto
. 2026-05-31 18:25:01.558 FTPS: None [Client certificate: No]
. 2026-05-31 18:25:01.558 FTP: Passive: Yes [Force IP: Auto]; MLSD: Auto [List all: Auto]; HOST: Auto
. 2026-05-31 18:25:01.558 Local directory: default, Remote directory: home, Update: Yes, Cache: Yes
. 2026-05-31 18:25:01.558 Cache directory changes: Yes, Permanent: Yes
. 2026-05-31 18:25:01.558 Recycle bin: Delete to: No, Overwritten to: No, Bin path: 
. 2026-05-31 18:25:01.558 Timezone offset: 0h 0m
. 2026-05-31 18:25:01.558 --------------------------------------------------------------------------
< 2026-05-31 18:25:01.618 Script: Connecting to ftp.junkyardpro.com ...
. 2026-05-31 18:25:01.618 Connecting to ftp.junkyardpro.com ...
. 2026-05-31 18:25:01.709 Connected with ftp.junkyardpro.com. Waiting for welcome message...
< 2026-05-31 18:25:01.800 220---------- Welcome to Pure-FTPd [privsep] [TLS] ----------
< 2026-05-31 18:25:01.800 220-You are user number 2 of 50 allowed.
< 2026-05-31 18:25:01.800 220-Local time is now 18:25. Server port: 21.
< 2026-05-31 18:25:01.800 220-This is a private system - No anonymous login
< 2026-05-31 18:25:01.800 220-IPv6 connections are also welcome on this server.
< 2026-05-31 18:25:01.800 220 You will be disconnected after 15 minutes of inactivity.
> 2026-05-31 18:25:01.800 USER julianshur@junkyardpro.com
< 2026-05-31 18:25:01.880 331 User julianshur@junkyardpro.com OK. Password required
> 2026-05-31 18:25:01.880 PASS **********
< 2026-05-31 18:25:02.002 230 OK. Current restricted directory is /
> 2026-05-31 18:25:02.003 SYST
< 2026-05-31 18:25:02.082 215 UNIX Type: L8
> 2026-05-31 18:25:02.082 FEAT
< 2026-05-31 18:25:02.159 211-Extensions supported:
< 2026-05-31 18:25:02.159  UTF8
< 2026-05-31 18:25:02.159  EPRT
< 2026-05-31 18:25:02.159  IDLE
< 2026-05-31 18:25:02.159  MDTM
< 2026-05-31 18:25:02.159  SIZE
< 2026-05-31 18:25:02.159  MFMT
< 2026-05-31 18:25:02.159  REST STREAM
< 2026-05-31 18:25:02.159  MLST type*;size*;sizd*;modify*;UNIX.mode*;UNIX.uid*;UNIX.gid*;unique*;
< 2026-05-31 18:25:02.159  MLSD
< 2026-05-31 18:25:02.159  PRET
< 2026-05-31 18:25:02.159  AUTH TLS
< 2026-05-31 18:25:02.159  PBSZ
< 2026-05-31 18:25:02.159  PROT
< 2026-05-31 18:25:02.159  TVFS
< 2026-05-31 18:25:02.160  ESTA
< 2026-05-31 18:25:02.160  PASV
< 2026-05-31 18:25:02.160  EPSV
< 2026-05-31 18:25:02.160 211 End.
> 2026-05-31 18:25:02.160 OPTS UTF8 ON
< 2026-05-31 18:25:02.237 504 Unknown command
< 2026-05-31 18:25:02.238 Script: Connected
. 2026-05-31 18:25:02.238 Connected
. 2026-05-31 18:25:02.238 --------------------------------------------------------------------------
. 2026-05-31 18:25:02.238 Using FTP protocol.
. 2026-05-31 18:25:02.238 Doing startup conversation with host.
< 2026-05-31 18:25:02.238 Script: Starting the session...
> 2026-05-31 18:25:02.239 PWD
< 2026-05-31 18:25:02.314 257 "/" is your current location
. 2026-05-31 18:25:02.314 Getting current directory name.
. 2026-05-31 18:25:02.314 Startup conversation with host finished.
< 2026-05-31 18:25:02.314 Script: Session started.
< 2026-05-31 18:25:02.314 Script: Active session: [1] julianshur@junkyardpro.com@ftp.junkyardpro.com
> 2026-05-31 18:25:02.316 Script: lcd C:\Users\Julian\Documents\git\junkyard_pro
< 2026-05-31 18:25:02.316 Script: C:\Users\Julian\Documents\git\junkyard_pro
> 2026-05-31 18:25:02.316 Script: cd /
. 2026-05-31 18:25:02.316 Changing directory to "/".
> 2026-05-31 18:25:02.316 CWD /
< 2026-05-31 18:25:02.396 250 OK. Current directory is /
. 2026-05-31 18:25:02.396 Getting current directory name.
> 2026-05-31 18:25:02.396 PWD
< 2026-05-31 18:25:02.475 257 "/" is your current location
< 2026-05-31 18:25:02.475 Script: /
> 2026-05-31 18:25:02.480 Script: put -r *.*
< 2026-05-31 18:25:02.488 Script: Unknown switch 'r'.
. 2026-05-31 18:25:02.488 Script: Failed
> 2026-05-31 18:25:02.489 Script: exit
. 2026-05-31 18:25:02.489 Script: Exit code: 1
. 2026-05-31 18:25:02.493 Disconnected from server
. 2026-05-31 18:25:56.910 --------------------------------------------------------------------------
. 2026-05-31 18:25:56.910 WinSCP Version 6.5.6 (Build 16502 2026-03-25) (OS 10.0.19045 – Windows 10 Pro)
. 2026-05-31 18:25:56.910 Configuration: HKCU\Software\Martin Prikryl\WinSCP 2\
. 2026-05-31 18:25:56.910 Log level: Normal
. 2026-05-31 18:25:56.910 Local account: DESKTOP-D919AF9\Julian
. 2026-05-31 18:25:56.910 Working directory: C:\Users\Julian\Documents\git\junkyard_pro
. 2026-05-31 18:25:56.910 Process ID: 5344
. 2026-05-31 18:25:56.922 Ancestor processes: WinSCP, cmd, explorer, ...
. 2026-05-31 18:25:56.922 Command-line: "C:\Program Files (x86)\WinSCP\WinSCP.exe" /console=6.5.6 /consoleinstance=_10600_241 "/log=winscp.log" "/script=winscp_script.txt" 
. 2026-05-31 18:25:56.922 Time zone: Current: GMT-7, Standard: GMT-8 (Pacific Standard Time), DST: GMT-7 (Pacific Daylight Time), DST Start: 3/8/2026, DST End: 11/1/2026
. 2026-05-31 18:25:56.922 Login time: Sunday, May 31, 2026 6:25:56 PM
. 2026-05-31 18:25:56.922 --------------------------------------------------------------------------
. 2026-05-31 18:25:56.922 Script: Retrospectively logging previous script records:
> 2026-05-31 18:25:56.922 Script: option batch continue
< 2026-05-31 18:25:56.922 Script: batch           continue  
> 2026-05-31 18:25:56.922 Script: option confirm off
< 2026-05-31 18:25:56.922 Script: confirm         off       
> 2026-05-31 18:25:56.922 Script: open ftp://julianshur@junkyardpro.com:***@ftp.junkyardpro.com:21/
. 2026-05-31 18:25:56.922 --------------------------------------------------------------------------
. 2026-05-31 18:25:56.922 Session name: julianshur@junkyardpro.com@ftp.junkyardpro.com (Ad-Hoc site)
. 2026-05-31 18:25:56.922 Host name: ftp.junkyardpro.com (Port: 21)
. 2026-05-31 18:25:56.922 User name: julianshur@junkyardpro.com (Password: Yes, Key file: No, Passphrase: No)
. 2026-05-31 18:25:56.922 Transfer Protocol: FTP
. 2026-05-31 18:25:56.922 Ping type: Dummy, Ping interval: 30 sec; Timeout: 15 sec
. 2026-05-31 18:25:56.922 Disable Nagle: No
. 2026-05-31 18:25:56.922 Proxy: None
. 2026-05-31 18:25:56.922 Send buffer: 262144
. 2026-05-31 18:25:56.923 UTF: Auto
. 2026-05-31 18:25:56.923 FTPS: None [Client certificate: No]
. 2026-05-31 18:25:56.923 FTP: Passive: Yes [Force IP: Auto]; MLSD: Auto [List all: Auto]; HOST: Auto
. 2026-05-31 18:25:56.923 Local directory: default, Remote directory: home, Update: Yes, Cache: Yes
. 2026-05-31 18:25:56.923 Cache directory changes: Yes, Permanent: Yes
. 2026-05-31 18:25:56.923 Recycle bin: Delete to: No, Overwritten to: No, Bin path: 
. 2026-05-31 18:25:56.923 Timezone offset: 0h 0m
. 2026-05-31 18:25:56.923 --------------------------------------------------------------------------
< 2026-05-31 18:25:56.986 Script: Connecting to ftp.junkyardpro.com ...
. 2026-05-31 18:25:56.986 Connecting to ftp.junkyardpro.com ...
. 2026-05-31 18:25:57.173 Connected with ftp.junkyardpro.com. Waiting for welcome message...
< 2026-05-31 18:25:57.254 220---------- Welcome to Pure-FTPd [privsep] [TLS] ----------
< 2026-05-31 18:25:57.254 220-You are user number 2 of 50 allowed.
< 2026-05-31 18:25:57.254 220-Local time is now 18:25. Server port: 21.
< 2026-05-31 18:25:57.254 220-This is a private system - No anonymous login
< 2026-05-31 18:25:57.254 220-IPv6 connections are also welcome on this server.
< 2026-05-31 18:25:57.254 220 You will be disconnected after 15 minutes of inactivity.
> 2026-05-31 18:25:57.256 USER julianshur@junkyardpro.com
< 2026-05-31 18:25:57.332 331 User julianshur@junkyardpro.com OK. Password required
> 2026-05-31 18:25:57.332 PASS **********
< 2026-05-31 18:25:57.453 230 OK. Current restricted directory is /
> 2026-05-31 18:25:57.453 SYST
< 2026-05-31 18:25:57.531 215 UNIX Type: L8
> 2026-05-31 18:25:57.531 FEAT
< 2026-05-31 18:25:57.610 211-Extensions supported:
< 2026-05-31 18:25:57.610  UTF8
< 2026-05-31 18:25:57.610  EPRT
< 2026-05-31 18:25:57.631  IDLE
< 2026-05-31 18:25:57.631  MDTM
< 2026-05-31 18:25:57.631  SIZE
< 2026-05-31 18:25:57.631  MFMT
< 2026-05-31 18:25:57.631  REST STREAM
< 2026-05-31 18:25:57.631  MLST type*;size*;sizd*;modify*;UNIX.mode*;UNIX.uid*;UNIX.gid*;unique*;
< 2026-05-31 18:25:57.631  MLSD
< 2026-05-31 18:25:57.631  PRET
< 2026-05-31 18:25:57.631  AUTH TLS
< 2026-05-31 18:25:57.631  PBSZ
< 2026-05-31 18:25:57.631  PROT
< 2026-05-31 18:25:57.631  TVFS
< 2026-05-31 18:25:57.631  ESTA
< 2026-05-31 18:25:57.631  PASV
< 2026-05-31 18:25:57.631  EPSV
< 2026-05-31 18:25:57.631 211 End.
> 2026-05-31 18:25:57.634 OPTS UTF8 ON
< 2026-05-31 18:25:57.715 504 Unknown command
< 2026-05-31 18:25:57.715 Script: Connected
. 2026-05-31 18:25:57.715 Connected
. 2026-05-31 18:25:57.715 --------------------------------------------------------------------------
. 2026-05-31 18:25:57.715 Using FTP protocol.
. 2026-05-31 18:25:57.715 Doing startup conversation with host.
< 2026-05-31 18:25:57.715 Script: Starting the session...
> 2026-05-31 18:25:57.716 PWD
< 2026-05-31 18:25:57.799 257 "/" is your current location
. 2026-05-31 18:25:57.799 Getting current directory name.
. 2026-05-31 18:25:57.799 Startup conversation with host finished.
< 2026-05-31 18:25:57.799 Script: Session started.
< 2026-05-31 18:25:57.800 Script: Active session: [1] julianshur@junkyardpro.com@ftp.junkyardpro.com
> 2026-05-31 18:25:57.801 Script: lcd C:\Users\Julian\Documents\git\junkyard_pro
< 2026-05-31 18:25:57.801 Script: C:\Users\Julian\Documents\git\junkyard_pro
> 2026-05-31 18:25:57.803 Script: cd /
. 2026-05-31 18:25:57.803 Changing directory to "/".
> 2026-05-31 18:25:57.803 CWD /
< 2026-05-31 18:25:57.881 250 OK. Current directory is /
. 2026-05-31 18:25:57.881 Getting current directory name.
> 2026-05-31 18:25:57.881 PWD
< 2026-05-31 18:25:57.959 257 "/" is your current location
< 2026-05-31 18:25:57.959 Script: /
> 2026-05-31 18:25:57.961 Script: synchronize remote -delete
< 2026-05-31 18:25:57.962 Script: Comparing...
. 2026-05-31 18:25:57.963 Collecting synchronization list for local directory 'C:\Users\Julian\Documents\git\junkyard_pro' and remote directory '/', mode = Remote, params = 0x3 (Delete, NoConfirmation), file mask = ''
. 2026-05-31 18:25:57.964 Local file 'C:\Users\Julian\Documents\git\junkyard_pro\.' [2026-06-01T01:25:56.659Z] [0] excluded from synchronization
. 2026-05-31 18:25:57.964 Local file 'C:\Users\Julian\Documents\git\junkyard_pro\..' [2026-06-01T01:25:56.659Z] [0] excluded from synchronization
. 2026-05-31 18:25:57.964 Local file 'C:\Users\Julian\Documents\git\junkyard_pro\.git' [2026-06-01T01:25:54.580Z] [0] included to synchronization
. 2026-05-31 18:25:57.964 Local file 'C:\Users\Julian\Documents\git\junkyard_pro\.gitignore.txt' [2026-05-31T07:35:31.102Z] [21] included to synchronization
. 2026-05-31 18:25:57.964 Local file 'C:\Users\Julian\Documents\git\junkyard_pro\deploy.bat' [2026-06-01T01:25:48.515Z] [798] included to synchronization
. 2026-05-31 18:25:57.964 Local file 'C:\Users\Julian\Documents\git\junkyard_pro\Dockerfile' [2026-05-30T23:14:37.911Z] [134] included to synchronization
. 2026-05-31 18:25:57.964 Local file 'C:\Users\Julian\Documents\git\junkyard_pro\node_modules' [2026-05-31T00:14:43.853Z] [0] included to synchronization
. 2026-05-31 18:25:57.964 Local file 'C:\Users\Julian\Documents\git\junkyard_pro\package-lock.json' [2026-05-31T00:14:43.831Z] [49321] included to synchronization
. 2026-05-31 18:25:57.965 Local file 'C:\Users\Julian\Documents\git\junkyard_pro\package.json' [2026-05-31T23:08:21.934Z] [373] included to synchronization
. 2026-05-31 18:25:57.965 Local file 'C:\Users\Julian\Documents\git\junkyard_pro\public' [2026-05-30T21:12:16.057Z] [0] included to synchronization
. 2026-05-31 18:25:57.965 Local file 'C:\Users\Julian\Documents\git\junkyard_pro\railway.toml' [2026-05-30T21:57:45.122Z] [124] included to synchronization
. 2026-05-31 18:25:57.965 Local file 'C:\Users\Julian\Documents\git\junkyard_pro\README.md' [2026-05-30T21:12:16.043Z] [21] included to synchronization
. 2026-05-31 18:25:57.965 Local file 'C:\Users\Julian\Documents\git\junkyard_pro\server.js' [2026-06-01T00:52:30.494Z] [23227] included to synchronization
. 2026-05-31 18:25:57.965 Local file 'C:\Users\Julian\Documents\git\junkyard_pro\start-site.ps1' [2026-05-30T21:12:16.059Z] [533] included to synchronization
. 2026-05-31 18:25:57.965 Local file 'C:\Users\Julian\Documents\git\junkyard_pro\winscp-upload.txt' [2026-05-31T04:01:51.279Z] [213] included to synchronization
. 2026-05-31 18:25:57.965 Local file 'C:\Users\Julian\Documents\git\junkyard_pro\winscp.log' [2026-06-01T01:25:56.986Z] [34563] included to synchronization
. 2026-05-31 18:25:57.965 Local file 'C:\Users\Julian\Documents\git\junkyard_pro\winscp_script.txt' [2026-06-01T01:25:56.660Z] [205] included to synchronization
. 2026-05-31 18:25:57.966 Retrieving directory listing...
> 2026-05-31 18:25:57.966 TYPE A
< 2026-05-31 18:25:58.047 200 TYPE is now ASCII
> 2026-05-31 18:25:58.047 PASV
< 2026-05-31 18:25:58.124 227 Entering Passive Mode (40,90,253,12,223,204)
> 2026-05-31 18:25:58.124 MLSD
. 2026-05-31 18:25:58.124 Connecting to 40.90.253.12:57292 ...
< 2026-05-31 18:25:58.285 150 Accepted data connection
< 2026-05-31 18:25:58.285 226 15 matches total
. 2026-05-31 18:25:58.285 type=cdir;sizd=254;modify=20260601012113;UNIX.mode=0755;UNIX.uid=3142;UNIX.gid=65534;unique=801g3a0761d8; .
. 2026-05-31 18:25:58.285 type=pdir;sizd=254;modify=20260601012113;UNIX.mode=0755;UNIX.uid=3142;UNIX.gid=65534;unique=801g3a0761d8; ..
. 2026-05-31 18:25:58.285 type=file;size=27477;modify=20260601012112;UNIX.mode=0644;UNIX.uid=3142;UNIX.gid=3147;unique=801g48438727; index.html
. 2026-05-31 18:25:58.285 type=dir;sizd=6;modify=20260530205907;UNIX.mode=0755;UNIX.uid=3142;UNIX.gid=3147;unique=801g46095308; cgi-bin
. 2026-05-31 18:25:58.285 type=dir;sizd=6;modify=20260530210113;UNIX.mode=0755;UNIX.uid=3142;UNIX.gid=3147;unique=801g3216fbca; node_modules
. 2026-05-31 18:25:58.285 type=file;size=98467;modify=20260530210051;UNIX.mode=0644;UNIX.uid=3142;UNIX.gid=3147;unique=801g480f29a3; package-lock.json
. 2026-05-31 18:25:58.285 type=file;size=23227;modify=20260601005259;UNIX.mode=0644;UNIX.uid=3142;UNIX.gid=3147;unique=801g48437ebb; server.js
. 2026-05-31 18:25:58.285 type=dir;sizd=56;modify=20260530210149;UNIX.mode=0755;UNIX.uid=3142;UNIX.gid=3147;unique=801g34a2d139; public
. 2026-05-31 18:25:58.285 type=file;size=373;modify=20260531232930;UNIX.mode=0644;UNIX.uid=3142;UNIX.gid=3147;unique=801g482fdc1b; package.json
. 2026-05-31 18:25:58.285 type=file;size=518;modify=20260530210051;UNIX.mode=0644;UNIX.uid=3142;UNIX.gid=3147;unique=801g480f299e; start-site.ps1
. 2026-05-31 18:25:58.285 type=dir;sizd=28;modify=20260530213546;UNIX.mode=0755;UNIX.uid=3142;UNIX.gid=3147;unique=801g260db6b5; .well-known
. 2026-05-31 18:25:58.285 type=file;size=124;modify=20260530215825;UNIX.mode=0644;UNIX.uid=3142;UNIX.gid=3147;unique=801g480f29b2; railway.toml
. 2026-05-31 18:25:58.286 type=file;size=134;modify=20260530231518;UNIX.mode=0644;UNIX.uid=3142;UNIX.gid=3147;unique=801g48080322; Dockerfile
. 2026-05-31 18:25:58.286 type=dir;sizd=6;modify=20260601011228;UNIX.mode=0755;UNIX.uid=3142;UNIX.gid=3147;unique=801g32440b1c; junkyardpro.com
. 2026-05-31 18:25:58.286 type=file;size=10;modify=20260601011326;UNIX.mode=0600;UNIX.uid=3142;UNIX.gid=3147;unique=801g3a0bf3e6; .ftpquota
. 2026-05-31 18:25:58.288 Data connection closed
. 2026-05-31 18:25:58.290 Directory listing successful
. 2026-05-31 18:25:58.290 ..;D;0;1899-12-30T08:00:00.000Z;0;"" [0];"" [0];---------;0
. 2026-05-31 18:25:58.290 index.html;-;27477;2026-06-01T01:21:12.000Z;4;"3142" [0];"3147" [0];rw-r--r--;0
. 2026-05-31 18:25:58.290 cgi-bin;D;0;2026-05-30T20:59:07.000Z;4;"3142" [0];"3147" [0];rwxr-xr-x;0
. 2026-05-31 18:25:58.290 node_modules;D;0;2026-05-30T21:01:13.000Z;4;"3142" [0];"3147" [0];rwxr-xr-x;0
. 2026-05-31 18:25:58.290 package-lock.json;-;98467;2026-05-30T21:00:51.000Z;4;"3142" [0];"3147" [0];rw-r--r--;0
. 2026-05-31 18:25:58.290 server.js;-;23227;2026-06-01T00:52:59.000Z;4;"3142" [0];"3147" [0];rw-r--r--;0
. 2026-05-31 18:25:58.290 public;D;0;2026-05-30T21:01:49.000Z;4;"3142" [0];"3147" [0];rwxr-xr-x;0
. 2026-05-31 18:25:58.290 package.json;-;373;2026-05-31T23:29:30.000Z;4;"3142" [0];"3147" [0];rw-r--r--;0
. 2026-05-31 18:25:58.290 start-site.ps1;-;518;2026-05-30T21:00:51.000Z;4;"3142" [0];"3147" [0];rw-r--r--;0
. 2026-05-31 18:25:58.290 .well-known;D;0;2026-05-30T21:35:46.000Z;4;"3142" [0];"3147" [0];rwxr-xr-x;2
. 2026-05-31 18:25:58.290 railway.toml;-;124;2026-05-30T21:58:25.000Z;4;"3142" [0];"3147" [0];rw-r--r--;0
. 2026-05-31 18:25:58.290 Dockerfile;-;134;2026-05-30T23:15:18.000Z;4;"3142" [0];"3147" [0];rw-r--r--;0
. 2026-05-31 18:25:58.290 junkyardpro.com;D;0;2026-06-01T01:12:28.000Z;4;"3142" [0];"3147" [0];rwxr-xr-x;0
. 2026-05-31 18:25:58.291 .ftpquota;-;10;2026-06-01T01:13:26.000Z;4;"3142" [0];"3147" [0];rw-------;2
. 2026-05-31 18:25:58.312 Remote file '/index.html' [2026-06-01T01:21:12.000Z] [27477] is new
. 2026-05-31 18:25:58.312 Remote file '/cgi-bin' [2026-05-30T20:59:07.000Z] [0] is new
. 2026-05-31 18:25:58.312 Collecting synchronization list for local directory 'C:\Users\Julian\Documents\git\junkyard_pro\node_modules' and remote directory '/node_modules', mode = Remote, params = 0x3 (Delete, NoConfirmation), file mask = ''
. 2026-05-31 18:25:58.313 Local file 'C:\Users\Julian\Documents\git\junkyard_pro\node_modules\.' [2026-05-31T00:14:43.853Z] [0] excluded from synchronization
. 2026-05-31 18:25:58.313 Local file 'C:\Users\Julian\Documents\git\junkyard_pro\node_modules\..' [2026-05-31T00:14:43.853Z] [0] excluded from synchronization
. 2026-05-31 18:25:58.313 Local file 'C:\Users\Julian\Documents\git\junkyard_pro\node_modules\.bin' [2026-05-31T00:14:43.790Z] [0] included to synchronization
. 2026-05-31 18:25:58.313 Local file 'C:\Users\Julian\Documents\git\junkyard_pro\node_modules\.package-lock.json' [2026-05-31T00:14:43.853Z] [49079] included to synchronization
. 2026-05-31 18:25:58.313 Local file 'C:\Users\Julian\Documents\git\junkyard_pro\node_modules\accepts' [2026-05-31T00:14:42.828Z] [0] included to synchronization
. 2026-05-31 18:25:58.313 Local file 'C:\Users\Julian\Documents\git\junkyard_pro\node_modules\agent-base' [2026-05-31T00:14:42.956Z] [0] included to synchronization
. 2026-05-31 18:25:58.313 Local file 'C:\Users\Julian\Documents\git\junkyard_pro\node_modules\array-flatten' [2026-05-31T00:14:42.795Z] [0] included to synchronization
. 2026-05-31 18:25:58.313 Local file 'C:\Users\Julian\Documents\git\junkyard_pro\node_modules\asynckit' [2026-05-31T00:14:42.917Z] [0] included to synchronization
. 2026-05-31 18:25:58.313 Local file 'C:\Users\Julian\Documents\git\junkyard_pro\node_modules\axios' [2026-05-31T00:14:43.592Z] [0] included to synchronization
. 2026-05-31 18:25:58.313 Local file 'C:\Users\Julian\Documents\git\junkyard_pro\node_modules\body-parser' [2026-05-31T00:14:42.975Z] [0] included to synchronization
. 2026-05-31 18:25:58.313 Local file 'C:\Users\Julian\Documents\git\junkyard_pro\node_modules\boolbase' [2026-05-31T00:14:42.767Z] [0] included to synchronization
. 2026-05-31 18:25:58.313 Local file 'C:\Users\Julian\Documents\git\junkyard_pro\node_modules\bytes' [2026-05-31T00:14:42.820Z] [0] included to synchronization
. 2026-05-31 18:25:58.313 Local file 'C:\Users\Julian\Documents\git\junkyard_pro\node_modules\call-bind-apply-helpers' [2026-05-31T00:14:43.017Z] [0] included to synchronization
. 2026-05-31 18:25:58.313 Local file 'C:\Users\Julian\Documents\git\junkyard_pro\node_modules\call-bound' [2026-05-31T00:14:42.933Z] [0] included to synchronization
. 2026-05-31 18:25:58.313 Local file 'C:\Users\Julian\Documents\git\junkyard_pro\node_modules\cheerio' [2026-05-31T00:14:43.674Z] [0] included to synchronization
. 2026-05-31 18:25:58.313 Local file 'C:\Users\Julian\Documents\git\junkyard_pro\node_modules\cheerio-select' [2026-05-31T00:14:43.120Z] [0] included to synchronization
. 2026-05-31 18:25:58.313 Local file 'C:\Users\Julian\Documents\git\junkyard_pro\node_modules\combined-stream' [2026-05-31T00:14:42.814Z] [0] included to synchronization
. 2026-05-31 18:25:58.313 Local file 'C:\Users\Julian\Documents\git\junkyard_pro\node_modules\content-disposition' [2026-05-31T00:14:42.840Z] [0] included to synchronization
. 2026-05-31 18:25:58.313 Local file 'C:\Users\Julian\Documents\git\junkyard_pro\node_modules\content-type' [2026-05-31T00:14:42.828Z] [0] included to synchronization
. 2026-05-31 18:25:58.313 Local file 'C:\Users\Julian\Documents\git\junkyard_pro\node_modules\cookie' [2026-05-31T00:14:42.837Z] [0] included to synchronization
. 2026-05-31 18:25:58.313 Local file 'C:\Users\Julian\Documents\git\junkyard_pro\node_modules\cookie-signature' [2026-05-31T00:14:42.792Z] [0] included to synchronization
. 2026-05-31 18:25:58.313 Local file 'C:\Users\Julian\Documents\git\junkyard_pro\node_modules\cors' [2026-05-31T00:14:42.810Z] [0] included to synchronization
. 2026-05-31 18:25:58.313 Local file 'C:\Users\Julian\Documents\git\junkyard_pro\node_modules\css-select' [2026-05-31T00:14:43.535Z] [0] included to synchronization
. 2026-05-31 18:25:58.313 Local file 'C:\Users\Julian\Documents\git\junkyard_pro\node_modules\css-what' [2026-05-31T00:14:43.100Z] [0] included to synchronization
. 2026-05-31 18:25:58.313 Local file 'C:\Users\Julian\Documents\git\junkyard_pro\node_modules\debug' [2026-05-31T00:14:42.957Z] [0] included to synchronization
. 2026-05-31 18:25:58.313 Local file 'C:\Users\Julian\Documents\git\junkyard_pro\node_modules\delayed-stream' [2026-05-31T00:14:42.851Z] [0] included to synchronization
. 2026-05-31 18:25:58.313 Local file 'C:\Users\Julian\Documents\git\junkyard_pro\node_modules\depd' [2026-05-31T00:14:42.862Z] [0] included to synchronization
. 2026-05-31 18:25:58.313 Local file 'C:\Users\Julian\Documents\git\junkyard_pro\node_modules\destroy' [2026-05-31T00:14:42.791Z] [0] included to synchronization
. 2026-05-31 18:25:58.313 Local file 'C:\Users\Julian\Documents\git\junkyard_pro\node_modules\dom-serializer' [2026-05-31T00:14:43.000Z] [0] included to synchronization
. 2026-05-31 18:25:58.314 Local file 'C:\Users\Julian\Documents\git\junkyard_pro\node_modules\domelementtype' [2026-05-31T00:14:42.944Z] [0] included to synchronization
. 2026-05-31 18:25:58.314 Local file 'C:\Users\Julian\Documents\git\junkyard_pro\node_modules\domhandler' [2026-05-31T00:14:43.005Z] [0] included to synchronization
. 2026-05-31 18:25:58.314 Local file 'C:\Users\Julian\Documents\git\junkyard_pro\node_modules\domutils' [2026-05-31T00:14:43.287Z] [0] included to synchronization
. 2026-05-31 18:25:58.314 Local file 'C:\Users\Julian\Documents\git\junkyard_pro\node_modules\dunder-proto' [2026-05-31T00:14:42.984Z] [0] included to synchronization
. 2026-05-31 18:25:58.314 Local file 'C:\Users\Julian\Documents\git\junkyard_pro\node_modules\ee-first' [2026-05-31T00:14:42.788Z] [0] included to synchronization
. 2026-05-31 18:25:58.314 Local file 'C:\Users\Julian\Documents\git\junkyard_pro\node_modules\encodeurl' [2026-05-31T00:14:42.793Z] [0] included to synchronization
. 2026-05-31 18:25:58.314 Local file 'C:\Users\Julian\Documents\git\junkyard_pro\node_modules\encoding-sniffer' [2026-05-31T00:14:43.152Z] [0] included to synchronization
. 2026-05-31 18:25:58.314 Local file 'C:\Users\Julian\Documents\git\junkyard_pro\node_modules\entities' [2026-05-31T00:14:43.383Z] [0] included to synchronization
. 2026-05-31 18:25:58.314 Local file 'C:\Users\Julian\Documents\git\junkyard_pro\node_modules\es-define-property' [2026-05-31T00:14:42.938Z] [0] included to synchronization
. 2026-05-31 18:25:58.314 Local file 'C:\Users\Julian\Documents\git\junkyard_pro\node_modules\es-errors' [2026-05-31T00:14:43.022Z] [0] included to synchronization
. 2026-05-31 18:25:58.314 Local file 'C:\Users\Julian\Documents\git\junkyard_pro\node_modules\es-object-atoms' [2026-05-31T00:14:42.985Z] [0] included to synchronization
. 2026-05-31 18:25:58.314 Local file 'C:\Users\Julian\Documents\git\junkyard_pro\node_modules\es-set-tostringtag' [2026-05-31T00:14:42.929Z] [0] included to synchronization
. 2026-05-31 18:25:58.314 Local file 'C:\Users\Julian\Documents\git\junkyard_pro\node_modules\escape-html' [2026-05-31T00:14:42.793Z] [0] included to synchronization
. 2026-05-31 18:25:58.314 Local file 'C:\Users\Julian\Documents\git\junkyard_pro\node_modules\etag' [2026-05-31T00:14:42.827Z] [0] included to synchronization
. 2026-05-31 18:25:58.314 Local file 'C:\Users\Julian\Documents\git\junkyard_pro\node_modules\express' [2026-05-31T00:14:43.050Z] [0] included to synchronization
. 2026-05-31 18:25:58.314 Local file 'C:\Users\Julian\Documents\git\junkyard_pro\node_modules\finalhandler' [2026-05-31T00:14:42.866Z] [0] included to synchronization
. 2026-05-31 18:25:58.314 Local file 'C:\Users\Julian\Documents\git\junkyard_pro\node_modules\follow-redirects' [2026-05-31T00:14:42.886Z] [0] included to synchronization
. 2026-05-31 18:25:58.314 Local file 'C:\Users\Julian\Documents\git\junkyard_pro\node_modules\form-data' [2026-05-31T00:14:42.938Z] [0] included to synchronization
. 2026-05-31 18:25:58.314 Local file 'C:\Users\Julian\Documents\git\junkyard_pro\node_modules\forwarded' [2026-05-31T00:14:42.818Z] [0] included to synchronization
. 2026-05-31 18:25:58.314 Local file 'C:\Users\Julian\Documents\git\junkyard_pro\node_modules\fresh' [2026-05-31T00:14:42.827Z] [0] included to synchronization
. 2026-05-31 18:25:58.314 Local file 'C:\Users\Julian\Documents\git\junkyard_pro\node_modules\function-bind' [2026-05-31T00:14:42.949Z] [0] included to synchronization
. 2026-05-31 18:25:58.314 Local file 'C:\Users\Julian\Documents\git\junkyard_pro\node_modules\get-intrinsic' [2026-05-31T00:14:42.919Z] [0] included to synchronization
. 2026-05-31 18:25:58.314 Local file 'C:\Users\Julian\Documents\git\junkyard_pro\node_modules\get-proto' [2026-05-31T00:14:42.976Z] [0] included to synchronization
. 2026-05-31 18:25:58.314 Local file 'C:\Users\Julian\Documents\git\junkyard_pro\node_modules\gopd' [2026-05-31T00:14:42.950Z] [0] included to synchronization
. 2026-05-31 18:25:58.314 Local file 'C:\Users\Julian\Documents\git\junkyard_pro\node_modules\has-symbols' [2026-05-31T00:14:43.000Z] [0] included to synchronization
. 2026-05-31 18:25:58.314 Local file 'C:\Users\Julian\Documents\git\junkyard_pro\node_modules\has-tostringtag' [2026-05-31T00:14:42.999Z] [0] included to synchronization
. 2026-05-31 18:25:58.314 Local file 'C:\Users\Julian\Documents\git\junkyard_pro\node_modules\hasown' [2026-05-31T00:14:42.917Z] [0] included to synchronization
. 2026-05-31 18:25:58.314 Local file 'C:\Users\Julian\Documents\git\junkyard_pro\node_modules\htmlparser2' [2026-05-31T00:14:43.209Z] [0] included to synchronization
. 2026-05-31 18:25:58.314 Local file 'C:\Users\Julian\Documents\git\junkyard_pro\node_modules\http-errors' [2026-05-31T00:14:42.832Z] [0] included to synchronization
. 2026-05-31 18:25:58.314 Local file 'C:\Users\Julian\Documents\git\junkyard_pro\node_modules\https-proxy-agent' [2026-05-31T00:14:42.936Z] [0] included to synchronization
. 2026-05-31 18:25:58.314 Local file 'C:\Users\Julian\Documents\git\junkyard_pro\node_modules\iconv-lite' [2026-05-31T00:14:43.202Z] [0] included to synchronization
. 2026-05-31 18:25:58.314 Local file 'C:\Users\Julian\Documents\git\junkyard_pro\node_modules\inherits' [2026-05-31T00:14:42.818Z] [0] included to synchronization
. 2026-05-31 18:25:58.314 Local file 'C:\Users\Julian\Documents\git\junkyard_pro\node_modules\ipaddr.js' [2026-05-31T00:14:42.822Z] [0] included to synchronization
. 2026-05-31 18:25:58.314 Local file 'C:\Users\Julian\Documents\git\junkyard_pro\node_modules\math-intrinsics' [2026-05-31T00:14:43.143Z] [0] included to synchronization
. 2026-05-31 18:25:58.314 Local file 'C:\Users\Julian\Documents\git\junkyard_pro\node_modules\media-typer' [2026-05-31T00:14:42.817Z] [0] included to synchronization
. 2026-05-31 18:25:58.314 Local file 'C:\Users\Julian\Documents\git\junkyard_pro\node_modules\merge-descriptors' [2026-05-31T00:14:42.824Z] [0] included to synchronization
. 2026-05-31 18:25:58.314 Local file 'C:\Users\Julian\Documents\git\junkyard_pro\node_modules\methods' [2026-05-31T00:14:42.827Z] [0] included to synchronization
. 2026-05-31 18:25:58.314 Local file 'C:\Users\Julian\Documents\git\junkyard_pro\node_modules\mime' [2026-05-31T00:14:42.930Z] [0] included to synchronization
. 2026-05-31 18:25:58.314 Local file 'C:\Users\Julian\Documents\git\junkyard_pro\node_modules\mime-db' [2026-05-31T00:14:42.909Z] [0] included to synchronization
. 2026-05-31 18:25:58.314 Local file 'C:\Users\Julian\Documents\git\junkyard_pro\node_modules\mime-types' [2026-05-31T00:14:42.836Z] [0] included to synchronization
. 2026-05-31 18:25:58.315 Local file 'C:\Users\Julian\Documents\git\junkyard_pro\node_modules\ms' [2026-05-31T00:14:42.790Z] [0] included to synchronization
. 2026-05-31 18:25:58.315 Local file 'C:\Users\Julian\Documents\git\junkyard_pro\node_modules\negotiator' [2026-05-31T00:14:42.935Z] [0] included to synchronization
. 2026-05-31 18:25:58.315 Local file 'C:\Users\Julian\Documents\git\junkyard_pro\node_modules\nth-check' [2026-05-31T00:14:43.106Z] [0] included to synchronization
. 2026-05-31 18:25:58.315 Local file 'C:\Users\Julian\Documents\git\junkyard_pro\node_modules\object-assign' [2026-05-31T00:14:42.795Z] [0] included to synchronization
. 2026-05-31 18:25:58.315 Local file 'C:\Users\Julian\Documents\git\junkyard_pro\node_modules\object-inspect' [2026-05-31T00:14:43.168Z] [0] included to synchronization
. 2026-05-31 18:25:58.315 Local file 'C:\Users\Julian\Documents\git\junkyard_pro\node_modules\on-finished' [2026-05-31T00:14:42.828Z] [0] included to synchronization
. 2026-05-31 18:25:58.315 Local file 'C:\Users\Julian\Documents\git\junkyard_pro\node_modules\parse5' [2026-05-31T00:14:43.267Z] [0] included to synchronization
. 2026-05-31 18:25:58.315 Local file 'C:\Users\Julian\Documents\git\junkyard_pro\node_modules\parse5-htmlparser2-tree-adapter' [2026-05-31T00:14:42.899Z] [0] included to synchronization
. 2026-05-31 18:25:58.315 Local file 'C:\Users\Julian\Documents\git\junkyard_pro\node_modules\parse5-parser-stream' [2026-05-31T00:14:42.893Z] [0] included to synchronization
. 2026-05-31 18:25:58.315 Local file 'C:\Users\Julian\Documents\git\junkyard_pro\node_modules\parseurl' [2026-05-31T00:14:42.828Z] [0] included to synchronization
. 2026-05-31 18:25:58.315 Local file 'C:\Users\Julian\Documents\git\junkyard_pro\node_modules\path-to-regexp' [2026-05-31T00:14:42.791Z] [0] included to synchronization
. 2026-05-31 18:25:58.315 Local file 'C:\Users\Julian\Documents\git\junkyard_pro\node_modules\proxy-addr' [2026-05-31T00:14:42.827Z] [0] included to synchronization
. 2026-05-31 18:25:58.315 Local file 'C:\Users\Julian\Documents\git\junkyard_pro\node_modules\proxy-from-env' [2026-05-31T00:14:42.830Z] [0] included to synchronization
. 2026-05-31 18:25:58.315 Local file 'C:\Users\Julian\Documents\git\junkyard_pro\node_modules\qs' [2026-05-31T00:14:43.076Z] [0] included to synchronization
. 2026-05-31 18:25:58.315 Local file 'C:\Users\Julian\Documents\git\junkyard_pro\node_modules\range-parser' [2026-05-31T00:14:42.827Z] [0] included to synchronization
. 2026-05-31 18:25:58.315 Local file 'C:\Users\Julian\Documents\git\junkyard_pro\node_modules\raw-body' [2026-05-31T00:14:42.834Z] [0] included to synchronization
. 2026-05-31 18:25:58.315 Local file 'C:\Users\Julian\Documents\git\junkyard_pro\node_modules\safe-buffer' [2026-05-31T00:14:42.836Z] [0] included to synchronization
. 2026-05-31 18:25:58.315 Local file 'C:\Users\Julian\Documents\git\junkyard_pro\node_modules\safer-buffer' [2026-05-31T00:14:42.884Z] [0] included to synchronization
. 2026-05-31 18:25:58.315 Local file 'C:\Users\Julian\Documents\git\junkyard_pro\node_modules\send' [2026-05-31T00:14:42.874Z] [0] included to synchronization
. 2026-05-31 18:25:58.315 Local file 'C:\Users\Julian\Documents\git\junkyard_pro\node_modules\serve-static' [2026-05-31T00:14:42.835Z] [0] included to synchronization
. 2026-05-31 18:25:58.315 Local file 'C:\Users\Julian\Documents\git\junkyard_pro\node_modules\setprototypeof' [2026-05-31T00:14:42.851Z] [0] included to synchronization
. 2026-05-31 18:25:58.315 Local file 'C:\Users\Julian\Documents\git\junkyard_pro\node_modules\side-channel' [2026-05-31T00:14:42.952Z] [0] included to synchronization
. 2026-05-31 18:25:58.315 Local file 'C:\Users\Julian\Documents\git\junkyard_pro\node_modules\side-channel-list' [2026-05-31T00:14:42.959Z] [0] included to synchronization
. 2026-05-31 18:25:58.315 Local file 'C:\Users\Julian\Documents\git\junkyard_pro\node_modules\side-channel-map' [2026-05-31T00:14:42.950Z] [0] included to synchronization
. 2026-05-31 18:25:58.315 Local file 'C:\Users\Julian\Documents\git\junkyard_pro\node_modules\side-channel-weakmap' [2026-05-31T00:14:42.948Z] [0] included to synchronization
. 2026-05-31 18:25:58.315 Local file 'C:\Users\Julian\Documents\git\junkyard_pro\node_modules\statuses' [2026-05-31T00:14:42.854Z] [0] included to synchronization
. 2026-05-31 18:25:58.315 Local file 'C:\Users\Julian\Documents\git\junkyard_pro\node_modules\toidentifier' [2026-05-31T00:14:42.822Z] [0] included to synchronization
. 2026-05-31 18:25:58.315 Local file 'C:\Users\Julian\Documents\git\junkyard_pro\node_modules\type-is' [2026-05-31T00:14:42.820Z] [0] included to synchronization
. 2026-05-31 18:25:58.315 Local file 'C:\Users\Julian\Documents\git\junkyard_pro\node_modules\undici' [2026-05-31T00:14:43.725Z] [0] included to synchronization
. 2026-05-31 18:25:58.315 Local file 'C:\Users\Julian\Documents\git\junkyard_pro\node_modules\unpipe' [2026-05-31T00:14:42.820Z] [0] included to synchronization
. 2026-05-31 18:25:58.315 Local file 'C:\Users\Julian\Documents\git\junkyard_pro\node_modules\utils-merge' [2026-05-31T00:14:42.823Z] [0] included to synchronization
. 2026-05-31 18:25:58.315 Local file 'C:\Users\Julian\Documents\git\junkyard_pro\node_modules\vary' [2026-05-31T00:14:42.831Z] [0] included to synchronization
. 2026-05-31 18:25:58.315 Local file 'C:\Users\Julian\Documents\git\junkyard_pro\node_modules\whatwg-encoding' [2026-05-31T00:14:42.884Z] [0] included to synchronization
. 2026-05-31 18:25:58.315 Local file 'C:\Users\Julian\Documents\git\junkyard_pro\node_modules\whatwg-mimetype' [2026-05-31T00:14:42.928Z] [0] included to synchronization
. 2026-05-31 18:25:58.315 Retrieving directory listing...
> 2026-05-31 18:25:58.316 CWD /node_modules
< 2026-05-31 18:25:58.394 250 OK. Current directory is /node_modules
> 2026-05-31 18:25:58.394 PWD
< 2026-05-31 18:25:58.474 257 "/node_modules" is your current location
> 2026-05-31 18:25:58.474 TYPE A
< 2026-05-31 18:25:58.555 200 TYPE is now ASCII
> 2026-05-31 18:25:58.556 PASV
< 2026-05-31 18:25:58.632 227 Entering Passive Mode (40,90,253,12,217,17)
> 2026-05-31 18:25:58.632 MLSD
. 2026-05-31 18:25:58.632 Connecting to 40.90.253.12:55569 ...
< 2026-05-31 18:25:58.792 150 Accepted data connection
< 2026-05-31 18:25:58.792 226 2 matches total
. 2026-05-31 18:25:58.792 type=cdir;sizd=6;modify=20260530210113;UNIX.mode=0755;UNIX.uid=3142;UNIX.gid=3147;unique=801g3216fbca; .
. 2026-05-31 18:25:58.792 type=pdir;sizd=254;modify=20260601012113;UNIX.mode=0755;UNIX.uid=3142;UNIX.gid=65534;unique=801g3a0761d8; ..
. 2026-05-31 18:25:58.792 Data connection closed
. 2026-05-31 18:25:58.792 <Empty directory listing>
. 2026-05-31 18:25:58.793 Directory listing successful
. 2026-05-31 18:25:58.793 ..;D;0;1899-12-30T08:00:00.000Z;0;"" [0];"" [0];---------;0
. 2026-05-31 18:25:58.793 Local file 'C:\Users\Julian\Documents\git\junkyard_pro\node_modules\.bin' [2026-05-31T00:14:43.790Z] [0] is new
. 2026-05-31 18:25:58.793 Local file 'C:\Users\Julian\Documents\git\junkyard_pro\node_modules\.package-lock.json' [2026-05-31T00:14:43.853Z] [49079] is new
. 2026-05-31 18:25:58.793 Local file 'C:\Users\Julian\Documents\git\junkyard_pro\node_modules\accepts' [2026-05-31T00:14:42.828Z] [0] is new
. 2026-05-31 18:25:58.793 Local file 'C:\Users\Julian\Documents\git\junkyard_pro\node_modules\agent-base' [2026-05-31T00:14:42.956Z] [0] is new
. 2026-05-31 18:25:58.793 Local file 'C:\Users\Julian\Documents\git\junkyard_pro\node_modules\array-flatten' [2026-05-31T00:14:42.795Z] [0] is new
. 2026-05-31 18:25:58.793 Local file 'C:\Users\Julian\Documents\git\junkyard_pro\node_modules\asynckit' [2026-05-31T00:14:42.917Z] [0] is new
. 2026-05-31 18:25:58.793 Local file 'C:\Users\Julian\Documents\git\junkyard_pro\node_modules\axios' [2026-05-31T00:14:43.592Z] [0] is new
. 2026-05-31 18:25:58.793 Local file 'C:\Users\Julian\Documents\git\junkyard_pro\node_modules\body-parser' [2026-05-31T00:14:42.975Z] [0] is new
. 2026-05-31 18:25:58.793 Local file 'C:\Users\Julian\Documents\git\junkyard_pro\node_modules\boolbase' [2026-05-31T00:14:42.767Z] [0] is new
. 2026-05-31 18:25:58.793 Local file 'C:\Users\Julian\Documents\git\junkyard_pro\node_modules\bytes' [2026-05-31T00:14:42.820Z] [0] is new
. 2026-05-31 18:25:58.793 Local file 'C:\Users\Julian\Documents\git\junkyard_pro\node_modules\call-bind-apply-helpers' [2026-05-31T00:14:43.017Z] [0] is new
. 2026-05-31 18:25:58.793 Local file 'C:\Users\Julian\Documents\git\junkyard_pro\node_modules\call-bound' [2026-05-31T00:14:42.933Z] [0] is new
. 2026-05-31 18:25:58.794 Local file 'C:\Users\Julian\Documents\git\junkyard_pro\node_modules\cheerio' [2026-05-31T00:14:43.674Z] [0] is new
. 2026-05-31 18:25:58.794 Local file 'C:\Users\Julian\Documents\git\junkyard_pro\node_modules\cheerio-select' [2026-05-31T00:14:43.120Z] [0] is new
. 2026-05-31 18:25:58.794 Local file 'C:\Users\Julian\Documents\git\junkyard_pro\node_modules\combined-stream' [2026-05-31T00:14:42.814Z] [0] is new
. 2026-05-31 18:25:58.794 Local file 'C:\Users\Julian\Documents\git\junkyard_pro\node_modules\content-disposition' [2026-05-31T00:14:42.840Z] [0] is new
. 2026-05-31 18:25:58.794 Local file 'C:\Users\Julian\Documents\git\junkyard_pro\node_modules\content-type' [2026-05-31T00:14:42.828Z] [0] is new
. 2026-05-31 18:25:58.794 Local file 'C:\Users\Julian\Documents\git\junkyard_pro\node_modules\cookie' [2026-05-31T00:14:42.837Z] [0] is new
. 2026-05-31 18:25:58.794 Local file 'C:\Users\Julian\Documents\git\junkyard_pro\node_modules\cookie-signature' [2026-05-31T00:14:42.792Z] [0] is new
. 2026-05-31 18:25:58.794 Local file 'C:\Users\Julian\Documents\git\junkyard_pro\node_modules\cors' [2026-05-31T00:14:42.810Z] [0] is new
. 2026-05-31 18:25:58.794 Local file 'C:\Users\Julian\Documents\git\junkyard_pro\node_modules\css-select' [2026-05-31T00:14:43.535Z] [0] is new
. 2026-05-31 18:25:58.794 Local file 'C:\Users\Julian\Documents\git\junkyard_pro\node_modules\css-what' [2026-05-31T00:14:43.100Z] [0] is new
. 2026-05-31 18:25:58.794 Local file 'C:\Users\Julian\Documents\git\junkyard_pro\node_modules\debug' [2026-05-31T00:14:42.957Z] [0] is new
. 2026-05-31 18:25:58.794 Local file 'C:\Users\Julian\Documents\git\junkyard_pro\node_modules\delayed-stream' [2026-05-31T00:14:42.851Z] [0] is new
. 2026-05-31 18:25:58.794 Local file 'C:\Users\Julian\Documents\git\junkyard_pro\node_modules\depd' [2026-05-31T00:14:42.862Z] [0] is new
. 2026-05-31 18:25:58.794 Local file 'C:\Users\Julian\Documents\git\junkyard_pro\node_modules\destroy' [2026-05-31T00:14:42.791Z] [0] is new
. 2026-05-31 18:25:58.794 Local file 'C:\Users\Julian\Documents\git\junkyard_pro\node_modules\domelementtype' [2026-05-31T00:14:42.944Z] [0] is new
. 2026-05-31 18:25:58.795 Local file 'C:\Users\Julian\Documents\git\junkyard_pro\node_modules\domhandler' [2026-05-31T00:14:43.005Z] [0] is new
. 2026-05-31 18:25:58.795 Local file 'C:\Users\Julian\Documents\git\junkyard_pro\node_modules\dom-serializer' [2026-05-31T00:14:43.000Z] [0] is new
. 2026-05-31 18:25:58.795 Local file 'C:\Users\Julian\Documents\git\junkyard_pro\node_modules\domutils' [2026-05-31T00:14:43.287Z] [0] is new
. 2026-05-31 18:25:58.795 Local file 'C:\Users\Julian\Documents\git\junkyard_pro\node_modules\dunder-proto' [2026-05-31T00:14:42.984Z] [0] is new
. 2026-05-31 18:25:58.795 Local file 'C:\Users\Julian\Documents\git\junkyard_pro\node_modules\ee-first' [2026-05-31T00:14:42.788Z] [0] is new
. 2026-05-31 18:25:58.795 Local file 'C:\Users\Julian\Documents\git\junkyard_pro\node_modules\encodeurl' [2026-05-31T00:14:42.793Z] [0] is new
. 2026-05-31 18:25:58.795 Local file 'C:\Users\Julian\Documents\git\junkyard_pro\node_modules\encoding-sniffer' [2026-05-31T00:14:43.152Z] [0] is new
. 2026-05-31 18:25:58.795 Local file 'C:\Users\Julian\Documents\git\junkyard_pro\node_modules\entities' [2026-05-31T00:14:43.383Z] [0] is new
. 2026-05-31 18:25:58.795 Local file 'C:\Users\Julian\Documents\git\junkyard_pro\node_modules\escape-html' [2026-05-31T00:14:42.793Z] [0] is new
. 2026-05-31 18:25:58.795 Local file 'C:\Users\Julian\Documents\git\junkyard_pro\node_modules\es-define-property' [2026-05-31T00:14:42.938Z] [0] is new
. 2026-05-31 18:25:58.795 Local file 'C:\Users\Julian\Documents\git\junkyard_pro\node_modules\es-errors' [2026-05-31T00:14:43.022Z] [0] is new
. 2026-05-31 18:25:58.795 Local file 'C:\Users\Julian\Documents\git\junkyard_pro\node_modules\es-object-atoms' [2026-05-31T00:14:42.985Z] [0] is new
. 2026-05-31 18:25:58.795 Local file 'C:\Users\Julian\Documents\git\junkyard_pro\node_modules\es-set-tostringtag' [2026-05-31T00:14:42.929Z] [0] is new
. 2026-05-31 18:25:58.795 Local file 'C:\Users\Julian\Documents\git\junkyard_pro\node_modules\etag' [2026-05-31T00:14:42.827Z] [0] is new
. 2026-05-31 18:25:58.795 Local file 'C:\Users\Julian\Documents\git\junkyard_pro\node_modules\express' [2026-05-31T00:14:43.050Z] [0] is new
. 2026-05-31 18:25:58.795 Local file 'C:\Users\Julian\Documents\git\junkyard_pro\node_modules\finalhandler' [2026-05-31T00:14:42.866Z] [0] is new
. 2026-05-31 18:25:58.795 Local file 'C:\Users\Julian\Documents\git\junkyard_pro\node_modules\follow-redirects' [2026-05-31T00:14:42.886Z] [0] is new
. 2026-05-31 18:25:58.796 Local file 'C:\Users\Julian\Documents\git\junkyard_pro\node_modules\form-data' [2026-05-31T00:14:42.938Z] [0] is new
. 2026-05-31 18:25:58.796 Local file 'C:\Users\Julian\Documents\git\junkyard_pro\node_modules\forwarded' [2026-05-31T00:14:42.818Z] [0] is new
. 2026-05-31 18:25:58.796 Local file 'C:\Users\Julian\Documents\git\junkyard_pro\node_modules\fresh' [2026-05-31T00:14:42.827Z] [0] is new
. 2026-05-31 18:25:58.796 Local file 'C:\Users\Julian\Documents\git\junkyard_pro\node_modules\function-bind' [2026-05-31T00:14:42.949Z] [0] is new
. 2026-05-31 18:25:58.796 Local file 'C:\Users\Julian\Documents\git\junkyard_pro\node_modules\get-intrinsic' [2026-05-31T00:14:42.919Z] [0] is new
. 2026-05-31 18:25:58.796 Local file 'C:\Users\Julian\Documents\git\junkyard_pro\node_modules\get-proto' [2026-05-31T00:14:42.976Z] [0] is new
. 2026-05-31 18:25:58.796 Local file 'C:\Users\Julian\Documents\git\junkyard_pro\node_modules\gopd' [2026-05-31T00:14:42.950Z] [0] is new
. 2026-05-31 18:25:58.796 Local file 'C:\Users\Julian\Documents\git\junkyard_pro\node_modules\hasown' [2026-05-31T00:14:42.917Z] [0] is new
. 2026-05-31 18:25:58.796 Local file 'C:\Users\Julian\Documents\git\junkyard_pro\node_modules\has-symbols' [2026-05-31T00:14:43.000Z] [0] is new
. 2026-05-31 18:25:58.796 Local file 'C:\Users\Julian\Documents\git\junkyard_pro\node_modules\has-tostringtag' [2026-05-31T00:14:42.999Z] [0] is new
. 2026-05-31 18:25:58.796 Local file 'C:\Users\Julian\Documents\git\junkyard_pro\node_modules\htmlparser2' [2026-05-31T00:14:43.209Z] [0] is new
. 2026-05-31 18:25:58.796 Local file 'C:\Users\Julian\Documents\git\junkyard_pro\node_modules\http-errors' [2026-05-31T00:14:42.832Z] [0] is new
. 2026-05-31 18:25:58.796 Local file 'C:\Users\Julian\Documents\git\junkyard_pro\node_modules\https-proxy-agent' [2026-05-31T00:14:42.936Z] [0] is new
. 2026-05-31 18:25:58.796 Local file 'C:\Users\Julian\Documents\git\junkyard_pro\node_modules\iconv-lite' [2026-05-31T00:14:43.202Z] [0] is new
. 2026-05-31 18:25:58.796 Local file 'C:\Users\Julian\Documents\git\junkyard_pro\node_modules\inherits' [2026-05-31T00:14:42.818Z] [0] is new
. 2026-05-31 18:25:58.796 Local file 'C:\Users\Julian\Documents\git\junkyard_pro\node_modules\ipaddr.js' [2026-05-31T00:14:42.822Z] [0] is new
. 2026-05-31 18:25:58.796 Local file 'C:\Users\Julian\Documents\git\junkyard_pro\node_modules\math-intrinsics' [2026-05-31T00:14:43.143Z] [0] is new
. 2026-05-31 18:25:58.797 Local file 'C:\Users\Julian\Documents\git\junkyard_pro\node_modules\media-typer' [2026-05-31T00:14:42.817Z] [0] is new
. 2026-05-31 18:25:58.797 Local file 'C:\Users\Julian\Documents\git\junkyard_pro\node_modules\merge-descriptors' [2026-05-31T00:14:42.824Z] [0] is new
. 2026-05-31 18:25:58.797 Local file 'C:\Users\Julian\Documents\git\junkyard_pro\node_modules\methods' [2026-05-31T00:14:42.827Z] [0] is new
. 2026-05-31 18:25:58.797 Local file 'C:\Users\Julian\Documents\git\junkyard_pro\node_modules\mime' [2026-05-31T00:14:42.930Z] [0] is new
. 2026-05-31 18:25:58.797 Local file 'C:\Users\Julian\Documents\git\junkyard_pro\node_modules\mime-db' [2026-05-31T00:14:42.909Z] [0] is new
. 2026-05-31 18:25:58.797 Local file 'C:\Users\Julian\Documents\git\junkyard_pro\node_modules\mime-types' [2026-05-31T00:14:42.836Z] [0] is new
. 2026-05-31 18:25:58.797 Local file 'C:\Users\Julian\Documents\git\junkyard_pro\node_modules\ms' [2026-05-31T00:14:42.790Z] [0] is new
. 2026-05-31 18:25:58.797 Local file 'C:\Users\Julian\Documents\git\junkyard_pro\node_modules\negotiator' [2026-05-31T00:14:42.935Z] [0] is new
. 2026-05-31 18:25:58.797 Local file 'C:\Users\Julian\Documents\git\junkyard_pro\node_modules\nth-check' [2026-05-31T00:14:43.106Z] [0] is new
. 2026-05-31 18:25:58.797 Local file 'C:\Users\Julian\Documents\git\junkyard_pro\node_modules\object-assign' [2026-05-31T00:14:42.795Z] [0] is new
. 2026-05-31 18:25:58.797 Local file 'C:\Users\Julian\Documents\git\junkyard_pro\node_modules\object-inspect' [2026-05-31T00:14:43.168Z] [0] is new
. 2026-05-31 18:25:58.797 Local file 'C:\Users\Julian\Documents\git\junkyard_pro\node_modules\on-finished' [2026-05-31T00:14:42.828Z] [0] is new
. 2026-05-31 18:25:58.797 Local file 'C:\Users\Julian\Documents\git\junkyard_pro\node_modules\parse5' [2026-05-31T00:14:43.267Z] [0] is new
. 2026-05-31 18:25:58.797 Local file 'C:\Users\Julian\Documents\git\junkyard_pro\node_modules\parse5-htmlparser2-tree-adapter' [2026-05-31T00:14:42.899Z] [0] is new
. 2026-05-31 18:25:58.797 Local file 'C:\Users\Julian\Documents\git\junkyard_pro\node_modules\parse5-parser-stream' [2026-05-31T00:14:42.893Z] [0] is new
. 2026-05-31 18:25:58.797 Local file 'C:\Users\Julian\Documents\git\junkyard_pro\node_modules\parseurl' [2026-05-31T00:14:42.828Z] [0] is new
. 2026-05-31 18:25:58.797 Local file 'C:\Users\Julian\Documents\git\junkyard_pro\node_modules\path-to-regexp' [2026-05-31T00:14:42.791Z] [0] is new
. 2026-05-31 18:25:58.798 Local file 'C:\Users\Julian\Documents\git\junkyard_pro\node_modules\proxy-addr' [2026-05-31T00:14:42.827Z] [0] is new
. 2026-05-31 18:25:58.798 Local file 'C:\Users\Julian\Documents\git\junkyard_pro\node_modules\proxy-from-env' [2026-05-31T00:14:42.830Z] [0] is new
. 2026-05-31 18:25:58.798 Local file 'C:\Users\Julian\Documents\git\junkyard_pro\node_modules\qs' [2026-05-31T00:14:43.076Z] [0] is new
. 2026-05-31 18:25:58.798 Local file 'C:\Users\Julian\Documents\git\junkyard_pro\node_modules\range-parser' [2026-05-31T00:14:42.827Z] [0] is new
. 2026-05-31 18:25:58.798 Local file 'C:\Users\Julian\Documents\git\junkyard_pro\node_modules\raw-body' [2026-05-31T00:14:42.834Z] [0] is new
. 2026-05-31 18:25:58.798 Local file 'C:\Users\Julian\Documents\git\junkyard_pro\node_modules\safe-buffer' [2026-05-31T00:14:42.836Z] [0] is new
. 2026-05-31 18:25:58.798 Local file 'C:\Users\Julian\Documents\git\junkyard_pro\node_modules\safer-buffer' [2026-05-31T00:14:42.884Z] [0] is new
. 2026-05-31 18:25:58.798 Local file 'C:\Users\Julian\Documents\git\junkyard_pro\node_modules\send' [2026-05-31T00:14:42.874Z] [0] is new
. 2026-05-31 18:25:58.798 Local file 'C:\Users\Julian\Documents\git\junkyard_pro\node_modules\serve-static' [2026-05-31T00:14:42.835Z] [0] is new
. 2026-05-31 18:25:58.798 Local file 'C:\Users\Julian\Documents\git\junkyard_pro\node_modules\setprototypeof' [2026-05-31T00:14:42.851Z] [0] is new
. 2026-05-31 18:25:58.798 Local file 'C:\Users\Julian\Documents\git\junkyard_pro\node_modules\side-channel' [2026-05-31T00:14:42.952Z] [0] is new
. 2026-05-31 18:25:58.798 Local file 'C:\Users\Julian\Documents\git\junkyard_pro\node_modules\side-channel-list' [2026-05-31T00:14:42.959Z] [0] is new
. 2026-05-31 18:25:58.798 Local file 'C:\Users\Julian\Documents\git\junkyard_pro\node_modules\side-channel-map' [2026-05-31T00:14:42.950Z] [0] is new
. 2026-05-31 18:25:58.798 Local file 'C:\Users\Julian\Documents\git\junkyard_pro\node_modules\side-channel-weakmap' [2026-05-31T00:14:42.948Z] [0] is new
. 2026-05-31 18:25:58.798 Local file 'C:\Users\Julian\Documents\git\junkyard_pro\node_modules\statuses' [2026-05-31T00:14:42.854Z] [0] is new
. 2026-05-31 18:25:58.798 Local file 'C:\Users\Julian\Documents\git\junkyard_pro\node_modules\toidentifier' [2026-05-31T00:14:42.822Z] [0] is new
. 2026-05-31 18:25:58.798 Local file 'C:\Users\Julian\Documents\git\junkyard_pro\node_modules\type-is' [2026-05-31T00:14:42.820Z] [0] is new
. 2026-05-31 18:25:58.799 Local file 'C:\Users\Julian\Documents\git\junkyard_pro\node_modules\undici' [2026-05-31T00:14:43.725Z] [0] is new
. 2026-05-31 18:25:58.799 Local file 'C:\Users\Julian\Documents\git\junkyard_pro\node_modules\unpipe' [2026-05-31T00:14:42.820Z] [0] is new
. 2026-05-31 18:25:58.799 Local file 'C:\Users\Julian\Documents\git\junkyard_pro\node_modules\utils-merge' [2026-05-31T00:14:42.823Z] [0] is new
. 2026-05-31 18:25:58.799 Local file 'C:\Users\Julian\Documents\git\junkyard_pro\node_modules\vary' [2026-05-31T00:14:42.831Z] [0] is new
. 2026-05-31 18:25:58.799 Local file 'C:\Users\Julian\Documents\git\junkyard_pro\node_modules\whatwg-encoding' [2026-05-31T00:14:42.884Z] [0] is new
. 2026-05-31 18:25:58.799 Local file 'C:\Users\Julian\Documents\git\junkyard_pro\node_modules\whatwg-mimetype' [2026-05-31T00:14:42.928Z] [0] is new
. 2026-05-31 18:25:58.809 Local file 'C:\Users\Julian\Documents\git\junkyard_pro\package-lock.json' [2026-05-31T00:14:43.831Z] [49321] is modified comparing to remote file '/package-lock.json' [2026-05-30T21:00:51.000Z] [98467]
. 2026-05-31 18:25:58.815 Remote file '/server.js' [2026-06-01T00:52:59.000Z] [23227] is modified comparing to local file 'C:\Users\Julian\Documents\git\junkyard_pro\server.js' [2026-06-01T00:52:30.494Z] [23227]
. 2026-05-31 18:25:58.815 Collecting synchronization list for local directory 'C:\Users\Julian\Documents\git\junkyard_pro\public' and remote directory '/public', mode = Remote, params = 0x3 (Delete, NoConfirmation), file mask = ''
. 2026-05-31 18:25:58.816 Local file 'C:\Users\Julian\Documents\git\junkyard_pro\public\.' [2026-05-30T21:12:16.057Z] [0] excluded from synchronization
. 2026-05-31 18:25:58.817 Local file 'C:\Users\Julian\Documents\git\junkyard_pro\public\..' [2026-05-30T21:12:16.057Z] [0] excluded from synchronization
. 2026-05-31 18:25:58.817 Local file 'C:\Users\Julian\Documents\git\junkyard_pro\public\app.js' [2026-05-30T21:12:16.056Z] [8875] included to synchronization
. 2026-05-31 18:25:58.817 Local file 'C:\Users\Julian\Documents\git\junkyard_pro\public\index.html' [2026-06-01T01:21:02.063Z] [27477] included to synchronization
. 2026-05-31 18:25:58.817 Local file 'C:\Users\Julian\Documents\git\junkyard_pro\public\styles.css' [2026-05-30T21:12:16.057Z] [5248] included to synchronization
. 2026-05-31 18:25:58.817 Retrieving directory listing...
> 2026-05-31 18:25:58.817 CWD /public
< 2026-05-31 18:25:58.896 250 OK. Current directory is /public
> 2026-05-31 18:25:58.896 PWD
< 2026-05-31 18:25:58.972 257 "/public" is your current location
> 2026-05-31 18:25:58.972 TYPE A
< 2026-05-31 18:25:59.050 200 TYPE is now ASCII
> 2026-05-31 18:25:59.051 PASV
< 2026-05-31 18:25:59.133 227 Entering Passive Mode (40,90,253,12,246,148)
> 2026-05-31 18:25:59.133 MLSD
. 2026-05-31 18:25:59.133 Connecting to 40.90.253.12:63124 ...
< 2026-05-31 18:25:59.296 150 Accepted data connection
< 2026-05-31 18:25:59.296 226 5 matches total
. 2026-05-31 18:25:59.298 type=cdir;sizd=56;modify=20260530210149;UNIX.mode=0755;UNIX.uid=3142;UNIX.gid=3147;unique=801g34a2d139; .
. 2026-05-31 18:25:59.299 type=pdir;sizd=254;modify=20260601012113;UNIX.mode=0755;UNIX.uid=3142;UNIX.gid=65534;unique=801g3a0761d8; ..
. 2026-05-31 18:25:59.300 type=file;size=4927;modify=20260530210148;UNIX.mode=0644;UNIX.uid=3142;UNIX.gid=3147;unique=801g480f29ad; styles.css
. 2026-05-31 18:25:59.300 type=file;size=8601;modify=20260530210148;UNIX.mode=0644;UNIX.uid=3142;UNIX.gid=3147;unique=801g480f29a4; app.js
. 2026-05-31 18:25:59.301 type=file;size=20294;modify=20260530210148;UNIX.mode=0644;UNIX.uid=3142;UNIX.gid=3147;unique=801g480f29a5; index.html
. 2026-05-31 18:25:59.301 Data connection closed
. 2026-05-31 18:25:59.302 Directory listing successful
. 2026-05-31 18:25:59.302 ..;D;0;1899-12-30T08:00:00.000Z;0;"" [0];"" [0];---------;0
. 2026-05-31 18:25:59.302 styles.css;-;4927;2026-05-30T21:01:48.000Z;4;"3142" [0];"3147" [0];rw-r--r--;0
. 2026-05-31 18:25:59.302 app.js;-;8601;2026-05-30T21:01:48.000Z;4;"3142" [0];"3147" [0];rw-r--r--;0
. 2026-05-31 18:25:59.302 index.html;-;20294;2026-05-30T21:01:48.000Z;4;"3142" [0];"3147" [0];rw-r--r--;0
. 2026-05-31 18:25:59.306 Local file 'C:\Users\Julian\Documents\git\junkyard_pro\public\styles.css' [2026-05-30T21:12:16.057Z] [5248] is modified comparing to remote file '/public/styles.css' [2026-05-30T21:01:48.000Z] [4927]
. 2026-05-31 18:25:59.307 Local file 'C:\Users\Julian\Documents\git\junkyard_pro\public\app.js' [2026-05-30T21:12:16.056Z] [8875] is modified comparing to remote file '/public/app.js' [2026-05-30T21:01:48.000Z] [8601]
. 2026-05-31 18:25:59.307 Local file 'C:\Users\Julian\Documents\git\junkyard_pro\public\index.html' [2026-06-01T01:21:02.063Z] [27477] is modified comparing to remote file '/public/index.html' [2026-05-30T21:01:48.000Z] [20294]
. 2026-05-31 18:25:59.307 Remote file '/package.json' [2026-05-31T23:29:30.000Z] [373] is modified comparing to local file 'C:\Users\Julian\Documents\git\junkyard_pro\package.json' [2026-05-31T23:08:21.934Z] [373]
. 2026-05-31 18:25:59.311 Local file 'C:\Users\Julian\Documents\git\junkyard_pro\start-site.ps1' [2026-05-30T21:12:16.059Z] [533] is modified comparing to remote file '/start-site.ps1' [2026-05-30T21:00:51.000Z] [518]
. 2026-05-31 18:25:59.311 Remote file '/.well-known' [2026-05-30T21:35:46.000Z] [0] is new
. 2026-05-31 18:25:59.315 Remote file '/railway.toml' [2026-05-30T21:58:25.000Z] [124] is modified comparing to local file 'C:\Users\Julian\Documents\git\junkyard_pro\railway.toml' [2026-05-30T21:57:45.122Z] [124]
. 2026-05-31 18:25:59.319 Remote file '/Dockerfile' [2026-05-30T23:15:18.000Z] [134] is modified comparing to local file 'C:\Users\Julian\Documents\git\junkyard_pro\Dockerfile' [2026-05-30T23:14:37.911Z] [134]
. 2026-05-31 18:25:59.319 Remote file '/junkyardpro.com' [2026-06-01T01:12:28.000Z] [0] is new
. 2026-05-31 18:25:59.323 Remote file '/.ftpquota' [2026-06-01T01:13:26.000Z] [10] is new
. 2026-05-31 18:25:59.323 Local file 'C:\Users\Julian\Documents\git\junkyard_pro\.git' [2026-06-01T01:25:54.580Z] [0] is new
. 2026-05-31 18:25:59.323 Local file 'C:\Users\Julian\Documents\git\junkyard_pro\.gitignore.txt' [2026-05-31T07:35:31.102Z] [21] is new
. 2026-05-31 18:25:59.323 Local file 'C:\Users\Julian\Documents\git\junkyard_pro\deploy.bat' [2026-06-01T01:25:48.515Z] [798] is new
. 2026-05-31 18:25:59.323 Local file 'C:\Users\Julian\Documents\git\junkyard_pro\README.md' [2026-05-30T21:12:16.043Z] [21] is new
. 2026-05-31 18:25:59.323 Local file 'C:\Users\Julian\Documents\git\junkyard_pro\winscp.log' [2026-06-01T01:25:56.986Z] [34563] is new
. 2026-05-31 18:25:59.323 Local file 'C:\Users\Julian\Documents\git\junkyard_pro\winscp_script.txt' [2026-06-01T01:25:56.660Z] [205] is new
. 2026-05-31 18:25:59.323 Local file 'C:\Users\Julian\Documents\git\junkyard_pro\winscp-upload.txt' [2026-05-31T04:01:51.279Z] [213] is new
< 2026-05-31 18:25:59.325 Script: Synchronizing...
. 2026-05-31 18:25:59.326 Synchronizing local directory 'C:\Users\Julian\Documents\git\junkyard_pro\' with remote directory '/', params = 0x3 (Delete, NoConfirmation)
. 2026-05-31 18:25:59.326 Deleting file "/.ftpquota".
> 2026-05-31 18:25:59.327 DELE /.ftpquota
< 2026-05-31 18:25:59.411 250 Deleted /.ftpquota
< 2026-05-31 18:25:59.411 Script: Local 'C:\Users\Julian\Documents\git\junkyard_pro' => Remote '/'
< 2026-05-31 18:25:59.411 Script: '/.ftpquota' deleted
. 2026-05-31 18:25:59.413 Copying 1 files/directories to remote directory "/"
. 2026-05-31 18:25:59.413   PrTime: Yes; PrRO: No; Rght: rw-r--r--; PrR: No (No); FnCs: N; RIC: 0001; Resume: S (102400); CalcS: No; Mask: *.*
. 2026-05-31 18:25:59.413   TM: B; ClAr: No; RemEOF: No; RemBOM: No; CPS: 0; NewerOnly: No; EncryptNewFiles: Yes; ExcludeHiddenFiles: No; ExcludeEmptyDirectories: No; InclM: ; ResumeL: 0
. 2026-05-31 18:25:59.413   AscM: *.*html; *.htm; *.txt; *.php; *.php3; *.cgi; *.c; *.cpp; *.h; *.pas; *.bas; *.tex; *.pl; *.js; .htaccess; *.xtml; *.css; *.cfg; *.ini; *.sh; *.xml
. 2026-05-31 18:25:59.415 File: 'C:\Users\Julian\Documents\git\junkyard_pro\.git' [2026-06-01T01:25:54.580Z] [0]
. 2026-05-31 18:25:59.415 File: 'C:\Users\Julian\Documents\git\junkyard_pro\.git\.COMMIT_EDITMSG.swp' [2026-05-30T21:31:12.721Z] [12288]
. 2026-05-31 18:25:59.424 Copying "C:\Users\Julian\Documents\git\junkyard_pro\.git\.COMMIT_EDITMSG.swp" to remote directory started.
. 2026-05-31 18:25:59.424 Binary transfer mode selected.
. 2026-05-31 18:25:59.424 Starting upload of C:\Users\Julian\Documents\git\junkyard_pro\.git\.COMMIT_EDITMSG.swp
> 2026-05-31 18:25:59.424 CWD /.git
< 2026-05-31 18:25:59.502 550 Can't change directory to /.git: No such file or directory
> 2026-05-31 18:25:59.503 CWD /
< 2026-05-31 18:25:59.588 250 OK. Current directory is /
> 2026-05-31 18:25:59.588 MKD .git
< 2026-05-31 18:25:59.665 257 ".git" : The directory was successfully created
> 2026-05-31 18:25:59.665 CWD /.git
< 2026-05-31 18:25:59.742 250 OK. Current directory is /.git
> 2026-05-31 18:25:59.743 PWD
< 2026-05-31 18:25:59.820 257 "/.git" is your current location
> 2026-05-31 18:25:59.820 TYPE I
< 2026-05-31 18:25:59.898 200 TYPE is now 8-bit binary
> 2026-05-31 18:25:59.898 PASV
< 2026-05-31 18:25:59.976 227 Entering Passive Mode (40,90,253,12,241,102)
> 2026-05-31 18:25:59.977 STOR .COMMIT_EDITMSG.swp
. 2026-05-31 18:25:59.977 Connecting to 40.90.253.12:61798 ...
< 2026-05-31 18:26:00.141 150 Accepted data connection
< 2026-05-31 18:26:00.222 226-File successfully transferred
< 2026-05-31 18:26:00.222 226 0.081 seconds (measured here), 148.99 Kbytes per second
> 2026-05-31 18:26:00.222 MFMT 20260530213112 .COMMIT_EDITMSG.swp
< 2026-05-31 18:26:00.303 213 UTIME OK
. 2026-05-31 18:26:00.303 Upload successful
. 2026-05-31 18:26:00.305 Transfer done: 'C:\Users\Julian\Documents\git\junkyard_pro\.git\.COMMIT_EDITMSG.swp' => '/.git/.COMMIT_EDITMSG.swp' [12288]
. 2026-05-31 18:26:00.305 File: 'C:\Users\Julian\Documents\git\junkyard_pro\.git\COMMIT_EDITMSG' [2026-06-01T01:25:54.573Z] [12]
. 2026-05-31 18:26:00.319 Copying "C:\Users\Julian\Documents\git\junkyard_pro\.git\COMMIT_EDITMSG" to remote directory started.
. 2026-05-31 18:26:00.319 Binary transfer mode selected.
. 2026-05-31 18:26:00.320 Starting upload of C:\Users\Julian\Documents\git\junkyard_pro\.git\COMMIT_EDITMSG
> 2026-05-31 18:26:00.320 TYPE I
< 2026-05-31 18:26:00.397 200 TYPE is now 8-bit binary
> 2026-05-31 18:26:00.397 PASV
< 2026-05-31 18:26:00.478 227 Entering Passive Mode (40,90,253,12,248,55)
> 2026-05-31 18:26:00.479 STOR COMMIT_EDITMSG
. 2026-05-31 18:26:00.479 Connecting to 40.90.253.12:63543 ...
< 2026-05-31 18:26:00.635 150 Accepted data connection
< 2026-05-31 18:26:00.715 226-File successfully transferred
< 2026-05-31 18:26:00.715 226 0.080 seconds (measured here), 149.90 bytes per second
> 2026-05-31 18:26:00.715 MFMT 20260601012554 COMMIT_EDITMSG
< 2026-05-31 18:26:00.792 213 UTIME OK
. 2026-05-31 18:26:00.792 Upload successful
. 2026-05-31 18:26:00.793 Transfer done: 'C:\Users\Julian\Documents\git\junkyard_pro\.git\COMMIT_EDITMSG' => '/.git/COMMIT_EDITMSG' [12]
. 2026-05-31 18:26:00.793 File: 'C:\Users\Julian\Documents\git\junkyard_pro\.git\config' [2026-05-30T21:33:41.677Z] [301]
. 2026-05-31 18:26:00.794 Copying "C:\Users\Julian\Documents\git\junkyard_pro\.git\config" to remote directory started.
. 2026-05-31 18:26:00.794 Binary transfer mode selected.
. 2026-05-31 18:26:00.795 Starting upload of C:\Users\Julian\Documents\git\junkyard_pro\.git\config
> 2026-05-31 18:26:00.795 TYPE I
< 2026-05-31 18:26:00.874 200 TYPE is now 8-bit binary
> 2026-05-31 18:26:00.874 PASV
< 2026-05-31 18:26:00.951 227 Entering Passive Mode (40,90,253,12,209,13)
> 2026-05-31 18:26:00.952 STOR config
. 2026-05-31 18:26:00.952 Connecting to 40.90.253.12:53517 ...
< 2026-05-31 18:26:01.125 150 Accepted data connection
< 2026-05-31 18:26:01.207 226-File successfully transferred
< 2026-05-31 18:26:01.207 226 0.082 seconds (measured here), 3.60 Kbytes per second
> 2026-05-31 18:26:01.207 MFMT 20260530213341 config
< 2026-05-31 18:26:01.284 213 UTIME OK
. 2026-05-31 18:26:01.284 Upload successful
. 2026-05-31 18:26:01.285 Transfer done: 'C:\Users\Julian\Documents\git\junkyard_pro\.git\config' => '/.git/config' [301]
. 2026-05-31 18:26:01.285 File: 'C:\Users\Julian\Documents\git\junkyard_pro\.git\description' [2026-05-30T21:11:17.720Z] [73]
. 2026-05-31 18:26:01.296 Copying "C:\Users\Julian\Documents\git\junkyard_pro\.git\description" to remote directory started.
. 2026-05-31 18:26:01.296 Binary transfer mode selected.
. 2026-05-31 18:26:01.297 Starting upload of C:\Users\Julian\Documents\git\junkyard_pro\.git\description
> 2026-05-31 18:26:01.297 TYPE I
< 2026-05-31 18:26:01.375 200 TYPE is now 8-bit binary
> 2026-05-31 18:26:01.375 PASV
< 2026-05-31 18:26:01.452 227 Entering Passive Mode (40,90,253,12,200,245)
> 2026-05-31 18:26:01.453 STOR description
. 2026-05-31 18:26:01.453 Connecting to 40.90.253.12:51445 ...
< 2026-05-31 18:26:01.617 150 Accepted data connection
< 2026-05-31 18:26:01.698 226-File successfully transferred
< 2026-05-31 18:26:01.698 226 0.081 seconds (measured here), 0.88 Kbytes per second
> 2026-05-31 18:26:01.698 MFMT 20260530211117 description
< 2026-05-31 18:26:01.775 213 UTIME OK
. 2026-05-31 18:26:01.775 Upload successful
. 2026-05-31 18:26:01.776 Transfer done: 'C:\Users\Julian\Documents\git\junkyard_pro\.git\description' => '/.git/description' [73]
. 2026-05-31 18:26:01.777 File: 'C:\Users\Julian\Documents\git\junkyard_pro\.git\HEAD' [2026-05-30T21:12:15.985Z] [21]
. 2026-05-31 18:26:01.778 Copying "C:\Users\Julian\Documents\git\junkyard_pro\.git\HEAD" to remote directory started.
. 2026-05-31 18:26:01.778 Binary transfer mode selected.
. 2026-05-31 18:26:01.779 Starting upload of C:\Users\Julian\Documents\git\junkyard_pro\.git\HEAD
> 2026-05-31 18:26:01.780 TYPE I
< 2026-05-31 18:26:01.858 200 TYPE is now 8-bit binary
> 2026-05-31 18:26:01.858 PASV
< 2026-05-31 18:26:01.935 227 Entering Passive Mode (40,90,253,12,253,254)
> 2026-05-31 18:26:01.936 STOR HEAD
. 2026-05-31 18:26:01.936 Connecting to 40.90.253.12:65022 ...
< 2026-05-31 18:26:02.101 150 Accepted data connection
< 2026-05-31 18:26:02.183 226-File successfully transferred
< 2026-05-31 18:26:02.183 226 0.082 seconds (measured here), 255.19 bytes per second
> 2026-05-31 18:26:02.183 MFMT 20260530211215 HEAD
< 2026-05-31 18:26:02.259 213 UTIME OK
. 2026-05-31 18:26:02.259 Upload successful
. 2026-05-31 18:26:02.262 Transfer done: 'C:\Users\Julian\Documents\git\junkyard_pro\.git\HEAD' => '/.git/HEAD' [21]
. 2026-05-31 18:26:02.262 File: 'C:\Users\Julian\Documents\git\junkyard_pro\.git\hooks' [2026-05-30T21:11:18.256Z] [0]
. 2026-05-31 18:26:02.264 File: 'C:\Users\Julian\Documents\git\junkyard_pro\.git\hooks\applypatch-msg.sample' [2026-05-30T21:11:17.724Z] [478]
. 2026-05-31 18:26:02.288 Copying "C:\Users\Julian\Documents\git\junkyard_pro\.git\hooks\applypatch-msg.sample" to remote directory started.
. 2026-05-31 18:26:02.288 Binary transfer mode selected.
. 2026-05-31 18:26:02.289 Starting upload of C:\Users\Julian\Documents\git\junkyard_pro\.git\hooks\applypatch-msg.sample
> 2026-05-31 18:26:02.289 CWD /.git/hooks
< 2026-05-31 18:26:02.366 550 Can't change directory to /.git/hooks: No such file or directory
> 2026-05-31 18:26:02.366 CWD /.git
< 2026-05-31 18:26:02.445 250 OK. Current directory is /.git
> 2026-05-31 18:26:02.445 MKD hooks
< 2026-05-31 18:26:02.524 257 "hooks" : The directory was successfully created
> 2026-05-31 18:26:02.524 CWD /.git/hooks
< 2026-05-31 18:26:02.601 250 OK. Current directory is /.git/hooks
> 2026-05-31 18:26:02.601 PWD
< 2026-05-31 18:26:02.680 257 "/.git/hooks" is your current location
> 2026-05-31 18:26:02.680 TYPE I
< 2026-05-31 18:26:02.759 200 TYPE is now 8-bit binary
> 2026-05-31 18:26:02.759 PASV
< 2026-05-31 18:26:02.839 227 Entering Passive Mode (40,90,253,12,202,189)
> 2026-05-31 18:26:02.840 STOR applypatch-msg.sample
. 2026-05-31 18:26:02.840 Connecting to 40.90.253.12:51901 ...
< 2026-05-31 18:26:03.005 150 Accepted data connection
< 2026-05-31 18:26:03.088 226-File successfully transferred
< 2026-05-31 18:26:03.088 226 0.083 seconds (measured here), 5.61 Kbytes per second
> 2026-05-31 18:26:03.089 MFMT 20260530211117 applypatch-msg.sample
< 2026-05-31 18:26:03.167 213 UTIME OK
. 2026-05-31 18:26:03.167 Upload successful
. 2026-05-31 18:26:03.169 Transfer done: 'C:\Users\Julian\Documents\git\junkyard_pro\.git\hooks\applypatch-msg.sample' => '/.git/hooks/applypatch-msg.sample' [478]
. 2026-05-31 18:26:03.169 File: 'C:\Users\Julian\Documents\git\junkyard_pro\.git\hooks\commit-msg.sample' [2026-05-30T21:11:17.754Z] [896]
. 2026-05-31 18:26:03.203 Copying "C:\Users\Julian\Documents\git\junkyard_pro\.git\hooks\commit-msg.sample" to remote directory started.
. 2026-05-31 18:26:03.203 Binary transfer mode selected.
. 2026-05-31 18:26:03.205 Starting upload of C:\Users\Julian\Documents\git\junkyard_pro\.git\hooks\commit-msg.sample
> 2026-05-31 18:26:03.206 TYPE I
< 2026-05-31 18:26:03.284 200 TYPE is now 8-bit binary
> 2026-05-31 18:26:03.286 PASV
< 2026-05-31 18:26:03.366 227 Entering Passive Mode (40,90,253,12,204,177)
> 2026-05-31 18:26:03.366 STOR commit-msg.sample
. 2026-05-31 18:26:03.366 Connecting to 40.90.253.12:52401 ...
< 2026-05-31 18:26:03.524 150 Accepted data connection
< 2026-05-31 18:26:03.603 226-File successfully transferred
< 2026-05-31 18:26:03.603 226 0.079 seconds (measured here), 11.04 Kbytes per second
> 2026-05-31 18:26:03.604 MFMT 20260530211117 commit-msg.sample
< 2026-05-31 18:26:03.680 213 UTIME OK
. 2026-05-31 18:26:03.680 Upload successful
. 2026-05-31 18:26:03.681 Transfer done: 'C:\Users\Julian\Documents\git\junkyard_pro\.git\hooks\commit-msg.sample' => '/.git/hooks/commit-msg.sample' [896]
. 2026-05-31 18:26:03.681 File: 'C:\Users\Julian\Documents\git\junkyard_pro\.git\hooks\fsmonitor-watchman.sample' [2026-05-30T21:11:17.964Z] [4726]
. 2026-05-31 18:26:03.702 Copying "C:\Users\Julian\Documents\git\junkyard_pro\.git\hooks\fsmonitor-watchman.sample" to remote directory started.
. 2026-05-31 18:26:03.703 Binary transfer mode selected.
. 2026-05-31 18:26:03.704 Starting upload of C:\Users\Julian\Documents\git\junkyard_pro\.git\hooks\fsmonitor-watchman.sample
> 2026-05-31 18:26:03.704 TYPE I
< 2026-05-31 18:26:03.781 200 TYPE is now 8-bit binary
> 2026-05-31 18:26:03.781 PASV
< 2026-05-31 18:26:03.858 227 Entering Passive Mode (40,90,253,12,243,203)
> 2026-05-31 18:26:03.859 STOR fsmonitor-watchman.sample
. 2026-05-31 18:26:03.859 Connecting to 40.90.253.12:62411 ...
< 2026-05-31 18:26:04.020 150 Accepted data connection
< 2026-05-31 18:26:04.101 226-File successfully transferred
< 2026-05-31 18:26:04.101 226 0.080 seconds (measured here), 57.34 Kbytes per second
> 2026-05-31 18:26:04.102 MFMT 20260530211117 fsmonitor-watchman.sample
< 2026-05-31 18:26:04.181 213 UTIME OK
. 2026-05-31 18:26:04.181 Upload successful
. 2026-05-31 18:26:04.183 Transfer done: 'C:\Users\Julian\Documents\git\junkyard_pro\.git\hooks\fsmonitor-watchman.sample' => '/.git/hooks/fsmonitor-watchman.sample' [4726]
. 2026-05-31 18:26:04.183 File: 'C:\Users\Julian\Documents\git\junkyard_pro\.git\hooks\post-update.sample' [2026-05-30T21:11:17.973Z] [189]
. 2026-05-31 18:26:04.211 Copying "C:\Users\Julian\Documents\git\junkyard_pro\.git\hooks\post-update.sample" to remote directory started.
. 2026-05-31 18:26:04.211 Binary transfer mode selected.
. 2026-05-31 18:26:04.212 Starting upload of C:\Users\Julian\Documents\git\junkyard_pro\.git\hooks\post-update.sample
> 2026-05-31 18:26:04.212 TYPE I
< 2026-05-31 18:26:04.290 200 TYPE is now 8-bit binary
> 2026-05-31 18:26:04.290 PASV
< 2026-05-31 18:26:04.378 227 Entering Passive Mode (40,90,253,12,212,230)
> 2026-05-31 18:26:04.379 STOR post-update.sample
. 2026-05-31 18:26:04.379 Connecting to 40.90.253.12:54502 ...
< 2026-05-31 18:26:04.548 150 Accepted data connection
< 2026-05-31 18:26:04.626 226-File successfully transferred
< 2026-05-31 18:26:04.626 226 0.078 seconds (measured here), 2.37 Kbytes per second
> 2026-05-31 18:26:04.627 MFMT 20260530211117 post-update.sample
< 2026-05-31 18:26:04.706 213 UTIME OK
. 2026-05-31 18:26:04.706 Upload successful
. 2026-05-31 18:26:04.707 Transfer done: 'C:\Users\Julian\Documents\git\junkyard_pro\.git\hooks\post-update.sample' => '/.git/hooks/post-update.sample' [189]
. 2026-05-31 18:26:04.707 File: 'C:\Users\Julian\Documents\git\junkyard_pro\.git\hooks\pre-applypatch.sample' [2026-05-30T21:11:17.980Z] [424]
. 2026-05-31 18:26:04.731 Copying "C:\Users\Julian\Documents\git\junkyard_pro\.git\hooks\pre-applypatch.sample" to remote directory started.
. 2026-05-31 18:26:04.731 Binary transfer mode selected.
. 2026-05-31 18:26:04.732 Starting upload of C:\Users\Julian\Documents\git\junkyard_pro\.git\hooks\pre-applypatch.sample
> 2026-05-31 18:26:04.732 TYPE I
< 2026-05-31 18:26:04.811 200 TYPE is now 8-bit binary
> 2026-05-31 18:26:04.811 PASV
< 2026-05-31 18:26:04.890 227 Entering Passive Mode (40,90,253,12,213,165)
> 2026-05-31 18:26:04.891 STOR pre-applypatch.sample
. 2026-05-31 18:26:04.891 Connecting to 40.90.253.12:54693 ...
< 2026-05-31 18:26:05.057 150 Accepted data connection
< 2026-05-31 18:26:05.139 226-File successfully transferred
< 2026-05-31 18:26:05.139 226 0.083 seconds (measured here), 5.01 Kbytes per second
> 2026-05-31 18:26:05.140 MFMT 20260530211117 pre-applypatch.sample
< 2026-05-31 18:26:05.217 213 UTIME OK
. 2026-05-31 18:26:05.217 Upload successful
. 2026-05-31 18:26:05.219 Transfer done: 'C:\Users\Julian\Documents\git\junkyard_pro\.git\hooks\pre-applypatch.sample' => '/.git/hooks/pre-applypatch.sample' [424]
. 2026-05-31 18:26:05.219 File: 'C:\Users\Julian\Documents\git\junkyard_pro\.git\hooks\pre-commit.sample' [2026-05-30T21:11:18.177Z] [1643]
. 2026-05-31 18:26:05.251 Copying "C:\Users\Julian\Documents\git\junkyard_pro\.git\hooks\pre-commit.sample" to remote directory started.
. 2026-05-31 18:26:05.251 Binary transfer mode selected.
. 2026-05-31 18:26:05.252 Starting upload of C:\Users\Julian\Documents\git\junkyard_pro\.git\hooks\pre-commit.sample
> 2026-05-31 18:26:05.252 TYPE I
< 2026-05-31 18:26:05.333 200 TYPE is now 8-bit binary
> 2026-05-31 18:26:05.333 PASV
< 2026-05-31 18:26:05.412 227 Entering Passive Mode (40,90,253,12,245,207)
> 2026-05-31 18:26:05.412 STOR pre-commit.sample
. 2026-05-31 18:26:05.412 Connecting to 40.90.253.12:62927 ...
< 2026-05-31 18:26:05.573 150 Accepted data connection
< 2026-05-31 18:26:05.655 226-File successfully transferred
< 2026-05-31 18:26:05.655 226 0.082 seconds (measured here), 19.60 Kbytes per second
> 2026-05-31 18:26:05.655 MFMT 20260530211118 pre-commit.sample
< 2026-05-31 18:26:05.733 213 UTIME OK
. 2026-05-31 18:26:05.733 Upload successful
. 2026-05-31 18:26:05.733 Transfer done: 'C:\Users\Julian\Documents\git\junkyard_pro\.git\hooks\pre-commit.sample' => '/.git/hooks/pre-commit.sample' [1643]
. 2026-05-31 18:26:05.733 File: 'C:\Users\Julian\Documents\git\junkyard_pro\.git\hooks\pre-merge-commit.sample' [2026-05-30T21:11:18.183Z] [416]
. 2026-05-31 18:26:05.740 Copying "C:\Users\Julian\Documents\git\junkyard_pro\.git\hooks\pre-merge-commit.sample" to remote directory started.
. 2026-05-31 18:26:05.740 Binary transfer mode selected.
. 2026-05-31 18:26:05.740 Starting upload of C:\Users\Julian\Documents\git\junkyard_pro\.git\hooks\pre-merge-commit.sample
> 2026-05-31 18:26:05.740 TYPE I
< 2026-05-31 18:26:05.819 200 TYPE is now 8-bit binary
> 2026-05-31 18:26:05.819 PASV
< 2026-05-31 18:26:05.896 227 Entering Passive Mode (40,90,253,12,244,222)
> 2026-05-31 18:26:05.896 STOR pre-merge-commit.sample
. 2026-05-31 18:26:05.896 Connecting to 40.90.253.12:62686 ...
< 2026-05-31 18:26:06.054 150 Accepted data connection
< 2026-05-31 18:26:06.132 226-File successfully transferred
< 2026-05-31 18:26:06.132 226 0.078 seconds (measured here), 5.21 Kbytes per second
> 2026-05-31 18:26:06.133 MFMT 20260530211118 pre-merge-commit.sample
< 2026-05-31 18:26:06.211 213 UTIME OK
. 2026-05-31 18:26:06.212 Upload successful
. 2026-05-31 18:26:06.213 Transfer done: 'C:\Users\Julian\Documents\git\junkyard_pro\.git\hooks\pre-merge-commit.sample' => '/.git/hooks/pre-merge-commit.sample' [416]
. 2026-05-31 18:26:06.214 File: 'C:\Users\Julian\Documents\git\junkyard_pro\.git\hooks\pre-push.sample' [2026-05-30T21:11:18.225Z] [1374]
. 2026-05-31 18:26:06.244 Copying "C:\Users\Julian\Documents\git\junkyard_pro\.git\hooks\pre-push.sample" to remote directory started.
. 2026-05-31 18:26:06.244 Binary transfer mode selected.
. 2026-05-31 18:26:06.246 Starting upload of C:\Users\Julian\Documents\git\junkyard_pro\.git\hooks\pre-push.sample
> 2026-05-31 18:26:06.246 TYPE I
< 2026-05-31 18:26:06.321 200 TYPE is now 8-bit binary
> 2026-05-31 18:26:06.321 PASV
< 2026-05-31 18:26:06.400 227 Entering Passive Mode (40,90,253,12,228,121)
> 2026-05-31 18:26:06.400 STOR pre-push.sample
. 2026-05-31 18:26:06.400 Connecting to 40.90.253.12:58489 ...
< 2026-05-31 18:26:06.562 150 Accepted data connection
< 2026-05-31 18:26:06.648 226-File successfully transferred
< 2026-05-31 18:26:06.649 226 0.085 seconds (measured here), 15.75 Kbytes per second
> 2026-05-31 18:26:06.649 MFMT 20260530211118 pre-push.sample
< 2026-05-31 18:26:06.728 213 UTIME OK
. 2026-05-31 18:26:06.728 Upload successful
. 2026-05-31 18:26:06.729 Transfer done: 'C:\Users\Julian\Documents\git\junkyard_pro\.git\hooks\pre-push.sample' => '/.git/hooks/pre-push.sample' [1374]
. 2026-05-31 18:26:06.730 File: 'C:\Users\Julian\Documents\git\junkyard_pro\.git\hooks\pre-rebase.sample' [2026-05-30T21:11:18.231Z] [4898]
. 2026-05-31 18:26:06.760 Copying "C:\Users\Julian\Documents\git\junkyard_pro\.git\hooks\pre-rebase.sample" to remote directory started.
. 2026-05-31 18:26:06.760 Binary transfer mode selected.
. 2026-05-31 18:26:06.761 Starting upload of C:\Users\Julian\Documents\git\junkyard_pro\.git\hooks\pre-rebase.sample
> 2026-05-31 18:26:06.761 TYPE I
< 2026-05-31 18:26:06.836 200 TYPE is now 8-bit binary
> 2026-05-31 18:26:06.836 PASV
< 2026-05-31 18:26:06.909 227 Entering Passive Mode (40,90,253,12,206,75)
> 2026-05-31 18:26:06.910 STOR pre-rebase.sample
. 2026-05-31 18:26:06.910 Connecting to 40.90.253.12:52811 ...
< 2026-05-31 18:26:07.086 150 Accepted data connection
< 2026-05-31 18:26:07.167 226-File successfully transferred
< 2026-05-31 18:26:07.167 226 0.082 seconds (measured here), 58.28 Kbytes per second
> 2026-05-31 18:26:07.168 MFMT 20260530211118 pre-rebase.sample
< 2026-05-31 18:26:07.245 213 UTIME OK
. 2026-05-31 18:26:07.245 Upload successful
. 2026-05-31 18:26:07.247 Transfer done: 'C:\Users\Julian\Documents\git\junkyard_pro\.git\hooks\pre-rebase.sample' => '/.git/hooks/pre-rebase.sample' [4898]
. 2026-05-31 18:26:07.248 File: 'C:\Users\Julian\Documents\git\junkyard_pro\.git\hooks\pre-receive.sample' [2026-05-30T21:11:18.234Z] [544]
. 2026-05-31 18:26:07.277 Copying "C:\Users\Julian\Documents\git\junkyard_pro\.git\hooks\pre-receive.sample" to remote directory started.
. 2026-05-31 18:26:07.277 Binary transfer mode selected.
. 2026-05-31 18:26:07.278 Starting upload of C:\Users\Julian\Documents\git\junkyard_pro\.git\hooks\pre-receive.sample
> 2026-05-31 18:26:07.279 TYPE I
< 2026-05-31 18:26:07.354 200 TYPE is now 8-bit binary
> 2026-05-31 18:26:07.354 PASV
< 2026-05-31 18:26:07.428 227 Entering Passive Mode (40,90,253,12,236,54)
> 2026-05-31 18:26:07.428 STOR pre-receive.sample
. 2026-05-31 18:26:07.428 Connecting to 40.90.253.12:60470 ...
< 2026-05-31 18:26:07.590 150 Accepted data connection
< 2026-05-31 18:26:07.675 226-File successfully transferred
< 2026-05-31 18:26:07.675 226 0.085 seconds (measured here), 6.25 Kbytes per second
> 2026-05-31 18:26:07.675 MFMT 20260530211118 pre-receive.sample
< 2026-05-31 18:26:07.754 213 UTIME OK
. 2026-05-31 18:26:07.754 Upload successful
. 2026-05-31 18:26:07.755 Transfer done: 'C:\Users\Julian\Documents\git\junkyard_pro\.git\hooks\pre-receive.sample' => '/.git/hooks/pre-receive.sample' [544]
. 2026-05-31 18:26:07.755 File: 'C:\Users\Julian\Documents\git\junkyard_pro\.git\hooks\prepare-commit-msg.sample' [2026-05-30T21:11:18.242Z] [1492]
. 2026-05-31 18:26:07.762 Copying "C:\Users\Julian\Documents\git\junkyard_pro\.git\hooks\prepare-commit-msg.sample" to remote directory started.
. 2026-05-31 18:26:07.762 Binary transfer mode selected.
. 2026-05-31 18:26:07.763 Starting upload of C:\Users\Julian\Documents\git\junkyard_pro\.git\hooks\prepare-commit-msg.sample
> 2026-05-31 18:26:07.763 TYPE I
< 2026-05-31 18:26:07.842 200 TYPE is now 8-bit binary
> 2026-05-31 18:26:07.842 PASV
< 2026-05-31 18:26:07.922 227 Entering Passive Mode (40,90,253,12,217,218)
> 2026-05-31 18:26:07.922 STOR prepare-commit-msg.sample
. 2026-05-31 18:26:07.922 Connecting to 40.90.253.12:55770 ...
< 2026-05-31 18:26:08.080 150 Accepted data connection
< 2026-05-31 18:26:08.165 226-File successfully transferred
< 2026-05-31 18:26:08.165 226 0.083 seconds (measured here), 17.49 Kbytes per second
> 2026-05-31 18:26:08.166 MFMT 20260530211118 prepare-commit-msg.sample
< 2026-05-31 18:26:08.244 213 UTIME OK
. 2026-05-31 18:26:08.244 Upload successful
. 2026-05-31 18:26:08.246 Transfer done: 'C:\Users\Julian\Documents\git\junkyard_pro\.git\hooks\prepare-commit-msg.sample' => '/.git/hooks/prepare-commit-msg.sample' [1492]
. 2026-05-31 18:26:08.246 File: 'C:\Users\Julian\Documents\git\junkyard_pro\.git\hooks\push-to-checkout.sample' [2026-05-30T21:11:18.247Z] [2783]
. 2026-05-31 18:26:08.280 Copying "C:\Users\Julian\Documents\git\junkyard_pro\.git\hooks\push-to-checkout.sample" to remote directory started.
. 2026-05-31 18:26:08.280 Binary transfer mode selected.
. 2026-05-31 18:26:08.282 Starting upload of C:\Users\Julian\Documents\git\junkyard_pro\.git\hooks\push-to-checkout.sample
> 2026-05-31 18:26:08.282 TYPE I
< 2026-05-31 18:26:08.361 200 TYPE is now 8-bit binary
> 2026-05-31 18:26:08.361 PASV
< 2026-05-31 18:26:08.438 227 Entering Passive Mode (40,90,253,12,228,28)
> 2026-05-31 18:26:08.439 STOR push-to-checkout.sample
. 2026-05-31 18:26:08.439 Connecting to 40.90.253.12:58396 ...
< 2026-05-31 18:26:08.601 150 Accepted data connection
< 2026-05-31 18:26:08.680 226-File successfully transferred
< 2026-05-31 18:26:08.680 226 0.080 seconds (measured here), 34.14 Kbytes per second
> 2026-05-31 18:26:08.680 MFMT 20260530211118 push-to-checkout.sample
< 2026-05-31 18:26:08.759 213 UTIME OK
. 2026-05-31 18:26:08.759 Upload successful
. 2026-05-31 18:26:08.760 Transfer done: 'C:\Users\Julian\Documents\git\junkyard_pro\.git\hooks\push-to-checkout.sample' => '/.git/hooks/push-to-checkout.sample' [2783]
. 2026-05-31 18:26:08.760 File: 'C:\Users\Julian\Documents\git\junkyard_pro\.git\hooks\sendemail-validate.sample' [2026-05-30T21:11:18.254Z] [2308]
. 2026-05-31 18:26:08.781 Copying "C:\Users\Julian\Documents\git\junkyard_pro\.git\hooks\sendemail-validate.sample" to remote directory started.
. 2026-05-31 18:26:08.782 Binary transfer mode selected.
. 2026-05-31 18:26:08.782 Starting upload of C:\Users\Julian\Documents\git\junkyard_pro\.git\hooks\sendemail-validate.sample
> 2026-05-31 18:26:08.782 TYPE I
< 2026-05-31 18:26:08.861 200 TYPE is now 8-bit binary
> 2026-05-31 18:26:08.861 PASV
< 2026-05-31 18:26:08.939 227 Entering Passive Mode (40,90,253,12,249,59)
> 2026-05-31 18:26:08.940 STOR sendemail-validate.sample
. 2026-05-31 18:26:08.940 Connecting to 40.90.253.12:63803 ...
< 2026-05-31 18:26:09.108 150 Accepted data connection
< 2026-05-31 18:26:09.193 226-File successfully transferred
< 2026-05-31 18:26:09.194 226 0.085 seconds (measured here), 26.54 Kbytes per second
> 2026-05-31 18:26:09.194 MFMT 20260530211118 sendemail-validate.sample
< 2026-05-31 18:26:09.271 213 UTIME OK
. 2026-05-31 18:26:09.271 Upload successful
. 2026-05-31 18:26:09.273 Transfer done: 'C:\Users\Julian\Documents\git\junkyard_pro\.git\hooks\sendemail-validate.sample' => '/.git/hooks/sendemail-validate.sample' [2308]
. 2026-05-31 18:26:09.273 File: 'C:\Users\Julian\Documents\git\junkyard_pro\.git\hooks\update.sample' [2026-05-30T21:11:18.260Z] [3650]
. 2026-05-31 18:26:09.302 Copying "C:\Users\Julian\Documents\git\junkyard_pro\.git\hooks\update.sample" to remote directory started.
. 2026-05-31 18:26:09.306 Binary transfer mode selected.
. 2026-05-31 18:26:09.309 Starting upload of C:\Users\Julian\Documents\git\junkyard_pro\.git\hooks\update.sample
> 2026-05-31 18:26:09.309 TYPE I
< 2026-05-31 18:26:09.385 200 TYPE is now 8-bit binary
> 2026-05-31 18:26:09.385 PASV
< 2026-05-31 18:26:09.463 227 Entering Passive Mode (40,90,253,12,217,6)
> 2026-05-31 18:26:09.464 STOR update.sample
. 2026-05-31 18:26:09.464 Connecting to 40.90.253.12:55558 ...
< 2026-05-31 18:26:09.623 150 Accepted data connection
< 2026-05-31 18:26:09.709 226-File successfully transferred
< 2026-05-31 18:26:09.709 226 0.086 seconds (measured here), 41.22 Kbytes per second
> 2026-05-31 18:26:09.710 MFMT 20260530211118 update.sample
< 2026-05-31 18:26:09.788 213 UTIME OK
. 2026-05-31 18:26:09.788 Upload successful
. 2026-05-31 18:26:09.789 Transfer done: 'C:\Users\Julian\Documents\git\junkyard_pro\.git\hooks\update.sample' => '/.git/hooks/update.sample' [3650]
. 2026-05-31 18:26:09.790 File: 'C:\Users\Julian\Documents\git\junkyard_pro\.git\index' [2026-06-01T01:25:54.569Z] [244595]
. 2026-05-31 18:26:09.821 Copying "C:\Users\Julian\Documents\git\junkyard_pro\.git\index" to remote directory started.
. 2026-05-31 18:26:09.821 Binary transfer mode selected.
. 2026-05-31 18:26:09.823 Starting upload of C:\Users\Julian\Documents\git\junkyard_pro\.git\index
> 2026-05-31 18:26:09.823 CWD /.git
< 2026-05-31 18:26:09.898 250 OK. Current directory is /.git
> 2026-05-31 18:26:09.898 PWD
< 2026-05-31 18:26:09.975 257 "/.git" is your current location
> 2026-05-31 18:26:09.975 TYPE I
< 2026-05-31 18:26:10.052 200 TYPE is now 8-bit binary
> 2026-05-31 18:26:10.052 PASV
< 2026-05-31 18:26:10.132 227 Entering Passive Mode (40,90,253,12,242,12)
> 2026-05-31 18:26:10.133 STOR index
. 2026-05-31 18:26:10.133 Connecting to 40.90.253.12:61964 ...
< 2026-05-31 18:26:10.293 150 Accepted data connection
< 2026-05-31 18:26:10.693 226-File successfully transferred
< 2026-05-31 18:26:10.693 226 0.401 seconds (measured here), 0.58 Mbytes per second
> 2026-05-31 18:26:10.693 MFMT 20260601012554 index
< 2026-05-31 18:26:10.770 213 UTIME OK
. 2026-05-31 18:26:10.770 Upload successful
. 2026-05-31 18:26:10.771 Transfer done: 'C:\Users\Julian\Documents\git\junkyard_pro\.git\index' => '/.git/index' [244595]
. 2026-05-31 18:26:10.772 File: 'C:\Users\Julian\Documents\git\junkyard_pro\.git\info' [2026-05-30T21:11:18.266Z] [0]
. 2026-05-31 18:26:10.774 File: 'C:\Users\Julian\Documents\git\junkyard_pro\.git\info\exclude' [2026-05-30T21:11:18.267Z] [240]
. 2026-05-31 18:26:10.802 Copying "C:\Users\Julian\Documents\git\junkyard_pro\.git\info\exclude" to remote directory started.
. 2026-05-31 18:26:10.803 Binary transfer mode selected.
. 2026-05-31 18:26:10.804 Starting upload of C:\Users\Julian\Documents\git\junkyard_pro\.git\info\exclude
> 2026-05-31 18:26:10.804 CWD /.git/info
< 2026-05-31 18:26:10.877 550 Can't change directory to /.git/info: No such file or directory
> 2026-05-31 18:26:10.877 CWD /.git
< 2026-05-31 18:26:10.956 250 OK. Current directory is /.git
> 2026-05-31 18:26:10.956 MKD info
< 2026-05-31 18:26:11.032 257 "info" : The directory was successfully created
> 2026-05-31 18:26:11.032 CWD /.git/info
< 2026-05-31 18:26:11.111 250 OK. Current directory is /.git/info
> 2026-05-31 18:26:11.111 PWD
< 2026-05-31 18:26:11.190 257 "/.git/info" is your current location
> 2026-05-31 18:26:11.190 TYPE I
< 2026-05-31 18:26:11.268 200 TYPE is now 8-bit binary
> 2026-05-31 18:26:11.268 PASV
< 2026-05-31 18:26:11.349 227 Entering Passive Mode (40,90,253,12,241,150)
> 2026-05-31 18:26:11.354 STOR exclude
. 2026-05-31 18:26:11.355 Connecting to 40.90.253.12:61846 ...
< 2026-05-31 18:26:11.512 150 Accepted data connection
< 2026-05-31 18:26:11.591 226-File successfully transferred
< 2026-05-31 18:26:11.591 226 0.079 seconds (measured here), 2.96 Kbytes per second
> 2026-05-31 18:26:11.591 MFMT 20260530211118 exclude
< 2026-05-31 18:26:11.668 213 UTIME OK
. 2026-05-31 18:26:11.668 Upload successful
. 2026-05-31 18:26:11.670 Transfer done: 'C:\Users\Julian\Documents\git\junkyard_pro\.git\info\exclude' => '/.git/info/exclude' [240]
. 2026-05-31 18:26:11.670 File: 'C:\Users\Julian\Documents\git\junkyard_pro\.git\logs' [2026-05-30T21:12:15.990Z] [0]
. 2026-05-31 18:26:11.671 File: 'C:\Users\Julian\Documents\git\junkyard_pro\.git\logs\HEAD' [2026-06-01T01:25:54.578Z] [11333]
. 2026-05-31 18:26:11.695 Copying "C:\Users\Julian\Documents\git\junkyard_pro\.git\logs\HEAD" to remote directory started.
. 2026-05-31 18:26:11.695 Binary transfer mode selected.
. 2026-05-31 18:26:11.695 Starting upload of C:\Users\Julian\Documents\git\junkyard_pro\.git\logs\HEAD
> 2026-05-31 18:26:11.695 CWD /.git/logs
< 2026-05-31 18:26:11.774 550 Can't change directory to /.git/logs: No such file or directory
> 2026-05-31 18:26:11.774 CWD /.git
< 2026-05-31 18:26:11.854 250 OK. Current directory is /.git
> 2026-05-31 18:26:11.854 MKD logs
< 2026-05-31 18:26:11.931 257 "logs" : The directory was successfully created
> 2026-05-31 18:26:11.931 CWD /.git/logs
< 2026-05-31 18:26:12.010 250 OK. Current directory is /.git/logs
> 2026-05-31 18:26:12.010 PWD
< 2026-05-31 18:26:12.088 257 "/.git/logs" is your current location
> 2026-05-31 18:26:12.089 TYPE I
< 2026-05-31 18:26:12.165 200 TYPE is now 8-bit binary
> 2026-05-31 18:26:12.165 PASV
< 2026-05-31 18:26:12.242 227 Entering Passive Mode (40,90,253,12,202,75)
> 2026-05-31 18:26:12.243 STOR HEAD
. 2026-05-31 18:26:12.243 Connecting to 40.90.253.12:51787 ...
< 2026-05-31 18:26:12.400 150 Accepted data connection
< 2026-05-31 18:26:12.482 226-File successfully transferred
< 2026-05-31 18:26:12.482 226 0.082 seconds (measured here), 135.44 Kbytes per second
> 2026-05-31 18:26:12.482 MFMT 20260601012554 HEAD
< 2026-05-31 18:26:12.561 213 UTIME OK
. 2026-05-31 18:26:12.561 Upload successful
. 2026-05-31 18:26:12.562 Transfer done: 'C:\Users\Julian\Documents\git\junkyard_pro\.git\logs\HEAD' => '/.git/logs/HEAD' [11333]
. 2026-05-31 18:26:12.562 File: 'C:\Users\Julian\Documents\git\junkyard_pro\.git\logs\refs' [2026-05-30T21:12:15.978Z] [0]
. 2026-05-31 18:26:12.563 File: 'C:\Users\Julian\Documents\git\junkyard_pro\.git\logs\refs\heads' [2026-05-30T21:12:16.024Z] [0]
. 2026-05-31 18:26:12.565 File: 'C:\Users\Julian\Documents\git\junkyard_pro\.git\logs\refs\heads\main' [2026-06-01T01:25:54.579Z] [11333]
. 2026-05-31 18:26:12.584 Copying "C:\Users\Julian\Documents\git\junkyard_pro\.git\logs\refs\heads\main" to remote directory started.
. 2026-05-31 18:26:12.584 Binary transfer mode selected.
. 2026-05-31 18:26:12.584 Starting upload of C:\Users\Julian\Documents\git\junkyard_pro\.git\logs\refs\heads\main
> 2026-05-31 18:26:12.584 CWD /.git/logs/refs/heads
< 2026-05-31 18:26:12.664 550 Can't change directory to /.git/logs/refs/heads: No such file or directory
> 2026-05-31 18:26:12.664 CWD /.git/logs/refs
< 2026-05-31 18:26:12.841 550 Can't change directory to /.git/logs/refs: No such file or directory
> 2026-05-31 18:26:12.842 CWD /.git/logs
< 2026-05-31 18:26:12.919 250 OK. Current directory is /.git/logs
> 2026-05-31 18:26:12.919 MKD refs
< 2026-05-31 18:26:12.997 257 "refs" : The directory was successfully created
> 2026-05-31 18:26:12.997 CWD /.git/logs/refs
< 2026-05-31 18:26:13.073 250 OK. Current directory is /.git/logs/refs
> 2026-05-31 18:26:13.073 MKD heads
< 2026-05-31 18:26:13.150 257 "heads" : The directory was successfully created
> 2026-05-31 18:26:13.150 CWD /.git/logs/refs/heads
< 2026-05-31 18:26:13.226 250 OK. Current directory is /.git/logs/refs/heads
> 2026-05-31 18:26:13.226 PWD
< 2026-05-31 18:26:13.304 257 "/.git/logs/refs/heads" is your current location
> 2026-05-31 18:26:13.304 TYPE I
< 2026-05-31 18:26:13.391 200 TYPE is now 8-bit binary
> 2026-05-31 18:26:13.391 PASV
< 2026-05-31 18:26:13.468 227 Entering Passive Mode (40,90,253,12,210,58)
> 2026-05-31 18:26:13.468 STOR main
. 2026-05-31 18:26:13.468 Connecting to 40.90.253.12:53818 ...
< 2026-05-31 18:26:13.636 150 Accepted data connection
< 2026-05-31 18:26:13.739 226-File successfully transferred
< 2026-05-31 18:26:13.739 226 0.086 seconds (measured here), 128.97 Kbytes per second
> 2026-05-31 18:26:13.739 MFMT 20260601012554 main
< 2026-05-31 18:26:13.816 213 UTIME OK
. 2026-05-31 18:26:13.816 Upload successful
. 2026-05-31 18:26:13.817 Transfer done: 'C:\Users\Julian\Documents\git\junkyard_pro\.git\logs\refs\heads\main' => '/.git/logs/refs/heads/main' [11333]
. 2026-05-31 18:26:13.817 File: 'C:\Users\Julian\Documents\git\junkyard_pro\.git\logs\refs\remotes' [2026-05-30T21:12:15.978Z] [0]
. 2026-05-31 18:26:13.818 File: 'C:\Users\Julian\Documents\git\junkyard_pro\.git\logs\refs\remotes\origin' [2026-05-30T21:35:30.086Z] [0]
. 2026-05-31 18:26:13.820 File: 'C:\Users\Julian\Documents\git\junkyard_pro\.git\logs\refs\remotes\origin\HEAD' [2026-05-30T21:12:15.984Z] [194]
. 2026-05-31 18:26:13.829 Copying "C:\Users\Julian\Documents\git\junkyard_pro\.git\logs\refs\remotes\origin\HEAD" to remote directory started.
. 2026-05-31 18:26:13.829 Binary transfer mode selected.
. 2026-05-31 18:26:13.829 Starting upload of C:\Users\Julian\Documents\git\junkyard_pro\.git\logs\refs\remotes\origin\HEAD
> 2026-05-31 18:26:13.829 CWD /.git/logs/refs/remotes/origin
< 2026-05-31 18:26:13.906 550 Can't change directory to /.git/logs/refs/remotes/origin: No such file or directory
> 2026-05-31 18:26:13.906 CWD /.git/logs/refs/remotes
< 2026-05-31 18:26:14.082 550 Can't change directory to /.git/logs/refs/remotes: No such file or directory
> 2026-05-31 18:26:14.082 CWD /.git/logs/refs
< 2026-05-31 18:26:14.162 250 OK. Current directory is /.git/logs/refs
> 2026-05-31 18:26:14.162 MKD remotes
< 2026-05-31 18:26:14.242 257 "remotes" : The directory was successfully created
> 2026-05-31 18:26:14.242 CWD /.git/logs/refs/remotes
< 2026-05-31 18:26:14.319 250 OK. Current directory is /.git/logs/refs/remotes
> 2026-05-31 18:26:14.319 MKD origin
< 2026-05-31 18:26:14.397 257 "origin" : The directory was successfully created
> 2026-05-31 18:26:14.397 CWD /.git/logs/refs/remotes/origin
< 2026-05-31 18:26:14.475 250 OK. Current directory is /.git/logs/refs/remotes/origin
> 2026-05-31 18:26:14.475 PWD
< 2026-05-31 18:26:14.552 257 "/.git/logs/refs/remotes/origin" is your current location
> 2026-05-31 18:26:14.552 TYPE I
< 2026-05-31 18:26:14.629 200 TYPE is now 8-bit binary
> 2026-05-31 18:26:14.629 PASV
< 2026-05-31 18:26:14.707 227 Entering Passive Mode (40,90,253,12,197,191)
> 2026-05-31 18:26:14.708 STOR HEAD
. 2026-05-31 18:26:14.708 Connecting to 40.90.253.12:50623 ...
< 2026-05-31 18:26:14.868 150 Accepted data connection
< 2026-05-31 18:26:14.948 226-File successfully transferred
< 2026-05-31 18:26:14.948 226 0.080 seconds (measured here), 2.36 Kbytes per second
> 2026-05-31 18:26:14.949 MFMT 20260530211215 HEAD
< 2026-05-31 18:26:15.028 213 UTIME OK
. 2026-05-31 18:26:15.029 Upload successful
. 2026-05-31 18:26:15.032 Transfer done: 'C:\Users\Julian\Documents\git\junkyard_pro\.git\logs\refs\remotes\origin\HEAD' => '/.git/logs/refs/remotes/origin/HEAD' [194]
. 2026-05-31 18:26:15.032 File: 'C:\Users\Julian\Documents\git\junkyard_pro\.git\logs\refs\remotes\origin\main' [2026-06-01T01:25:56.628Z] [11096]
. 2026-05-31 18:26:15.061 Copying "C:\Users\Julian\Documents\git\junkyard_pro\.git\logs\refs\remotes\origin\main" to remote directory started.
. 2026-05-31 18:26:15.061 Binary transfer mode selected.
. 2026-05-31 18:26:15.063 Starting upload of C:\Users\Julian\Documents\git\junkyard_pro\.git\logs\refs\remotes\origin\main
> 2026-05-31 18:26:15.063 TYPE I
< 2026-05-31 18:26:15.142 200 TYPE is now 8-bit binary
> 2026-05-31 18:26:15.142 PASV
< 2026-05-31 18:26:15.219 227 Entering Passive Mode (40,90,253,12,199,140)
> 2026-05-31 18:26:15.220 STOR main
. 2026-05-31 18:26:15.220 Connecting to 40.90.253.12:51084 ...
< 2026-05-31 18:26:15.377 150 Accepted data connection
< 2026-05-31 18:26:15.459 226-File successfully transferred
< 2026-05-31 18:26:15.459 226 0.082 seconds (measured here), 132.70 Kbytes per second
> 2026-05-31 18:26:15.459 MFMT 20260601012556 main
< 2026-05-31 18:26:15.538 213 UTIME OK
. 2026-05-31 18:26:15.538 Upload successful
. 2026-05-31 18:26:15.539 Transfer done: 'C:\Users\Julian\Documents\git\junkyard_pro\.git\logs\refs\remotes\origin\main' => '/.git/logs/refs/remotes/origin/main' [11096]
. 2026-05-31 18:26:15.539 File: 'C:\Users\Julian\Documents\git\junkyard_pro\.git\objects' [2026-06-01T01:25:54.593Z] [0]
. 2026-05-31 18:26:15.541 File: 'C:\Users\Julian\Documents\git\junkyard_pro\.git\objects\00' [2026-05-31T00:17:00.990Z] [0]
. 2026-05-31 18:26:15.543 File: 'C:\Users\Julian\Documents\git\junkyard_pro\.git\objects\00\11e9d65fcaefeaccd7c79a0357e8f2214695ed' [2026-05-31T00:16:57.740Z] [302]
. 2026-05-31 18:26:15.562 Copying "C:\Users\Julian\Documents\git\junkyard_pro\.git\objects\00\11e9d65fcaefeaccd7c79a0357e8f2214695ed" to remote directory started.
. 2026-05-31 18:26:15.562 Binary transfer mode selected.
. 2026-05-31 18:26:15.562 Starting upload of C:\Users\Julian\Documents\git\junkyard_pro\.git\objects\00\11e9d65fcaefeaccd7c79a0357e8f2214695ed
> 2026-05-31 18:26:15.562 CWD /.git/objects/00
< 2026-05-31 18:26:15.639 550 Can't change directory to /.git/objects/00: No such file or directory
> 2026-05-31 18:26:15.639 CWD /.git/objects
< 2026-05-31 18:26:15.816 550 Can't change directory to /.git/objects: No such file or directory
> 2026-05-31 18:26:15.816 CWD /.git
< 2026-05-31 18:26:15.890 250 OK. Current directory is /.git
> 2026-05-31 18:26:15.890 MKD objects
< 2026-05-31 18:26:15.969 257 "objects" : The directory was successfully created
> 2026-05-31 18:26:15.969 CWD /.git/objects
< 2026-05-31 18:26:16.047 250 OK. Current directory is /.git/objects
> 2026-05-31 18:26:16.047 MKD 00
< 2026-05-31 18:26:16.127 257 "00" : The directory was successfully created
> 2026-05-31 18:26:16.127 CWD /.git/objects/00
< 2026-05-31 18:26:16.208 250 OK. Current directory is /.git/objects/00
> 2026-05-31 18:26:16.209 PWD
< 2026-05-31 18:26:16.289 257 "/.git/objects/00" is your current location
> 2026-05-31 18:26:16.290 TYPE I
< 2026-05-31 18:26:16.367 200 TYPE is now 8-bit binary
> 2026-05-31 18:26:16.368 PASV
< 2026-05-31 18:26:16.446 227 Entering Passive Mode (40,90,253,12,221,100)
> 2026-05-31 18:26:16.446 STOR 11e9d65fcaefeaccd7c79a0357e8f2214695ed
. 2026-05-31 18:26:16.446 Connecting to 40.90.253.12:56676 ...
< 2026-05-31 18:26:16.613 150 Accepted data connection
< 2026-05-31 18:26:16.706 226-File successfully transferred
< 2026-05-31 18:26:16.706 226 0.093 seconds (measured here), 3.18 Kbytes per second
> 2026-05-31 18:26:16.706 MFMT 20260531001657 11e9d65fcaefeaccd7c79a0357e8f2214695ed
< 2026-05-31 18:26:16.784 213 UTIME OK
. 2026-05-31 18:26:16.784 Upload successful
. 2026-05-31 18:26:16.789 Transfer done: 'C:\Users\Julian\Documents\git\junkyard_pro\.git\objects\00\11e9d65fcaefeaccd7c79a0357e8f2214695ed' => '/.git/objects/00/11e9d65fcaefeaccd7c79a0357e8f2214695ed' [302]
. 2026-05-31 18:26:16.790 File: 'C:\Users\Julian\Documents\git\junkyard_pro\.git\objects\00\2681c025f6b352d03c2ac206bdc4dd53f2853f' [2026-05-31T00:16:58.892Z] [885]
. 2026-05-31 18:26:16.835 Copying "C:\Users\Julian\Documents\git\junkyard_pro\.git\objects\00\2681c025f6b352d03c2ac206bdc4dd53f2853f" to remote directory started.
. 2026-05-31 18:26:16.835 Binary transfer mode selected.
. 2026-05-31 18:26:16.838 Starting upload of C:\Users\Julian\Documents\git\junkyard_pro\.git\objects\00\2681c025f6b352d03c2ac206bdc4dd53f2853f
> 2026-05-31 18:26:16.839 TYPE I
< 2026-05-31 18:26:16.927 200 TYPE is now 8-bit binary
> 2026-05-31 18:26:16.927 PASV
< 2026-05-31 18:26:17.004 227 Entering Passive Mode (40,90,253,12,203,81)
> 2026-05-31 18:26:17.005 STOR 2681c025f6b352d03c2ac206bdc4dd53f2853f
. 2026-05-31 18:26:17.005 Connecting to 40.90.253.12:52049 ...
< 2026-05-31 18:26:17.163 150 Accepted data connection
< 2026-05-31 18:26:17.242 226-File successfully transferred
< 2026-05-31 18:26:17.242 226 0.079 seconds (measured here), 10.89 Kbytes per second
> 2026-05-31 18:26:17.242 MFMT 20260531001658 2681c025f6b352d03c2ac206bdc4dd53f2853f
< 2026-05-31 18:26:17.329 213 UTIME OK
. 2026-05-31 18:26:17.329 Upload successful
. 2026-05-31 18:26:17.331 Transfer done: 'C:\Users\Julian\Documents\git\junkyard_pro\.git\objects\00\2681c025f6b352d03c2ac206bdc4dd53f2853f' => '/.git/objects/00/2681c025f6b352d03c2ac206bdc4dd53f2853f' [885]
. 2026-05-31 18:26:17.331 File: 'C:\Users\Julian\Documents\git\junkyard_pro\.git\objects\00\323895a6bc8857f7e72e65a8c614e4f4376210' [2026-05-31T00:17:00.988Z] [837]
. 2026-05-31 18:26:17.366 Copying "C:\Users\Julian\Documents\git\junkyard_pro\.git\objects\00\323895a6bc8857f7e72e65a8c614e4f4376210" to remote directory started.
. 2026-05-31 18:26:17.366 Binary transfer mode selected.
. 2026-05-31 18:26:17.367 Starting upload of C:\Users\Julian\Documents\git\junkyard_pro\.git\objects\00\323895a6bc8857f7e72e65a8c614e4f4376210
> 2026-05-31 18:26:17.367 TYPE I
< 2026-05-31 18:26:17.448 200 TYPE is now 8-bit binary
> 2026-05-31 18:26:17.448 PASV
< 2026-05-31 18:26:17.525 227 Entering Passive Mode (40,90,253,12,193,32)
> 2026-05-31 18:26:17.526 STOR 323895a6bc8857f7e72e65a8c614e4f4376210
. 2026-05-31 18:26:17.526 Connecting to 40.90.253.12:49440 ...
< 2026-05-31 18:26:17.684 150 Accepted data connection
< 2026-05-31 18:26:17.772 226-File successfully transferred
< 2026-05-31 18:26:17.772 226 0.088 seconds (measured here), 9.29 Kbytes per second
> 2026-05-31 18:26:17.772 MFMT 20260531001700 323895a6bc8857f7e72e65a8c614e4f4376210
< 2026-05-31 18:26:17.850 213 UTIME OK
. 2026-05-31 18:26:17.850 Upload successful
. 2026-05-31 18:26:17.851 Transfer done: 'C:\Users\Julian\Documents\git\junkyard_pro\.git\objects\00\323895a6bc8857f7e72e65a8c614e4f4376210' => '/.git/objects/00/323895a6bc8857f7e72e65a8c614e4f4376210' [837]
. 2026-05-31 18:26:17.851 File: 'C:\Users\Julian\Documents\git\junkyard_pro\.git\objects\00\bdc038cb7c13f8462b70ee72f8bcf71a08d21e' [2026-05-31T00:16:59.529Z] [1760]
. 2026-05-31 18:26:17.885 Copying "C:\Users\Julian\Documents\git\junkyard_pro\.git\objects\00\bdc038cb7c13f8462b70ee72f8bcf71a08d21e" to remote directory started.
. 2026-05-31 18:26:17.885 Binary transfer mode selected.
. 2026-05-31 18:26:17.888 Starting upload of C:\Users\Julian\Documents\git\junkyard_pro\.git\objects\00\bdc038cb7c13f8462b70ee72f8bcf71a08d21e
> 2026-05-31 18:26:17.888 TYPE I
< 2026-05-31 18:26:17.968 200 TYPE is now 8-bit binary
> 2026-05-31 18:26:17.968 PASV
< 2026-05-31 18:26:18.048 227 Entering Passive Mode (40,90,253,12,249,50)
> 2026-05-31 18:26:18.049 STOR bdc038cb7c13f8462b70ee72f8bcf71a08d21e
. 2026-05-31 18:26:18.049 Connecting to 40.90.253.12:63794 ...
< 2026-05-31 18:26:18.207 150 Accepted data connection
< 2026-05-31 18:26:18.288 226-File successfully transferred
< 2026-05-31 18:26:18.288 226 0.081 seconds (measured here), 21.33 Kbytes per second
> 2026-05-31 18:26:18.289 MFMT 20260531001659 bdc038cb7c13f8462b70ee72f8bcf71a08d21e
< 2026-05-31 18:26:18.365 213 UTIME OK
. 2026-05-31 18:26:18.365 Upload successful
. 2026-05-31 18:26:18.366 Transfer done: 'C:\Users\Julian\Documents\git\junkyard_pro\.git\objects\00\bdc038cb7c13f8462b70ee72f8bcf71a08d21e' => '/.git/objects/00/bdc038cb7c13f8462b70ee72f8bcf71a08d21e' [1760]
. 2026-05-31 18:26:18.367 File: 'C:\Users\Julian\Documents\git\junkyard_pro\.git\objects\01' [2026-05-31T07:09:43.294Z] [0]
. 2026-05-31 18:26:18.368 File: 'C:\Users\Julian\Documents\git\junkyard_pro\.git\objects\01\145e95673f45c0ddb9520260b9aa7e6962d662' [2026-05-31T07:09:43.291Z] [402]
. 2026-05-31 18:26:18.384 Copying "C:\Users\Julian\Documents\git\junkyard_pro\.git\objects\01\145e95673f45c0ddb9520260b9aa7e6962d662" to remote directory started.
. 2026-05-31 18:26:18.384 Binary transfer mode selected.
. 2026-05-31 18:26:18.385 Starting upload of C:\Users\Julian\Documents\git\junkyard_pro\.git\objects\01\145e95673f45c0ddb9520260b9aa7e6962d662
> 2026-05-31 18:26:18.385 CWD /.git/objects/01
< 2026-05-31 18:26:18.462 550 Can't change directory to /.git/objects/01: No such file or directory
> 2026-05-31 18:26:18.462 CWD /.git/objects
< 2026-05-31 18:26:18.538 250 OK. Current directory is /.git/objects
> 2026-05-31 18:26:18.538 MKD 01
< 2026-05-31 18:26:18.618 257 "01" : The directory was successfully created
> 2026-05-31 18:26:18.618 CWD /.git/objects/01
< 2026-05-31 18:26:18.696 250 OK. Current directory is /.git/objects/01
> 2026-05-31 18:26:18.697 PWD
< 2026-05-31 18:26:18.775 257 "/.git/objects/01" is your current location
> 2026-05-31 18:26:18.775 TYPE I
< 2026-05-31 18:26:18.852 200 TYPE is now 8-bit binary
> 2026-05-31 18:26:18.852 PASV
< 2026-05-31 18:26:18.938 227 Entering Passive Mode (40,90,253,12,192,252)
> 2026-05-31 18:26:18.939 STOR 145e95673f45c0ddb9520260b9aa7e6962d662
. 2026-05-31 18:26:18.939 Connecting to 40.90.253.12:49404 ...
< 2026-05-31 18:26:19.101 150 Accepted data connection
< 2026-05-31 18:26:19.180 226-File successfully transferred
< 2026-05-31 18:26:19.180 226 0.080 seconds (measured here), 4.93 Kbytes per second
> 2026-05-31 18:26:19.181 MFMT 20260531070943 145e95673f45c0ddb9520260b9aa7e6962d662
< 2026-05-31 18:26:19.258 213 UTIME OK
. 2026-05-31 18:26:19.258 Upload successful
. 2026-05-31 18:26:19.260 Transfer done: 'C:\Users\Julian\Documents\git\junkyard_pro\.git\objects\01\145e95673f45c0ddb9520260b9aa7e6962d662' => '/.git/objects/01/145e95673f45c0ddb9520260b9aa7e6962d662' [402]
. 2026-05-31 18:26:19.260 File: 'C:\Users\Julian\Documents\git\junkyard_pro\.git\objects\01\31b103975bf0c258f72c2828a7dbd9e476bc82' [2026-05-31T00:17:01.657Z] [899]
. 2026-05-31 18:26:19.293 Copying "C:\Users\Julian\Documents\git\junkyard_pro\.git\objects\01\31b103975bf0c258f72c2828a7dbd9e476bc82" to remote directory started.
. 2026-05-31 18:26:19.293 Binary transfer mode selected.
. 2026-05-31 18:26:19.295 Starting upload of C:\Users\Julian\Documents\git\junkyard_pro\.git\objects\01\31b103975bf0c258f72c2828a7dbd9e476bc82
> 2026-05-31 18:26:19.296 TYPE I
< 2026-05-31 18:26:19.376 200 TYPE is now 8-bit binary
> 2026-05-31 18:26:19.376 PASV
< 2026-05-31 18:26:19.452 227 Entering Passive Mode (40,90,253,12,201,92)
> 2026-05-31 18:26:19.452 STOR 31b103975bf0c258f72c2828a7dbd9e476bc82
. 2026-05-31 18:26:19.452 Connecting to 40.90.253.12:51548 ...
< 2026-05-31 18:26:19.610 150 Accepted data connection
< 2026-05-31 18:26:19.688 226-File successfully transferred
< 2026-05-31 18:26:19.688 226 0.077 seconds (measured here), 11.36 Kbytes per second
> 2026-05-31 18:26:19.688 MFMT 20260531001701 31b103975bf0c258f72c2828a7dbd9e476bc82
< 2026-05-31 18:26:19.764 213 UTIME OK
. 2026-05-31 18:26:19.764 Upload successful
. 2026-05-31 18:26:19.765 Transfer done: 'C:\Users\Julian\Documents\git\junkyard_pro\.git\objects\01\31b103975bf0c258f72c2828a7dbd9e476bc82' => '/.git/objects/01/31b103975bf0c258f72c2828a7dbd9e476bc82' [899]
. 2026-05-31 18:26:19.765 File: 'C:\Users\Julian\Documents\git\junkyard_pro\.git\objects\01\440f621ae32a8fd25816a03d0c445222a8819f' [2026-05-31T00:17:01.907Z] [809]
. 2026-05-31 18:26:19.781 Copying "C:\Users\Julian\Documents\git\junkyard_pro\.git\objects\01\440f621ae32a8fd25816a03d0c445222a8819f" to remote directory started.
. 2026-05-31 18:26:19.781 Binary transfer mode selected.
. 2026-05-31 18:26:19.782 Starting upload of C:\Users\Julian\Documents\git\junkyard_pro\.git\objects\01\440f621ae32a8fd25816a03d0c445222a8819f
> 2026-05-31 18:26:19.782 TYPE I
< 2026-05-31 18:26:19.860 200 TYPE is now 8-bit binary
> 2026-05-31 18:26:19.860 PASV
< 2026-05-31 18:26:19.938 227 Entering Passive Mode (40,90,253,12,225,235)
> 2026-05-31 18:26:19.938 STOR 440f621ae32a8fd25816a03d0c445222a8819f
. 2026-05-31 18:26:19.938 Connecting to 40.90.253.12:57835 ...
< 2026-05-31 18:26:20.105 150 Accepted data connection
< 2026-05-31 18:26:20.189 226-File successfully transferred
< 2026-05-31 18:26:20.189 226 0.084 seconds (measured here), 9.44 Kbytes per second
> 2026-05-31 18:26:20.189 MFMT 20260531001701 440f621ae32a8fd25816a03d0c445222a8819f
< 2026-05-31 18:26:20.268 213 UTIME OK
. 2026-05-31 18:26:20.268 Upload successful
. 2026-05-31 18:26:20.270 Transfer done: 'C:\Users\Julian\Documents\git\junkyard_pro\.git\objects\01\440f621ae32a8fd25816a03d0c445222a8819f' => '/.git/objects/01/440f621ae32a8fd25816a03d0c445222a8819f' [809]
. 2026-05-31 18:26:20.270 File: 'C:\Users\Julian\Documents\git\junkyard_pro\.git\objects\01\800dee6b07894536485e9a23ca6cda472984a2' [2026-05-31T00:17:00.867Z] [305]
. 2026-05-31 18:26:20.295 Copying "C:\Users\Julian\Documents\git\junkyard_pro\.git\objects\01\800dee6b07894536485e9a23ca6cda472984a2" to remote directory started.
. 2026-05-31 18:26:20.295 Binary transfer mode selected.
. 2026-05-31 18:26:20.297 Starting upload of C:\Users\Julian\Documents\git\junkyard_pro\.git\objects\01\800dee6b07894536485e9a23ca6cda472984a2
> 2026-05-31 18:26:20.298 TYPE I
< 2026-05-31 18:26:20.375 200 TYPE is now 8-bit binary
> 2026-05-31 18:26:20.375 PASV
< 2026-05-31 18:26:20.454 227 Entering Passive Mode (40,90,253,12,217,71)
> 2026-05-31 18:26:20.454 STOR 800dee6b07894536485e9a23ca6cda472984a2
. 2026-05-31 18:26:20.454 Connecting to 40.90.253.12:55623 ...
< 2026-05-31 18:26:20.610 150 Accepted data connection
< 2026-05-31 18:26:20.690 226-File successfully transferred
< 2026-05-31 18:26:20.690 226 0.080 seconds (measured here), 3.73 Kbytes per second
> 2026-05-31 18:26:20.690 MFMT 20260531001700 800dee6b07894536485e9a23ca6cda472984a2
< 2026-05-31 18:26:20.768 213 UTIME OK
. 2026-05-31 18:26:20.768 Upload successful
. 2026-05-31 18:26:20.769 Transfer done: 'C:\Users\Julian\Documents\git\junkyard_pro\.git\objects\01\800dee6b07894536485e9a23ca6cda472984a2' => '/.git/objects/01/800dee6b07894536485e9a23ca6cda472984a2' [305]
. 2026-05-31 18:26:20.770 File: 'C:\Users\Julian\Documents\git\junkyard_pro\.git\objects\01\c5240127b119307ba0c1f50ac7a3c81a2e1c3c' [2026-05-31T00:17:00.200Z] [151]
. 2026-05-31 18:26:20.802 Copying "C:\Users\Julian\Documents\git\junkyard_pro\.git\objects\01\c5240127b119307ba0c1f50ac7a3c81a2e1c3c" to remote directory started.
. 2026-05-31 18:26:20.802 Binary transfer mode selected.
. 2026-05-31 18:26:20.804 Starting upload of C:\Users\Julian\Documents\git\junkyard_pro\.git\objects\01\c5240127b119307ba0c1f50ac7a3c81a2e1c3c
> 2026-05-31 18:26:20.805 TYPE I
< 2026-05-31 18:26:20.885 200 TYPE is now 8-bit binary
> 2026-05-31 18:26:20.885 PASV
< 2026-05-31 18:26:20.965 227 Entering Passive Mode (40,90,253,12,193,20)
> 2026-05-31 18:26:20.966 STOR c5240127b119307ba0c1f50ac7a3c81a2e1c3c
. 2026-05-31 18:26:20.966 Connecting to 40.90.253.12:49428 ...
< 2026-05-31 18:26:21.125 150 Accepted data connection
< 2026-05-31 18:26:21.204 226-File successfully transferred
< 2026-05-31 18:26:21.204 226 0.080 seconds (measured here), 1.85 Kbytes per second
> 2026-05-31 18:26:21.204 MFMT 20260531001700 c5240127b119307ba0c1f50ac7a3c81a2e1c3c
< 2026-05-31 18:26:21.280 213 UTIME OK
. 2026-05-31 18:26:21.280 Upload successful
. 2026-05-31 18:26:21.283 Transfer done: 'C:\Users\Julian\Documents\git\junkyard_pro\.git\objects\01\c5240127b119307ba0c1f50ac7a3c81a2e1c3c' => '/.git/objects/01/c5240127b119307ba0c1f50ac7a3c81a2e1c3c' [151]
. 2026-05-31 18:26:21.283 File: 'C:\Users\Julian\Documents\git\junkyard_pro\.git\objects\01\c5ffa632971171f69bd06cf866d4a3be0db124' [2026-05-31T00:16:59.827Z] [987]
. 2026-05-31 18:26:21.318 Copying "C:\Users\Julian\Documents\git\junkyard_pro\.git\objects\01\c5ffa632971171f69bd06cf866d4a3be0db124" to remote directory started.
. 2026-05-31 18:26:21.319 Binary transfer mode selected.
. 2026-05-31 18:26:21.320 Starting upload of C:\Users\Julian\Documents\git\junkyard_pro\.git\objects\01\c5ffa632971171f69bd06cf866d4a3be0db124
> 2026-05-31 18:26:21.321 TYPE I
< 2026-05-31 18:26:21.413 200 TYPE is now 8-bit binary
> 2026-05-31 18:26:21.413 PASV
< 2026-05-31 18:26:21.490 227 Entering Passive Mode (40,90,253,12,210,212)
> 2026-05-31 18:26:21.491 STOR c5ffa632971171f69bd06cf866d4a3be0db124
. 2026-05-31 18:26:21.491 Connecting to 40.90.253.12:53972 ...
< 2026-05-31 18:26:21.656 150 Accepted data connection
< 2026-05-31 18:26:21.740 226-File successfully transferred
< 2026-05-31 18:26:21.740 226 0.084 seconds (measured here), 11.52 Kbytes per second
> 2026-05-31 18:26:21.741 MFMT 20260531001659 c5ffa632971171f69bd06cf866d4a3be0db124
< 2026-05-31 18:26:21.817 213 UTIME OK
. 2026-05-31 18:26:21.817 Upload successful
. 2026-05-31 18:26:21.818 Transfer done: 'C:\Users\Julian\Documents\git\junkyard_pro\.git\objects\01\c5ffa632971171f69bd06cf866d4a3be0db124' => '/.git/objects/01/c5ffa632971171f69bd06cf866d4a3be0db124' [987]
. 2026-05-31 18:26:21.818 File: 'C:\Users\Julian\Documents\git\junkyard_pro\.git\objects\01\f330bf181a65790225fdc6b7802db0354a1083' [2026-05-31T00:16:58.464Z] [1529]
. 2026-05-31 18:26:21.852 Copying "C:\Users\Julian\Documents\git\junkyard_pro\.git\objects\01\f330bf181a65790225fdc6b7802db0354a1083" to remote directory started.
. 2026-05-31 18:26:21.852 Binary transfer mode selected.
. 2026-05-31 18:26:21.853 Starting upload of C:\Users\Julian\Documents\git\junkyard_pro\.git\objects\01\f330bf181a65790225fdc6b7802db0354a1083
> 2026-05-31 18:26:21.854 TYPE I
< 2026-05-31 18:26:21.931 200 TYPE is now 8-bit binary
> 2026-05-31 18:26:21.931 PASV
< 2026-05-31 18:26:22.005 227 Entering Passive Mode (40,90,253,12,246,59)
> 2026-05-31 18:26:22.006 STOR f330bf181a65790225fdc6b7802db0354a1083
. 2026-05-31 18:26:22.006 Connecting to 40.90.253.12:63035 ...
< 2026-05-31 18:26:22.171 150 Accepted data connection
< 2026-05-31 18:26:22.252 226-File successfully transferred
< 2026-05-31 18:26:22.252 226 0.080 seconds (measured here), 18.58 Kbytes per second
> 2026-05-31 18:26:22.253 MFMT 20260531001658 f330bf181a65790225fdc6b7802db0354a1083
< 2026-05-31 18:26:22.332 213 UTIME OK
. 2026-05-31 18:26:22.332 Upload successful
. 2026-05-31 18:26:22.334 Transfer done: 'C:\Users\Julian\Documents\git\junkyard_pro\.git\objects\01\f330bf181a65790225fdc6b7802db0354a1083' => '/.git/objects/01/f330bf181a65790225fdc6b7802db0354a1083' [1529]
. 2026-05-31 18:26:22.335 File: 'C:\Users\Julian\Documents\git\junkyard_pro\.git\objects\02' [2026-05-31T00:17:12.415Z] [0]
. 2026-05-31 18:26:22.337 File: 'C:\Users\Julian\Documents\git\junkyard_pro\.git\objects\02\3c4601c20438d9e5f1f346e7ee0530f9bcd204' [2026-05-31T00:16:59.005Z] [1009]
. 2026-05-31 18:26:22.356 Copying "C:\Users\Julian\Documents\git\junkyard_pro\.git\objects\02\3c4601c20438d9e5f1f346e7ee0530f9bcd204" to remote directory started.
. 2026-05-31 18:26:22.357 Binary transfer mode selected.
. 2026-05-31 18:26:22.358 Starting upload of C:\Users\Julian\Documents\git\junkyard_pro\.git\objects\02\3c4601c20438d9e5f1f346e7ee0530f9bcd204
> 2026-05-31 18:26:22.358 CWD /.git/objects/02
< 2026-05-31 18:26:22.436 550 Can't change directory to /.git/objects/02: No such file or directory
> 2026-05-31 18:26:22.436 CWD /.git/objects
< 2026-05-31 18:26:22.510 250 OK. Current directory is /.git/objects
> 2026-05-31 18:26:22.510 MKD 02
< 2026-05-31 18:26:22.586 257 "02" : The directory was successfully created
> 2026-05-31 18:26:22.586 CWD /.git/objects/02
< 2026-05-31 18:26:22.663 250 OK. Current directory is /.git/objects/02
> 2026-05-31 18:26:22.663 PWD
< 2026-05-31 18:26:22.741 257 "/.git/objects/02" is your current location
> 2026-05-31 18:26:22.741 TYPE I
< 2026-05-31 18:26:22.818 200 TYPE is now 8-bit binary
> 2026-05-31 18:26:22.819 PASV
< 2026-05-31 18:26:22.897 227 Entering Passive Mode (40,90,253,12,201,115)
> 2026-05-31 18:26:22.897 STOR 3c4601c20438d9e5f1f346e7ee0530f9bcd204
. 2026-05-31 18:26:22.897 Connecting to 40.90.253.12:51571 ...
< 2026-05-31 18:26:23.063 150 Accepted data connection
< 2026-05-31 18:26:23.156 226-File successfully transferred
< 2026-05-31 18:26:23.156 226 0.093 seconds (measured here), 10.58 Kbytes per second
> 2026-05-31 18:26:23.156 MFMT 20260531001659 3c4601c20438d9e5f1f346e7ee0530f9bcd204
< 2026-05-31 18:26:23.233 213 UTIME OK
. 2026-05-31 18:26:23.233 Upload successful
. 2026-05-31 18:26:23.234 Transfer done: 'C:\Users\Julian\Documents\git\junkyard_pro\.git\objects\02\3c4601c20438d9e5f1f346e7ee0530f9bcd204' => '/.git/objects/02/3c4601c20438d9e5f1f346e7ee0530f9bcd204' [1009]
. 2026-05-31 18:26:23.234 File: 'C:\Users\Julian\Documents\git\junkyard_pro\.git\objects\02\4d19895880a75e6d0020341bff9e57fdb1841c' [2026-05-31T00:17:02.046Z] [6182]
. 2026-05-31 18:26:23.253 Copying "C:\Users\Julian\Documents\git\junkyard_pro\.git\objects\02\4d19895880a75e6d0020341bff9e57fdb1841c" to remote directory started.
. 2026-05-31 18:26:23.253 Binary transfer mode selected.
. 2026-05-31 18:26:23.253 Starting upload of C:\Users\Julian\Documents\git\junkyard_pro\.git\objects\02\4d19895880a75e6d0020341bff9e57fdb1841c
> 2026-05-31 18:26:23.254 TYPE I
< 2026-05-31 18:26:23.331 200 TYPE is now 8-bit binary
> 2026-05-31 18:26:23.331 PASV
< 2026-05-31 18:26:23.409 227 Entering Passive Mode (40,90,253,12,240,254)
> 2026-05-31 18:26:23.409 STOR 4d19895880a75e6d0020341bff9e57fdb1841c
. 2026-05-31 18:26:23.409 Connecting to 40.90.253.12:61694 ...
< 2026-05-31 18:26:23.579 150 Accepted data connection
< 2026-05-31 18:26:23.671 226-File successfully transferred
< 2026-05-31 18:26:23.671 226 0.086 seconds (measured here), 70.19 Kbytes per second
> 2026-05-31 18:26:23.672 MFMT 20260531001702 4d19895880a75e6d0020341bff9e57fdb1841c
< 2026-05-31 18:26:23.748 213 UTIME OK
. 2026-05-31 18:26:23.748 Upload successful
. 2026-05-31 18:26:23.749 Transfer done: 'C:\Users\Julian\Documents\git\junkyard_pro\.git\objects\02\4d19895880a75e6d0020341bff9e57fdb1841c' => '/.git/objects/02/4d19895880a75e6d0020341bff9e57fdb1841c' [6182]
. 2026-05-31 18:26:23.749 File: 'C:\Users\Julian\Documents\git\junkyard_pro\.git\objects\02\5f6001b4593898efc9c4fc287a044a41ee09fd' [2026-05-31T00:17:11.935Z] [667]
. 2026-05-31 18:26:23.757 Copying "C:\Users\Julian\Documents\git\junkyard_pro\.git\objects\02\5f6001b4593898efc9c4fc287a044a41ee09fd" to remote directory started.
. 2026-05-31 18:26:23.757 Binary transfer mode selected.
. 2026-05-31 18:26:23.758 Starting upload of C:\Users\Julian\Documents\git\junkyard_pro\.git\objects\02\5f6001b4593898efc9c4fc287a044a41ee09fd
> 2026-05-31 18:26:23.758 TYPE I
< 2026-05-31 18:26:23.840 200 TYPE is now 8-bit binary
> 2026-05-31 18:26:23.840 PASV
< 2026-05-31 18:26:23.917 227 Entering Passive Mode (40,90,253,12,248,37)
> 2026-05-31 18:26:23.918 STOR 5f6001b4593898efc9c4fc287a044a41ee09fd
. 2026-05-31 18:26:23.918 Connecting to 40.90.253.12:63525 ...
< 2026-05-31 18:26:24.073 150 Accepted data connection
< 2026-05-31 18:26:24.155 226-File successfully transferred
< 2026-05-31 18:26:24.155 226 0.082 seconds (measured here), 7.93 Kbytes per second
> 2026-05-31 18:26:24.157 MFMT 20260531001711 5f6001b4593898efc9c4fc287a044a41ee09fd
< 2026-05-31 18:26:24.232 213 UTIME OK
. 2026-05-31 18:26:24.232 Upload successful
. 2026-05-31 18:26:24.234 Transfer done: 'C:\Users\Julian\Documents\git\junkyard_pro\.git\objects\02\5f6001b4593898efc9c4fc287a044a41ee09fd' => '/.git/objects/02/5f6001b4593898efc9c4fc287a044a41ee09fd' [667]
. 2026-05-31 18:26:24.234 File: 'C:\Users\Julian\Documents\git\junkyard_pro\.git\objects\02\688696fb4c1ab4bbf8e8544a362b7c4ef715ce' [2026-05-31T00:16:57.127Z] [179]
. 2026-05-31 18:26:24.262 Copying "C:\Users\Julian\Documents\git\junkyard_pro\.git\objects\02\688696fb4c1ab4bbf8e8544a362b7c4ef715ce" to remote directory started.
. 2026-05-31 18:26:24.262 Binary transfer mode selected.
. 2026-05-31 18:26:24.264 Starting upload of C:\Users\Julian\Documents\git\junkyard_pro\.git\objects\02\688696fb4c1ab4bbf8e8544a362b7c4ef715ce
> 2026-05-31 18:26:24.264 TYPE I
< 2026-05-31 18:26:24.343 200 TYPE is now 8-bit binary
> 2026-05-31 18:26:24.343 PASV
< 2026-05-31 18:26:24.420 227 Entering Passive Mode (40,90,253,12,197,238)
> 2026-05-31 18:26:24.420 STOR 688696fb4c1ab4bbf8e8544a362b7c4ef715ce
. 2026-05-31 18:26:24.420 Connecting to 40.90.253.12:50670 ...
< 2026-05-31 18:26:24.574 150 Accepted data connection
< 2026-05-31 18:26:24.651 226-File successfully transferred
< 2026-05-31 18:26:24.651 226 0.076 seconds (measured here), 2.29 Kbytes per second
> 2026-05-31 18:26:24.651 MFMT 20260531001657 688696fb4c1ab4bbf8e8544a362b7c4ef715ce
< 2026-05-31 18:26:24.728 213 UTIME OK
. 2026-05-31 18:26:24.728 Upload successful
. 2026-05-31 18:26:24.728 Transfer done: 'C:\Users\Julian\Documents\git\junkyard_pro\.git\objects\02\688696fb4c1ab4bbf8e8544a362b7c4ef715ce' => '/.git/objects/02/688696fb4c1ab4bbf8e8544a362b7c4ef715ce' [179]
. 2026-05-31 18:26:24.728 File: 'C:\Users\Julian\Documents\git\junkyard_pro\.git\objects\02\6cf61ab6d675c052c4113747d058249daef582' [2026-05-31T00:17:12.414Z] [62]
. 2026-05-31 18:26:24.736 Copying "C:\Users\Julian\Documents\git\junkyard_pro\.git\objects\02\6cf61ab6d675c052c4113747d058249daef582" to remote directory started.
. 2026-05-31 18:26:24.736 Binary transfer mode selected.
. 2026-05-31 18:26:24.736 Starting upload of C:\Users\Julian\Documents\git\junkyard_pro\.git\objects\02\6cf61ab6d675c052c4113747d058249daef582
> 2026-05-31 18:26:24.736 TYPE I
< 2026-05-31 18:26:24.814 200 TYPE is now 8-bit binary
> 2026-05-31 18:26:24.814 PASV
< 2026-05-31 18:26:24.891 227 Entering Passive Mode (40,90,253,12,226,62)
> 2026-05-31 18:26:24.891 STOR 6cf61ab6d675c052c4113747d058249daef582
. 2026-05-31 18:26:24.891 Connecting to 40.90.253.12:57918 ...
< 2026-05-31 18:26:25.051 150 Accepted data connection
< 2026-05-31 18:26:25.133 226-File successfully transferred
< 2026-05-31 18:26:25.133 226 0.082 seconds (measured here), 0.74 Kbytes per second
> 2026-05-31 18:26:25.134 MFMT 20260531001712 6cf61ab6d675c052c4113747d058249daef582
< 2026-05-31 18:26:25.211 213 UTIME OK
. 2026-05-31 18:26:25.211 Upload successful
. 2026-05-31 18:26:25.212 Transfer done: 'C:\Users\Julian\Documents\git\junkyard_pro\.git\objects\02\6cf61ab6d675c052c4113747d058249daef582' => '/.git/objects/02/6cf61ab6d675c052c4113747d058249daef582' [62]
. 2026-05-31 18:26:25.212 File: 'C:\Users\Julian\Documents\git\junkyard_pro\.git\objects\02\8b3ff1ce7490110b79ec5bf688abd66a8d86dc' [2026-05-31T00:16:59.773Z] [110]
. 2026-05-31 18:26:25.218 Copying "C:\Users\Julian\Documents\git\junkyard_pro\.git\objects\02\8b3ff1ce7490110b79ec5bf688abd66a8d86dc" to remote directory started.
. 2026-05-31 18:26:25.218 Binary transfer mode selected.
. 2026-05-31 18:26:25.219 Starting upload of C:\Users\Julian\Documents\git\junkyard_pro\.git\objects\02\8b3ff1ce7490110b79ec5bf688abd66a8d86dc
> 2026-05-31 18:26:25.219 TYPE I
< 2026-05-31 18:26:25.297 200 TYPE is now 8-bit binary
> 2026-05-31 18:26:25.297 PASV
< 2026-05-31 18:26:25.385 227 Entering Passive Mode (40,90,253,12,215,125)
> 2026-05-31 18:26:25.386 STOR 8b3ff1ce7490110b79ec5bf688abd66a8d86dc
. 2026-05-31 18:26:25.386 Connecting to 40.90.253.12:55165 ...
< 2026-05-31 18:26:25.552 150 Accepted data connection
< 2026-05-31 18:26:25.645 226-File successfully transferred
< 2026-05-31 18:26:25.645 226 0.085 seconds (measured here), 1.27 Kbytes per second
> 2026-05-31 18:26:25.645 MFMT 20260531001659 8b3ff1ce7490110b79ec5bf688abd66a8d86dc
< 2026-05-31 18:26:25.717 213 UTIME OK
. 2026-05-31 18:26:25.717 Upload successful
. 2026-05-31 18:26:25.718 Transfer done: 'C:\Users\Julian\Documents\git\junkyard_pro\.git\objects\02\8b3ff1ce7490110b79ec5bf688abd66a8d86dc' => '/.git/objects/02/8b3ff1ce7490110b79ec5bf688abd66a8d86dc' [110]
. 2026-05-31 18:26:25.718 File: 'C:\Users\Julian\Documents\git\junkyard_pro\.git\objects\02\8f72a93c5153af4163764face616d0ccb7a7b8' [2026-05-31T00:17:02.275Z] [579]
. 2026-05-31 18:26:25.741 Copying "C:\Users\Julian\Documents\git\junkyard_pro\.git\objects\02\8f72a93c5153af4163764face616d0ccb7a7b8" to remote directory started.
. 2026-05-31 18:26:25.741 Binary transfer mode selected.
. 2026-05-31 18:26:25.742 Starting upload of C:\Users\Julian\Documents\git\junkyard_pro\.git\objects\02\8f72a93c5153af4163764face616d0ccb7a7b8
> 2026-05-31 18:26:25.743 TYPE I
< 2026-05-31 18:26:25.820 200 TYPE is now 8-bit binary
> 2026-05-31 18:26:25.820 PASV
< 2026-05-31 18:26:25.899 227 Entering Passive Mode (40,90,253,12,223,121)
> 2026-05-31 18:26:25.899 STOR 8f72a93c5153af4163764face616d0ccb7a7b8
. 2026-05-31 18:26:25.899 Connecting to 40.90.253.12:57209 ...
< 2026-05-31 18:26:26.059 150 Accepted data connection
< 2026-05-31 18:26:26.137 226-File successfully transferred
< 2026-05-31 18:26:26.138 226 0.080 seconds (measured here), 7.08 Kbytes per second
> 2026-05-31 18:26:26.138 MFMT 20260531001702 8f72a93c5153af4163764face616d0ccb7a7b8
< 2026-05-31 18:26:26.226 213 UTIME OK
. 2026-05-31 18:26:26.226 Upload successful
. 2026-05-31 18:26:26.226 Transfer done: 'C:\Users\Julian\Documents\git\junkyard_pro\.git\objects\02\8f72a93c5153af4163764face616d0ccb7a7b8' => '/.git/objects/02/8f72a93c5153af4163764face616d0ccb7a7b8' [579]
. 2026-05-31 18:26:26.227 File: 'C:\Users\Julian\Documents\git\junkyard_pro\.git\objects\02\a129ca0a1132bf72c7c4f89d295b657cbf6861' [2026-05-31T00:17:01.201Z] [275]
. 2026-05-31 18:26:26.236 Copying "C:\Users\Julian\Documents\git\junkyard_pro\.git\objects\02\a129ca0a1132bf72c7c4f89d295b657cbf6861" to remote directory started.
. 2026-05-31 18:26:26.237 Binary transfer mode selected.
. 2026-05-31 18:26:26.237 Starting upload of C:\Users\Julian\Documents\git\junkyard_pro\.git\objects\02\a129ca0a1132bf72c7c4f89d295b657cbf6861
> 2026-05-31 18:26:26.237 TYPE I
< 2026-05-31 18:26:26.311 200 TYPE is now 8-bit binary
> 2026-05-31 18:26:26.311 PASV
< 2026-05-31 18:26:26.388 227 Entering Passive Mode (40,90,253,12,192,47)
> 2026-05-31 18:26:26.389 STOR a129ca0a1132bf72c7c4f89d295b657cbf6861
. 2026-05-31 18:26:26.389 Connecting to 40.90.253.12:49199 ...
< 2026-05-31 18:26:26.547 150 Accepted data connection
< 2026-05-31 18:26:26.626 226-File successfully transferred
< 2026-05-31 18:26:26.626 226 0.080 seconds (measured here), 3.36 Kbytes per second
> 2026-05-31 18:26:26.627 MFMT 20260531001701 a129ca0a1132bf72c7c4f89d295b657cbf6861
< 2026-05-31 18:26:26.705 213 UTIME OK
. 2026-05-31 18:26:26.705 Upload successful
. 2026-05-31 18:26:26.706 Transfer done: 'C:\Users\Julian\Documents\git\junkyard_pro\.git\objects\02\a129ca0a1132bf72c7c4f89d295b657cbf6861' => '/.git/objects/02/a129ca0a1132bf72c7c4f89d295b657cbf6861' [275]
. 2026-05-31 18:26:26.706 File: 'C:\Users\Julian\Documents\git\junkyard_pro\.git\objects\02\b1ab035cfaa02ed64eed5c8a114e4dfb15c507' [2026-05-31T00:16:59.204Z] [7261]
. 2026-05-31 18:26:26.731 Copying "C:\Users\Julian\Documents\git\junkyard_pro\.git\objects\02\b1ab035cfaa02ed64eed5c8a114e4dfb15c507" to remote directory started.
. 2026-05-31 18:26:26.731 Binary transfer mode selected.
. 2026-05-31 18:26:26.733 Starting upload of C:\Users\Julian\Documents\git\junkyard_pro\.git\objects\02\b1ab035cfaa02ed64eed5c8a114e4dfb15c507
> 2026-05-31 18:26:26.733 TYPE I
< 2026-05-31 18:26:26.810 200 TYPE is now 8-bit binary
> 2026-05-31 18:26:26.810 PASV
< 2026-05-31 18:26:26.887 227 Entering Passive Mode (40,90,253,12,204,223)
> 2026-05-31 18:26:26.888 STOR b1ab035cfaa02ed64eed5c8a114e4dfb15c507
. 2026-05-31 18:26:26.888 Connecting to 40.90.253.12:52447 ...
< 2026-05-31 18:26:27.055 150 Accepted data connection
< 2026-05-31 18:26:27.135 226-File successfully transferred
< 2026-05-31 18:26:27.135 226 0.080 seconds (measured here), 88.42 Kbytes per second
> 2026-05-31 18:26:27.135 MFMT 20260531001659 b1ab035cfaa02ed64eed5c8a114e4dfb15c507
< 2026-05-31 18:26:27.213 213 UTIME OK
. 2026-05-31 18:26:27.214 Upload successful
. 2026-05-31 18:26:27.215 Transfer done: 'C:\Users\Julian\Documents\git\junkyard_pro\.git\objects\02\b1ab035cfaa02ed64eed5c8a114e4dfb15c507' => '/.git/objects/02/b1ab035cfaa02ed64eed5c8a114e4dfb15c507' [7261]
. 2026-05-31 18:26:27.215 File: 'C:\Users\Julian\Documents\git\junkyard_pro\.git\objects\02\ee6b8162efb2330a8483fb9c15e75039e79c03' [2026-05-31T00:16:58.277Z] [2675]
. 2026-05-31 18:26:27.248 Copying "C:\Users\Julian\Documents\git\junkyard_pro\.git\objects\02\ee6b8162efb2330a8483fb9c15e75039e79c03" to remote directory started.
. 2026-05-31 18:26:27.248 Binary transfer mode selected.
. 2026-05-31 18:26:27.248 Starting upload of C:\Users\Julian\Documents\git\junkyard_pro\.git\objects\02\ee6b8162efb2330a8483fb9c15e75039e79c03
> 2026-05-31 18:26:27.249 TYPE I
< 2026-05-31 18:26:27.328 200 TYPE is now 8-bit binary
> 2026-05-31 18:26:27.328 PASV
< 2026-05-31 18:26:27.410 227 Entering Passive Mode (40,90,253,12,236,156)
> 2026-05-31 18:26:27.410 STOR ee6b8162efb2330a8483fb9c15e75039e79c03
. 2026-05-31 18:26:27.410 Connecting to 40.90.253.12:60572 ...
< 2026-05-31 18:26:27.567 150 Accepted data connection
< 2026-05-31 18:26:27.646 226-File successfully transferred
< 2026-05-31 18:26:27.646 226 0.078 seconds (measured here), 33.33 Kbytes per second
> 2026-05-31 18:26:27.646 MFMT 20260531001658 ee6b8162efb2330a8483fb9c15e75039e79c03
< 2026-05-31 18:26:27.723 213 UTIME OK
. 2026-05-31 18:26:27.723 Upload successful
. 2026-05-31 18:26:27.724 Transfer done: 'C:\Users\Julian\Documents\git\junkyard_pro\.git\objects\02\ee6b8162efb2330a8483fb9c15e75039e79c03' => '/.git/objects/02/ee6b8162efb2330a8483fb9c15e75039e79c03' [2675]
. 2026-05-31 18:26:27.724 File: 'C:\Users\Julian\Documents\git\junkyard_pro\.git\objects\03' [2026-06-01T01:11:25.760Z] [0]
. 2026-05-31 18:26:27.726 File: 'C:\Users\Julian\Documents\git\junkyard_pro\.git\objects\03\02e325ad5942c1d1128a2a9d05149c8e20e360' [2026-05-31T00:17:11.965Z] [50]
. 2026-05-31 18:26:27.750 Copying "C:\Users\Julian\Documents\git\junkyard_pro\.git\objects\03\02e325ad5942c1d1128a2a9d05149c8e20e360" to remote directory started.
. 2026-05-31 18:26:27.750 Binary transfer mode selected.
. 2026-05-31 18:26:27.751 Starting upload of C:\Users\Julian\Documents\git\junkyard_pro\.git\objects\03\02e325ad5942c1d1128a2a9d05149c8e20e360
> 2026-05-31 18:26:27.751 CWD /.git/objects/03
< 2026-05-31 18:26:27.829 550 Can't change directory to /.git/objects/03: No such file or directory
> 2026-05-31 18:26:27.829 CWD /.git/objects
< 2026-05-31 18:26:27.906 250 OK. Current directory is /.git/objects
> 2026-05-31 18:26:27.906 MKD 03
< 2026-05-31 18:26:27.985 257 "03" : The directory was successfully created
> 2026-05-31 18:26:27.985 CWD /.git/objects/03
< 2026-05-31 18:26:28.062 250 OK. Current directory is /.git/objects/03
> 2026-05-31 18:26:28.062 PWD
< 2026-05-31 18:26:28.142 257 "/.git/objects/03" is your current location
> 2026-05-31 18:26:28.142 TYPE I
< 2026-05-31 18:26:28.219 200 TYPE is now 8-bit binary
> 2026-05-31 18:26:28.219 PASV
< 2026-05-31 18:26:28.302 227 Entering Passive Mode (40,90,253,12,248,122)
> 2026-05-31 18:26:28.303 STOR 02e325ad5942c1d1128a2a9d05149c8e20e360
. 2026-05-31 18:26:28.303 Connecting to 40.90.253.12:63610 ...
< 2026-05-31 18:26:28.462 150 Accepted data connection
< 2026-05-31 18:26:28.548 226-File successfully transferred
< 2026-05-31 18:26:28.548 226 0.086 seconds (measured here), 0.57 Kbytes per second
> 2026-05-31 18:26:28.548 MFMT 20260531001711 02e325ad5942c1d1128a2a9d05149c8e20e360
< 2026-05-31 18:26:28.625 213 UTIME OK
. 2026-05-31 18:26:28.626 Upload successful
. 2026-05-31 18:26:28.627 Transfer done: 'C:\Users\Julian\Documents\git\junkyard_pro\.git\objects\03\02e325ad5942c1d1128a2a9d05149c8e20e360' => '/.git/objects/03/02e325ad5942c1d1128a2a9d05149c8e20e360' [50]
. 2026-05-31 18:26:28.627 File: 'C:\Users\Julian\Documents\git\junkyard_pro\.git\objects\03\07b2bcc03b0780ea9a7f13b3e8c590281b4269' [2026-05-31T00:17:11.536Z] [146]
. 2026-05-31 18:26:28.634 Copying "C:\Users\Julian\Documents\git\junkyard_pro\.git\objects\03\07b2bcc03b0780ea9a7f13b3e8c590281b4269" to remote directory started.
. 2026-05-31 18:26:28.634 Binary transfer mode selected.
. 2026-05-31 18:26:28.635 Starting upload of C:\Users\Julian\Documents\git\junkyard_pro\.git\objects\03\07b2bcc03b0780ea9a7f13b3e8c590281b4269
> 2026-05-31 18:26:28.635 TYPE I
< 2026-05-31 18:26:28.713 200 TYPE is now 8-bit binary
> 2026-05-31 18:26:28.713 PASV
< 2026-05-31 18:26:28.790 227 Entering Passive Mode (40,90,253,12,226,47)
> 2026-05-31 18:26:28.790 STOR 07b2bcc03b0780ea9a7f13b3e8c590281b4269
. 2026-05-31 18:26:28.790 Connecting to 40.90.253.12:57903 ...
< 2026-05-31 18:26:28.951 150 Accepted data connection
< 2026-05-31 18:26:29.030 226-File successfully transferred
< 2026-05-31 18:26:29.030 226 0.079 seconds (measured here), 1.80 Kbytes per second
> 2026-05-31 18:26:29.031 MFMT 20260531001711 07b2bcc03b0780ea9a7f13b3e8c590281b4269
< 2026-05-31 18:26:29.110 213 UTIME OK
. 2026-05-31 18:26:29.110 Upload successful
. 2026-05-31 18:26:29.112 Transfer done: 'C:\Users\Julian\Documents\git\junkyard_pro\.git\objects\03\07b2bcc03b0780ea9a7f13b3e8c590281b4269' => '/.git/objects/03/07b2bcc03b0780ea9a7f13b3e8c590281b4269' [146]
. 2026-05-31 18:26:29.112 File: 'C:\Users\Julian\Documents\git\junkyard_pro\.git\objects\03\14929078de8a733a0af9c8ba5bc00aca094cc9' [2026-05-31T00:16:59.924Z] [659]
. 2026-05-31 18:26:29.147 Copying "C:\Users\Julian\Documents\git\junkyard_pro\.git\objects\03\14929078de8a733a0af9c8ba5bc00aca094cc9" to remote directory started.
. 2026-05-31 18:26:29.147 Binary transfer mode selected.
. 2026-05-31 18:26:29.148 Starting upload of C:\Users\Julian\Documents\git\junkyard_pro\.git\objects\03\14929078de8a733a0af9c8ba5bc00aca094cc9
> 2026-05-31 18:26:29.149 TYPE I
< 2026-05-31 18:26:29.226 200 TYPE is now 8-bit binary
> 2026-05-31 18:26:29.226 PASV
< 2026-05-31 18:26:29.303 227 Entering Passive Mode (40,90,253,12,212,89)
> 2026-05-31 18:26:29.303 STOR 14929078de8a733a0af9c8ba5bc00aca094cc9
. 2026-05-31 18:26:29.303 Connecting to 40.90.253.12:54361 ...
< 2026-05-31 18:26:29.460 150 Accepted data connection
< 2026-05-31 18:26:29.539 226-File successfully transferred
< 2026-05-31 18:26:29.539 226 0.078 seconds (measured here), 8.25 Kbytes per second
> 2026-05-31 18:26:29.539 MFMT 20260531001659 14929078de8a733a0af9c8ba5bc00aca094cc9
< 2026-05-31 18:26:29.617 213 UTIME OK
. 2026-05-31 18:26:29.618 Upload successful
. 2026-05-31 18:26:29.619 Transfer done: 'C:\Users\Julian\Documents\git\junkyard_pro\.git\objects\03\14929078de8a733a0af9c8ba5bc00aca094cc9' => '/.git/objects/03/14929078de8a733a0af9c8ba5bc00aca094cc9' [659]
. 2026-05-31 18:26:29.619 File: 'C:\Users\Julian\Documents\git\junkyard_pro\.git\objects\03\2dedf482eb3e29a1e1c70cd92e0c4737dc7ae9' [2026-05-31T00:17:12.171Z] [268]
. 2026-05-31 18:26:29.648 Copying "C:\Users\Julian\Documents\git\junkyard_pro\.git\objects\03\2dedf482eb3e29a1e1c70cd92e0c4737dc7ae9" to remote directory started.
. 2026-05-31 18:26:29.648 Binary transfer mode selected.
. 2026-05-31 18:26:29.649 Starting upload of C:\Users\Julian\Documents\git\junkyard_pro\.git\objects\03\2dedf482eb3e29a1e1c70cd92e0c4737dc7ae9
> 2026-05-31 18:26:29.650 TYPE I
< 2026-05-31 18:26:29.728 200 TYPE is now 8-bit binary
> 2026-05-31 18:26:29.728 PASV
< 2026-05-31 18:26:29.808 227 Entering Passive Mode (40,90,253,12,238,46)
> 2026-05-31 18:26:29.808 STOR 2dedf482eb3e29a1e1c70cd92e0c4737dc7ae9
. 2026-05-31 18:26:29.808 Connecting to 40.90.253.12:60974 ...
< 2026-05-31 18:26:29.974 150 Accepted data connection
< 2026-05-31 18:26:30.058 226-File successfully transferred
< 2026-05-31 18:26:30.058 226 0.083 seconds (measured here), 3.15 Kbytes per second
> 2026-05-31 18:26:30.058 MFMT 20260531001712 2dedf482eb3e29a1e1c70cd92e0c4737dc7ae9
< 2026-05-31 18:26:30.138 213 UTIME OK
. 2026-05-31 18:26:30.138 Upload successful
. 2026-05-31 18:26:30.140 Transfer done: 'C:\Users\Julian\Documents\git\junkyard_pro\.git\objects\03\2dedf482eb3e29a1e1c70cd92e0c4737dc7ae9' => '/.git/objects/03/2dedf482eb3e29a1e1c70cd92e0c4737dc7ae9' [268]
. 2026-05-31 18:26:30.140 File: 'C:\Users\Julian\Documents\git\junkyard_pro\.git\objects\03\4814968648538ba31afb03fd96a9e90dfbb729' [2026-05-31T00:17:11.810Z] [282]
. 2026-05-31 18:26:30.157 Copying "C:\Users\Julian\Documents\git\junkyard_pro\.git\objects\03\4814968648538ba31afb03fd96a9e90dfbb729" to remote directory started.
. 2026-05-31 18:26:30.158 Binary transfer mode selected.
. 2026-05-31 18:26:30.158 Starting upload of C:\Users\Julian\Documents\git\junkyard_pro\.git\objects\03\4814968648538ba31afb03fd96a9e90dfbb729
> 2026-05-31 18:26:30.158 TYPE I
< 2026-05-31 18:26:30.236 200 TYPE is now 8-bit binary
> 2026-05-31 18:26:30.236 PASV
< 2026-05-31 18:26:30.313 227 Entering Passive Mode (40,90,253,12,219,42)
> 2026-05-31 18:26:30.313 STOR 4814968648538ba31afb03fd96a9e90dfbb729
. 2026-05-31 18:26:30.313 Connecting to 40.90.253.12:56106 ...
< 2026-05-31 18:26:30.470 150 Accepted data connection
< 2026-05-31 18:26:30.548 226-File successfully transferred
< 2026-05-31 18:26:30.548 226 0.077 seconds (measured here), 3.56 Kbytes per second
> 2026-05-31 18:26:30.548 MFMT 20260531001711 4814968648538ba31afb03fd96a9e90dfbb729
< 2026-05-31 18:26:30.630 213 UTIME OK
. 2026-05-31 18:26:30.630 Upload successful
. 2026-05-31 18:26:30.631 Transfer done: 'C:\Users\Julian\Documents\git\junkyard_pro\.git\objects\03\4814968648538ba31afb03fd96a9e90dfbb729' => '/.git/objects/03/4814968648538ba31afb03fd96a9e90dfbb729' [282]
. 2026-05-31 18:26:30.631 File: 'C:\Users\Julian\Documents\git\junkyard_pro\.git\objects\03\55f4f5fbecd763def967aca1130cd2dfbb3479' [2026-05-31T00:17:01.331Z] [264]
. 2026-05-31 18:26:30.654 Copying "C:\Users\Julian\Documents\git\junkyard_pro\.git\objects\03\55f4f5fbecd763def967aca1130cd2dfbb3479" to remote directory started.
. 2026-05-31 18:26:30.654 Binary transfer mode selected.
. 2026-05-31 18:26:30.655 Starting upload of C:\Users\Julian\Documents\git\junkyard_pro\.git\objects\03\55f4f5fbecd763def967aca1130cd2dfbb3479
> 2026-05-31 18:26:30.655 TYPE I
< 2026-05-31 18:26:30.732 200 TYPE is now 8-bit binary
> 2026-05-31 18:26:30.732 PASV
< 2026-05-31 18:26:30.811 227 Entering Passive Mode (40,90,253,12,223,97)
> 2026-05-31 18:26:30.811 STOR 55f4f5fbecd763def967aca1130cd2dfbb3479
. 2026-05-31 18:26:30.811 Connecting to 40.90.253.12:57185 ...
< 2026-05-31 18:26:30.965 150 Accepted data connection
< 2026-05-31 18:26:31.043 226-File successfully transferred
< 2026-05-31 18:26:31.043 226 0.077 seconds (measured here), 3.34 Kbytes per second
> 2026-05-31 18:26:31.043 MFMT 20260531001701 55f4f5fbecd763def967aca1130cd2dfbb3479
< 2026-05-31 18:26:31.120 213 UTIME OK
. 2026-05-31 18:26:31.120 Upload successful
. 2026-05-31 18:26:31.122 Transfer done: 'C:\Users\Julian\Documents\git\junkyard_pro\.git\objects\03\55f4f5fbecd763def967aca1130cd2dfbb3479' => '/.git/objects/03/55f4f5fbecd763def967aca1130cd2dfbb3479' [264]
. 2026-05-31 18:26:31.122 File: 'C:\Users\Julian\Documents\git\junkyard_pro\.git\objects\03\6a910bb68558abe55a72e0d76cd606e5f839fc' [2026-05-31T21:52:35.731Z] [465]
. 2026-05-31 18:26:31.147 Copying "C:\Users\Julian\Documents\git\junkyard_pro\.git\objects\03\6a910bb68558abe55a72e0d76cd606e5f839fc" to remote directory started.
. 2026-05-31 18:26:31.147 Binary transfer mode selected.
. 2026-05-31 18:26:31.147 Starting upload of C:\Users\Julian\Documents\git\junkyard_pro\.git\objects\03\6a910bb68558abe55a72e0d76cd606e5f839fc
> 2026-05-31 18:26:31.148 TYPE I
< 2026-05-31 18:26:31.226 200 TYPE is now 8-bit binary
> 2026-05-31 18:26:31.226 PASV
< 2026-05-31 18:26:31.302 227 Entering Passive Mode (40,90,253,12,233,72)
> 2026-05-31 18:26:31.303 STOR 6a910bb68558abe55a72e0d76cd606e5f839fc
. 2026-05-31 18:26:31.303 Connecting to 40.90.253.12:59720 ...
< 2026-05-31 18:26:31.469 150 Accepted data connection
< 2026-05-31 18:26:31.550 226-File successfully transferred
< 2026-05-31 18:26:31.550 226 0.082 seconds (measured here), 5.57 Kbytes per second
> 2026-05-31 18:26:31.551 MFMT 20260531215235 6a910bb68558abe55a72e0d76cd606e5f839fc
< 2026-05-31 18:26:31.630 213 UTIME OK
. 2026-05-31 18:26:31.630 Upload successful
. 2026-05-31 18:26:31.631 Transfer done: 'C:\Users\Julian\Documents\git\junkyard_pro\.git\objects\03\6a910bb68558abe55a72e0d76cd606e5f839fc' => '/.git/objects/03/6a910bb68558abe55a72e0d76cd606e5f839fc' [465]
. 2026-05-31 18:26:31.631 File: 'C:\Users\Julian\Documents\git\junkyard_pro\.git\objects\03\aa4d02cdba9974e61b10cfcb6313997b4fac3b' [2026-05-31T00:16:58.677Z] [931]
. 2026-05-31 18:26:31.641 Copying "C:\Users\Julian\Documents\git\junkyard_pro\.git\objects\03\aa4d02cdba9974e61b10cfcb6313997b4fac3b" to remote directory started.
. 2026-05-31 18:26:31.641 Binary transfer mode selected.
. 2026-05-31 18:26:31.642 Starting upload of C:\Users\Julian\Documents\git\junkyard_pro\.git\objects\03\aa4d02cdba9974e61b10cfcb6313997b4fac3b
> 2026-05-31 18:26:31.642 TYPE I
< 2026-05-31 18:26:31.719 200 TYPE is now 8-bit binary
> 2026-05-31 18:26:31.719 PASV
< 2026-05-31 18:26:31.797 227 Entering Passive Mode (40,90,253,12,213,215)
> 2026-05-31 18:26:31.797 STOR aa4d02cdba9974e61b10cfcb6313997b4fac3b
. 2026-05-31 18:26:31.797 Connecting to 40.90.253.12:54743 ...
< 2026-05-31 18:26:31.958 150 Accepted data connection
< 2026-05-31 18:26:32.038 226-File successfully transferred
< 2026-05-31 18:26:32.038 226 0.079 seconds (measured here), 11.48 Kbytes per second
> 2026-05-31 18:26:32.038 MFMT 20260531001658 aa4d02cdba9974e61b10cfcb6313997b4fac3b
< 2026-05-31 18:26:32.114 213 UTIME OK
. 2026-05-31 18:26:32.114 Upload successful
. 2026-05-31 18:26:32.114 Transfer done: 'C:\Users\Julian\Documents\git\junkyard_pro\.git\objects\03\aa4d02cdba9974e61b10cfcb6313997b4fac3b' => '/.git/objects/03/aa4d02cdba9974e61b10cfcb6313997b4fac3b' [931]
. 2026-05-31 18:26:32.114 File: 'C:\Users\Julian\Documents\git\junkyard_pro\.git\objects\03\c0da069d6c2ece968a739b3f694bf935c87b56' [2026-06-01T01:11:25.757Z] [426]
. 2026-05-31 18:26:32.123 Copying "C:\Users\Julian\Documents\git\junkyard_pro\.git\objects\03\c0da069d6c2ece968a739b3f694bf935c87b56" to remote directory started.
. 2026-05-31 18:26:32.123 Binary transfer mode selected.
. 2026-05-31 18:26:32.123 Starting upload of C:\Users\Julian\Documents\git\junkyard_pro\.git\objects\03\c0da069d6c2ece968a739b3f694bf935c87b56
> 2026-05-31 18:26:32.123 TYPE I
< 2026-05-31 18:26:32.200 200 TYPE is now 8-bit binary
> 2026-05-31 18:26:32.200 PASV
< 2026-05-31 18:26:32.289 227 Entering Passive Mode (40,90,253,12,253,82)
> 2026-05-31 18:26:32.289 STOR c0da069d6c2ece968a739b3f694bf935c87b56
. 2026-05-31 18:26:32.289 Connecting to 40.90.253.12:64850 ...
< 2026-05-31 18:26:32.449 150 Accepted data connection
< 2026-05-31 18:26:32.527 226-File successfully transferred
< 2026-05-31 18:26:32.527 226 0.078 seconds (measured here), 5.31 Kbytes per second
> 2026-05-31 18:26:32.528 MFMT 20260601011125 c0da069d6c2ece968a739b3f694bf935c87b56
< 2026-05-31 18:26:32.613 213 UTIME OK
. 2026-05-31 18:26:32.613 Upload successful
. 2026-05-31 18:26:32.613 Transfer done: 'C:\Users\Julian\Documents\git\junkyard_pro\.git\objects\03\c0da069d6c2ece968a739b3f694bf935c87b56' => '/.git/objects/03/c0da069d6c2ece968a739b3f694bf935c87b56' [426]
. 2026-05-31 18:26:32.614 File: 'C:\Users\Julian\Documents\git\junkyard_pro\.git\objects\03\d9549ea8e4ada36fb3ecbc30fef08175b7d728' [2026-05-31T00:17:00.393Z] [184]
. 2026-05-31 18:26:32.622 Copying "C:\Users\Julian\Documents\git\junkyard_pro\.git\objects\03\d9549ea8e4ada36fb3ecbc30fef08175b7d728" to remote directory started.
. 2026-05-31 18:26:32.622 Binary transfer mode selected.
. 2026-05-31 18:26:32.622 Starting upload of C:\Users\Julian\Documents\git\junkyard_pro\.git\objects\03\d9549ea8e4ada36fb3ecbc30fef08175b7d728
> 2026-05-31 18:26:32.623 TYPE I
< 2026-05-31 18:26:32.700 200 TYPE is now 8-bit binary
> 2026-05-31 18:26:32.700 PASV
< 2026-05-31 18:26:32.780 227 Entering Passive Mode (40,90,253,12,246,109)
> 2026-05-31 18:26:32.781 STOR d9549ea8e4ada36fb3ecbc30fef08175b7d728
. 2026-05-31 18:26:32.781 Connecting to 40.90.253.12:63085 ...
< 2026-05-31 18:26:32.939 150 Accepted data connection
< 2026-05-31 18:26:33.017 226-File successfully transferred
< 2026-05-31 18:26:33.017 226 0.078 seconds (measured here), 2.29 Kbytes per second
> 2026-05-31 18:26:33.018 MFMT 20260531001700 d9549ea8e4ada36fb3ecbc30fef08175b7d728
< 2026-05-31 18:26:33.096 213 UTIME OK
. 2026-05-31 18:26:33.096 Upload successful
. 2026-05-31 18:26:33.097 Transfer done: 'C:\Users\Julian\Documents\git\junkyard_pro\.git\objects\03\d9549ea8e4ada36fb3ecbc30fef08175b7d728' => '/.git/objects/03/d9549ea8e4ada36fb3ecbc30fef08175b7d728' [184]
. 2026-05-31 18:26:33.097 File: 'C:\Users\Julian\Documents\git\junkyard_pro\.git\objects\04' [2026-05-31T22:04:52.651Z] [0]
. 2026-05-31 18:26:33.098 File: 'C:\Users\Julian\Documents\git\junkyard_pro\.git\objects\04\1af8856ccd49f14f5f72e63948da7ac92778a6' [2026-05-31T00:16:59.621Z] [1230]
. 2026-05-31 18:26:33.109 Copying "C:\Users\Julian\Documents\git\junkyard_pro\.git\objects\04\1af8856ccd49f14f5f72e63948da7ac92778a6" to remote directory started.
. 2026-05-31 18:26:33.109 Binary transfer mode selected.
. 2026-05-31 18:26:33.110 Starting upload of C:\Users\Julian\Documents\git\junkyard_pro\.git\objects\04\1af8856ccd49f14f5f72e63948da7ac92778a6
> 2026-05-31 18:26:33.110 CWD /.git/objects/04
< 2026-05-31 18:26:33.189 550 Can't change directory to /.git/objects/04: No such file or directory
> 2026-05-31 18:26:33.189 CWD /.git/objects
< 2026-05-31 18:26:33.266 250 OK. Current directory is /.git/objects
> 2026-05-31 18:26:33.266 MKD 04
< 2026-05-31 18:26:33.346 257 "04" : The directory was successfully created
> 2026-05-31 18:26:33.347 CWD /.git/objects/04
< 2026-05-31 18:26:33.425 250 OK. Current directory is /.git/objects/04
> 2026-05-31 18:26:33.425 PWD
< 2026-05-31 18:26:33.503 257 "/.git/objects/04" is your current location
> 2026-05-31 18:26:33.503 TYPE I
< 2026-05-31 18:26:33.581 200 TYPE is now 8-bit binary
> 2026-05-31 18:26:33.581 PASV
< 2026-05-31 18:26:33.657 227 Entering Passive Mode (40,90,253,12,243,69)
> 2026-05-31 18:26:33.658 STOR 1af8856ccd49f14f5f72e63948da7ac92778a6
. 2026-05-31 18:26:33.658 Connecting to 40.90.253.12:62277 ...
< 2026-05-31 18:26:33.824 150 Accepted data connection
< 2026-05-31 18:26:33.906 226-File successfully transferred
< 2026-05-31 18:26:33.906 226 0.083 seconds (measured here), 14.43 Kbytes per second
> 2026-05-31 18:26:33.906 MFMT 20260531001659 1af8856ccd49f14f5f72e63948da7ac92778a6
< 2026-05-31 18:26:33.985 213 UTIME OK
. 2026-05-31 18:26:33.985 Upload successful
. 2026-05-31 18:26:33.985 Transfer done: 'C:\Users\Julian\Documents\git\junkyard_pro\.git\objects\04\1af8856ccd49f14f5f72e63948da7ac92778a6' => '/.git/objects/04/1af8856ccd49f14f5f72e63948da7ac92778a6' [1230]
. 2026-05-31 18:26:33.985 File: 'C:\Users\Julian\Documents\git\junkyard_pro\.git\objects\04\1d8d8a42753754658a84b031369bcfbe17777a' [2026-05-31T00:17:02.171Z] [184]
. 2026-05-31 18:26:33.996 Copying "C:\Users\Julian\Documents\git\junkyard_pro\.git\objects\04\1d8d8a42753754658a84b031369bcfbe17777a" to remote directory started.
. 2026-05-31 18:26:33.996 Binary transfer mode selected.
. 2026-05-31 18:26:33.997 Starting upload of C:\Users\Julian\Documents\git\junkyard_pro\.git\objects\04\1d8d8a42753754658a84b031369bcfbe17777a
> 2026-05-31 18:26:33.997 TYPE I
< 2026-05-31 18:26:34.074 200 TYPE is now 8-bit binary
> 2026-05-31 18:26:34.074 PASV
< 2026-05-31 18:26:34.152 227 Entering Passive Mode (40,90,253,12,193,198)
> 2026-05-31 18:26:34.152 STOR 1d8d8a42753754658a84b031369bcfbe17777a
. 2026-05-31 18:26:34.152 Connecting to 40.90.253.12:49606 ...
< 2026-05-31 18:26:34.312 150 Accepted data connection
< 2026-05-31 18:26:34.396 226-File successfully transferred
< 2026-05-31 18:26:34.396 226 0.084 seconds (measured here), 2.14 Kbytes per second
> 2026-05-31 18:26:34.397 MFMT 20260531001702 1d8d8a42753754658a84b031369bcfbe17777a
< 2026-05-31 18:26:34.475 213 UTIME OK
. 2026-05-31 18:26:34.475 Upload successful
. 2026-05-31 18:26:34.475 Transfer done: 'C:\Users\Julian\Documents\git\junkyard_pro\.git\objects\04\1d8d8a42753754658a84b031369bcfbe17777a' => '/.git/objects/04/1d8d8a42753754658a84b031369bcfbe17777a' [184]
. 2026-05-31 18:26:34.475 File: 'C:\Users\Julian\Documents\git\junkyard_pro\.git\objects\04\1f49e704ff010a9823d5d2bd345059606b6bc0' [2026-05-31T21:44:10.502Z] [7974]
. 2026-05-31 18:26:34.484 Copying "C:\Users\Julian\Documents\git\junkyard_pro\.git\objects\04\1f49e704ff010a9823d5d2bd345059606b6bc0" to remote directory started.
. 2026-05-31 18:26:34.484 Binary transfer mode selected.
. 2026-05-31 18:26:34.484 Starting upload of C:\Users\Julian\Documents\git\junkyard_pro\.git\objects\04\1f49e704ff010a9823d5d2bd345059606b6bc0
> 2026-05-31 18:26:34.485 TYPE I
< 2026-05-31 18:26:34.561 200 TYPE is now 8-bit binary
> 2026-05-31 18:26:34.561 PASV
< 2026-05-31 18:26:34.639 227 Entering Passive Mode (40,90,253,12,219,235)
> 2026-05-31 18:26:34.639 STOR 1f49e704ff010a9823d5d2bd345059606b6bc0
. 2026-05-31 18:26:34.639 Connecting to 40.90.253.12:56299 ...
< 2026-05-31 18:26:34.798 150 Accepted data connection
< 2026-05-31 18:26:34.878 226-File successfully transferred
< 2026-05-31 18:26:34.878 226 0.080 seconds (measured here), 97.72 Kbytes per second
> 2026-05-31 18:26:34.878 MFMT 20260531214410 1f49e704ff010a9823d5d2bd345059606b6bc0
< 2026-05-31 18:26:34.956 213 UTIME OK
. 2026-05-31 18:26:34.956 Upload successful
. 2026-05-31 18:26:34.956 Transfer done: 'C:\Users\Julian\Documents\git\junkyard_pro\.git\objects\04\1f49e704ff010a9823d5d2bd345059606b6bc0' => '/.git/objects/04/1f49e704ff010a9823d5d2bd345059606b6bc0' [7974]
. 2026-05-31 18:26:34.956 File: 'C:\Users\Julian\Documents\git\junkyard_pro\.git\objects\04\2db20ad9f39d0986adb7b33996aa075505456f' [2026-05-31T03:40:08.257Z] [329]
. 2026-05-31 18:26:34.965 Copying "C:\Users\Julian\Documents\git\junkyard_pro\.git\objects\04\2db20ad9f39d0986adb7b33996aa075505456f" to remote directory started.
. 2026-05-31 18:26:34.965 Binary transfer mode selected.
. 2026-05-31 18:26:34.965 Starting upload of C:\Users\Julian\Documents\git\junkyard_pro\.git\objects\04\2db20ad9f39d0986adb7b33996aa075505456f
> 2026-05-31 18:26:34.965 TYPE I
< 2026-05-31 18:26:35.042 200 TYPE is now 8-bit binary
> 2026-05-31 18:26:35.043 PASV
< 2026-05-31 18:26:35.123 227 Entering Passive Mode (40,90,253,12,217,174)
> 2026-05-31 18:26:35.123 STOR 2db20ad9f39d0986adb7b33996aa075505456f
. 2026-05-31 18:26:35.123 Connecting to 40.90.253.12:55726 ...
< 2026-05-31 18:26:35.279 150 Accepted data connection
< 2026-05-31 18:26:35.363 226-File successfully transferred
< 2026-05-31 18:26:35.363 226 0.084 seconds (measured here), 3.82 Kbytes per second
> 2026-05-31 18:26:35.363 MFMT 20260531034008 2db20ad9f39d0986adb7b33996aa075505456f
< 2026-05-31 18:26:35.442 213 UTIME OK
. 2026-05-31 18:26:35.442 Upload successful
. 2026-05-31 18:26:35.443 Transfer done: 'C:\Users\Julian\Documents\git\junkyard_pro\.git\objects\04\2db20ad9f39d0986adb7b33996aa075505456f' => '/.git/objects/04/2db20ad9f39d0986adb7b33996aa075505456f' [329]
. 2026-05-31 18:26:35.444 File: 'C:\Users\Julian\Documents\git\junkyard_pro\.git\objects\04\3d1ca28403a9460a22fcd403b559b90244458f' [2026-05-31T00:16:58.835Z] [3616]
. 2026-05-31 18:26:35.452 Copying "C:\Users\Julian\Documents\git\junkyard_pro\.git\objects\04\3d1ca28403a9460a22fcd403b559b90244458f" to remote directory started.
. 2026-05-31 18:26:35.452 Binary transfer mode selected.
. 2026-05-31 18:26:35.453 Starting upload of C:\Users\Julian\Documents\git\junkyard_pro\.git\objects\04\3d1ca28403a9460a22fcd403b559b90244458f
> 2026-05-31 18:26:35.453 TYPE I
< 2026-05-31 18:26:35.531 200 TYPE is now 8-bit binary
> 2026-05-31 18:26:35.531 PASV
< 2026-05-31 18:26:35.611 227 Entering Passive Mode (40,90,253,12,246,182)
> 2026-05-31 18:26:35.611 STOR 3d1ca28403a9460a22fcd403b559b90244458f
. 2026-05-31 18:26:35.611 Connecting to 40.90.253.12:63158 ...
< 2026-05-31 18:26:35.771 150 Accepted data connection
< 2026-05-31 18:26:35.849 226-File successfully transferred
< 2026-05-31 18:26:35.849 226 0.077 seconds (measured here), 45.59 Kbytes per second
> 2026-05-31 18:26:35.849 MFMT 20260531001658 3d1ca28403a9460a22fcd403b559b90244458f
< 2026-05-31 18:26:35.925 213 UTIME OK
. 2026-05-31 18:26:35.925 Upload successful
. 2026-05-31 18:26:35.925 Transfer done: 'C:\Users\Julian\Documents\git\junkyard_pro\.git\objects\04\3d1ca28403a9460a22fcd403b559b90244458f' => '/.git/objects/04/3d1ca28403a9460a22fcd403b559b90244458f' [3616]
. 2026-05-31 18:26:35.926 File: 'C:\Users\Julian\Documents\git\junkyard_pro\.git\objects\04\62fc0e4a8d27c338d9ace78f03e9c762de2d04' [2026-05-31T00:16:57.531Z] [683]
. 2026-05-31 18:26:35.935 Copying "C:\Users\Julian\Documents\git\junkyard_pro\.git\objects\04\62fc0e4a8d27c338d9ace78f03e9c762de2d04" to remote directory started.
. 2026-05-31 18:26:35.935 Binary transfer mode selected.
. 2026-05-31 18:26:35.936 Starting upload of C:\Users\Julian\Documents\git\junkyard_pro\.git\objects\04\62fc0e4a8d27c338d9ace78f03e9c762de2d04
> 2026-05-31 18:26:35.936 TYPE I
< 2026-05-31 18:26:36.015 200 TYPE is now 8-bit binary
> 2026-05-31 18:26:36.015 PASV
< 2026-05-31 18:26:36.097 227 Entering Passive Mode (40,90,253,12,222,140)
> 2026-05-31 18:26:36.097 STOR 62fc0e4a8d27c338d9ace78f03e9c762de2d04
. 2026-05-31 18:26:36.097 Connecting to 40.90.253.12:56972 ...
< 2026-05-31 18:26:36.253 150 Accepted data connection
< 2026-05-31 18:26:36.333 226-File successfully transferred
< 2026-05-31 18:26:36.333 226 0.079 seconds (measured here), 8.42 Kbytes per second
> 2026-05-31 18:26:36.333 MFMT 20260531001657 62fc0e4a8d27c338d9ace78f03e9c762de2d04
< 2026-05-31 18:26:36.412 213 UTIME OK
. 2026-05-31 18:26:36.412 Upload successful
. 2026-05-31 18:26:36.413 Transfer done: 'C:\Users\Julian\Documents\git\junkyard_pro\.git\objects\04\62fc0e4a8d27c338d9ace78f03e9c762de2d04' => '/.git/objects/04/62fc0e4a8d27c338d9ace78f03e9c762de2d04' [683]
. 2026-05-31 18:26:36.413 File: 'C:\Users\Julian\Documents\git\junkyard_pro\.git\objects\04\76a46fb65f6fa27f1e30b76a6e91373c924026' [2026-05-31T00:16:58.873Z] [295]
. 2026-05-31 18:26:36.420 Copying "C:\Users\Julian\Documents\git\junkyard_pro\.git\objects\04\76a46fb65f6fa27f1e30b76a6e91373c924026" to remote directory started.
. 2026-05-31 18:26:36.420 Binary transfer mode selected.
. 2026-05-31 18:26:36.421 Starting upload of C:\Users\Julian\Documents\git\junkyard_pro\.git\objects\04\76a46fb65f6fa27f1e30b76a6e91373c924026
> 2026-05-31 18:26:36.421 TYPE I
< 2026-05-31 18:26:36.502 200 TYPE is now 8-bit binary
> 2026-05-31 18:26:36.502 PASV
< 2026-05-31 18:26:36.580 227 Entering Passive Mode (40,90,253,12,205,124)
> 2026-05-31 18:26:36.580 STOR 76a46fb65f6fa27f1e30b76a6e91373c924026
. 2026-05-31 18:26:36.580 Connecting to 40.90.253.12:52604 ...
< 2026-05-31 18:26:36.740 150 Accepted data connection
< 2026-05-31 18:26:36.820 226-File successfully transferred
< 2026-05-31 18:26:36.820 226 0.079 seconds (measured here), 3.64 Kbytes per second
> 2026-05-31 18:26:36.820 MFMT 20260531001658 76a46fb65f6fa27f1e30b76a6e91373c924026
< 2026-05-31 18:26:36.896 213 UTIME OK
. 2026-05-31 18:26:36.896 Upload successful
. 2026-05-31 18:26:36.896 Transfer done: 'C:\Users\Julian\Documents\git\junkyard_pro\.git\objects\04\76a46fb65f6fa27f1e30b76a6e91373c924026' => '/.git/objects/04/76a46fb65f6fa27f1e30b76a6e91373c924026' [295]
. 2026-05-31 18:26:36.896 File: 'C:\Users\Julian\Documents\git\junkyard_pro\.git\objects\04\8f86e34ef9dcefc152cdea36c704588e3bd1d9' [2026-05-31T00:17:01.987Z] [299]
. 2026-05-31 18:26:36.903 Copying "C:\Users\Julian\Documents\git\junkyard_pro\.git\objects\04\8f86e34ef9dcefc152cdea36c704588e3bd1d9" to remote directory started.
. 2026-05-31 18:26:36.903 Binary transfer mode selected.
. 2026-05-31 18:26:36.903 Starting upload of C:\Users\Julian\Documents\git\junkyard_pro\.git\objects\04\8f86e34ef9dcefc152cdea36c704588e3bd1d9
> 2026-05-31 18:26:36.903 TYPE I
< 2026-05-31 18:26:36.980 200 TYPE is now 8-bit binary
> 2026-05-31 18:26:36.980 PASV
< 2026-05-31 18:26:37.058 227 Entering Passive Mode (40,90,253,12,241,24)
> 2026-05-31 18:26:37.058 STOR 8f86e34ef9dcefc152cdea36c704588e3bd1d9
. 2026-05-31 18:26:37.058 Connecting to 40.90.253.12:61720 ...
< 2026-05-31 18:26:37.220 150 Accepted data connection
< 2026-05-31 18:26:37.302 226-File successfully transferred
< 2026-05-31 18:26:37.302 226 0.082 seconds (measured here), 3.57 Kbytes per second
> 2026-05-31 18:26:37.303 MFMT 20260531001701 8f86e34ef9dcefc152cdea36c704588e3bd1d9
< 2026-05-31 18:26:37.378 213 UTIME OK
. 2026-05-31 18:26:37.378 Upload successful
. 2026-05-31 18:26:37.379 Transfer done: 'C:\Users\Julian\Documents\git\junkyard_pro\.git\objects\04\8f86e34ef9dcefc152cdea36c704588e3bd1d9' => '/.git/objects/04/8f86e34ef9dcefc152cdea36c704588e3bd1d9' [299]
. 2026-05-31 18:26:37.379 File: 'C:\Users\Julian\Documents\git\junkyard_pro\.git\objects\04\9c0106dcbba004d5ea73a816abb1ed94477753' [2026-05-31T00:17:01.387Z] [4167]
. 2026-05-31 18:26:37.388 Copying "C:\Users\Julian\Documents\git\junkyard_pro\.git\objects\04\9c0106dcbba004d5ea73a816abb1ed94477753" to remote directory started.
. 2026-05-31 18:26:37.388 Binary transfer mode selected.
. 2026-05-31 18:26:37.388 Starting upload of C:\Users\Julian\Documents\git\junkyard_pro\.git\objects\04\9c0106dcbba004d5ea73a816abb1ed94477753
> 2026-05-31 18:26:37.388 TYPE I
< 2026-05-31 18:26:37.465 200 TYPE is now 8-bit binary
> 2026-05-31 18:26:37.465 PASV
< 2026-05-31 18:26:37.541 227 Entering Passive Mode (40,90,253,12,214,14)
> 2026-05-31 18:26:37.542 STOR 9c0106dcbba004d5ea73a816abb1ed94477753
. 2026-05-31 18:26:37.542 Connecting to 40.90.253.12:54798 ...
< 2026-05-31 18:26:37.705 150 Accepted data connection
< 2026-05-31 18:26:37.785 226-File successfully transferred
< 2026-05-31 18:26:37.785 226 0.081 seconds (measured here), 50.48 Kbytes per second
> 2026-05-31 18:26:37.785 MFMT 20260531001701 9c0106dcbba004d5ea73a816abb1ed94477753
< 2026-05-31 18:26:37.863 213 UTIME OK
. 2026-05-31 18:26:37.863 Upload successful
. 2026-05-31 18:26:37.863 Transfer done: 'C:\Users\Julian\Documents\git\junkyard_pro\.git\objects\04\9c0106dcbba004d5ea73a816abb1ed94477753' => '/.git/objects/04/9c0106dcbba004d5ea73a816abb1ed94477753' [4167]
. 2026-05-31 18:26:37.863 File: 'C:\Users\Julian\Documents\git\junkyard_pro\.git\objects\04\a40367751ee4c064ac88045e79b17ba4aab0a6' [2026-05-31T00:16:59.137Z] [999]
. 2026-05-31 18:26:37.872 Copying "C:\Users\Julian\Documents\git\junkyard_pro\.git\objects\04\a40367751ee4c064ac88045e79b17ba4aab0a6" to remote directory started.
. 2026-05-31 18:26:37.872 Binary transfer mode selected.
. 2026-05-31 18:26:37.873 Starting upload of C:\Users\Julian\Documents\git\junkyard_pro\.git\objects\04\a40367751ee4c064ac88045e79b17ba4aab0a6
> 2026-05-31 18:26:37.873 TYPE I
< 2026-05-31 18:26:37.951 200 TYPE is now 8-bit binary
> 2026-05-31 18:26:37.951 PASV
< 2026-05-31 18:26:38.026 227 Entering Passive Mode (40,90,253,12,207,229)
> 2026-05-31 18:26:38.027 STOR a40367751ee4c064ac88045e79b17ba4aab0a6
. 2026-05-31 18:26:38.027 Connecting to 40.90.253.12:53221 ...
< 2026-05-31 18:26:38.187 150 Accepted data connection
< 2026-05-31 18:26:38.266 226-File successfully transferred
< 2026-05-31 18:26:38.266 226 0.079 seconds (measured here), 12.42 Kbytes per second
> 2026-05-31 18:26:38.266 MFMT 20260531001659 a40367751ee4c064ac88045e79b17ba4aab0a6
< 2026-05-31 18:26:38.341 213 UTIME OK
. 2026-05-31 18:26:38.341 Upload successful
. 2026-05-31 18:26:38.342 Transfer done: 'C:\Users\Julian\Documents\git\junkyard_pro\.git\objects\04\a40367751ee4c064ac88045e79b17ba4aab0a6' => '/.git/objects/04/a40367751ee4c064ac88045e79b17ba4aab0a6' [999]
. 2026-05-31 18:26:38.342 File: 'C:\Users\Julian\Documents\git\junkyard_pro\.git\objects\04\c0f57940cd107010a0f5a2fefb9c04b8afba52' [2026-05-31T00:17:11.886Z] [116]
. 2026-05-31 18:26:38.350 Copying "C:\Users\Julian\Documents\git\junkyard_pro\.git\objects\04\c0f57940cd107010a0f5a2fefb9c04b8afba52" to remote directory started.
. 2026-05-31 18:26:38.350 Binary transfer mode selected.
. 2026-05-31 18:26:38.350 Starting upload of C:\Users\Julian\Documents\git\junkyard_pro\.git\objects\04\c0f57940cd107010a0f5a2fefb9c04b8afba52
> 2026-05-31 18:26:38.350 TYPE I
< 2026-05-31 18:26:38.429 200 TYPE is now 8-bit binary
> 2026-05-31 18:26:38.429 PASV
< 2026-05-31 18:26:38.505 227 Entering Passive Mode (40,90,253,12,246,117)
> 2026-05-31 18:26:38.506 STOR c0f57940cd107010a0f5a2fefb9c04b8afba52
. 2026-05-31 18:26:38.506 Connecting to 40.90.253.12:63093 ...
< 2026-05-31 18:26:38.667 150 Accepted data connection
< 2026-05-31 18:26:38.747 226-File successfully transferred
< 2026-05-31 18:26:38.747 226 0.080 seconds (measured here), 1.42 Kbytes per second
> 2026-05-31 18:26:38.747 MFMT 20260531001711 c0f57940cd107010a0f5a2fefb9c04b8afba52
< 2026-05-31 18:26:38.824 213 UTIME OK
. 2026-05-31 18:26:38.824 Upload successful
. 2026-05-31 18:26:38.825 Transfer done: 'C:\Users\Julian\Documents\git\junkyard_pro\.git\objects\04\c0f57940cd107010a0f5a2fefb9c04b8afba52' => '/.git/objects/04/c0f57940cd107010a0f5a2fefb9c04b8afba52' [116]
. 2026-05-31 18:26:38.825 File: 'C:\Users\Julian\Documents\git\junkyard_pro\.git\objects\04\c6a5949392aac717c9966feab1cdcd8976eb53' [2026-05-31T00:17:01.062Z] [2669]
. 2026-05-31 18:26:38.834 Copying "C:\Users\Julian\Documents\git\junkyard_pro\.git\objects\04\c6a5949392aac717c9966feab1cdcd8976eb53" to remote directory started.
. 2026-05-31 18:26:38.834 Binary transfer mode selected.
. 2026-05-31 18:26:38.834 Starting upload of C:\Users\Julian\Documents\git\junkyard_pro\.git\objects\04\c6a5949392aac717c9966feab1cdcd8976eb53
> 2026-05-31 18:26:38.834 TYPE I
< 2026-05-31 18:26:38.914 200 TYPE is now 8-bit binary
> 2026-05-31 18:26:38.914 PASV
< 2026-05-31 18:26:38.986 227 Entering Passive Mode (40,90,253,12,226,110)
> 2026-05-31 18:26:38.987 STOR c6a5949392aac717c9966feab1cdcd8976eb53
. 2026-05-31 18:26:38.987 Connecting to 40.90.253.12:57966 ...
< 2026-05-31 18:26:39.144 150 Accepted data connection
< 2026-05-31 18:26:39.231 226-File successfully transferred
< 2026-05-31 18:26:39.231 226 0.080 seconds (measured here), 32.46 Kbytes per second
> 2026-05-31 18:26:39.231 MFMT 20260531001701 c6a5949392aac717c9966feab1cdcd8976eb53
< 2026-05-31 18:26:39.309 213 UTIME OK
. 2026-05-31 18:26:39.309 Upload successful
. 2026-05-31 18:26:39.310 Transfer done: 'C:\Users\Julian\Documents\git\junkyard_pro\.git\objects\04\c6a5949392aac717c9966feab1cdcd8976eb53' => '/.git/objects/04/c6a5949392aac717c9966feab1cdcd8976eb53' [2669]
. 2026-05-31 18:26:39.310 File: 'C:\Users\Julian\Documents\git\junkyard_pro\.git\objects\04\cf87e66ed8daa00712b7926d2ed63a9108c2ae' [2026-05-31T00:16:59.837Z] [294]
. 2026-05-31 18:26:39.320 Copying "C:\Users\Julian\Documents\git\junkyard_pro\.git\objects\04\cf87e66ed8daa00712b7926d2ed63a9108c2ae" to remote directory started.
. 2026-05-31 18:26:39.320 Binary transfer mode selected.
. 2026-05-31 18:26:39.321 Starting upload of C:\Users\Julian\Documents\git\junkyard_pro\.git\objects\04\cf87e66ed8daa00712b7926d2ed63a9108c2ae
> 2026-05-31 18:26:39.321 TYPE I
< 2026-05-31 18:26:39.400 200 TYPE is now 8-bit binary
> 2026-05-31 18:26:39.400 PASV
< 2026-05-31 18:26:39.487 227 Entering Passive Mode (40,90,253,12,206,196)
> 2026-05-31 18:26:39.487 STOR cf87e66ed8daa00712b7926d2ed63a9108c2ae
. 2026-05-31 18:26:39.487 Connecting to 40.90.253.12:52932 ...
< 2026-05-31 18:26:39.652 150 Accepted data connection
< 2026-05-31 18:26:39.735 226-File successfully transferred
< 2026-05-31 18:26:39.736 226 0.083 seconds (measured here), 3.46 Kbytes per second
> 2026-05-31 18:26:39.736 MFMT 20260531001659 cf87e66ed8daa00712b7926d2ed63a9108c2ae
< 2026-05-31 18:26:39.813 213 UTIME OK
. 2026-05-31 18:26:39.814 Upload successful
. 2026-05-31 18:26:39.815 Transfer done: 'C:\Users\Julian\Documents\git\junkyard_pro\.git\objects\04\cf87e66ed8daa00712b7926d2ed63a9108c2ae' => '/.git/objects/04/cf87e66ed8daa00712b7926d2ed63a9108c2ae' [294]
. 2026-05-31 18:26:39.815 File: 'C:\Users\Julian\Documents\git\junkyard_pro\.git\objects\04\dddc95910306ac9cf77daba7b2e44fed377d08' [2026-05-31T22:04:52.637Z] [119]
. 2026-05-31 18:26:39.842 Copying "C:\Users\Julian\Documents\git\junkyard_pro\.git\objects\04\dddc95910306ac9cf77daba7b2e44fed377d08" to remote directory started.
. 2026-05-31 18:26:39.843 Binary transfer mode selected.
. 2026-05-31 18:26:39.847 Starting upload of C:\Users\Julian\Documents\git\junkyard_pro\.git\objects\04\dddc95910306ac9cf77daba7b2e44fed377d08
> 2026-05-31 18:26:39.847 TYPE I
< 2026-05-31 18:26:39.923 200 TYPE is now 8-bit binary
> 2026-05-31 18:26:39.923 PASV
< 2026-05-31 18:26:40.000 227 Entering Passive Mode (40,90,253,12,215,22)
> 2026-05-31 18:26:40.001 STOR dddc95910306ac9cf77daba7b2e44fed377d08
. 2026-05-31 18:26:40.001 Connecting to 40.90.253.12:55062 ...
< 2026-05-31 18:26:40.167 150 Accepted data connection
< 2026-05-31 18:26:40.248 226-File successfully transferred
< 2026-05-31 18:26:40.248 226 0.082 seconds (measured here), 1.42 Kbytes per second
> 2026-05-31 18:26:40.248 MFMT 20260531220452 dddc95910306ac9cf77daba7b2e44fed377d08
< 2026-05-31 18:26:40.329 213 UTIME OK
. 2026-05-31 18:26:40.329 Upload successful
. 2026-05-31 18:26:40.331 Transfer done: 'C:\Users\Julian\Documents\git\junkyard_pro\.git\objects\04\dddc95910306ac9cf77daba7b2e44fed377d08' => '/.git/objects/04/dddc95910306ac9cf77daba7b2e44fed377d08' [119]
. 2026-05-31 18:26:40.332 File: 'C:\Users\Julian\Documents\git\junkyard_pro\.git\objects\05' [2026-05-31T00:17:11.824Z] [0]
. 2026-05-31 18:26:40.334 File: 'C:\Users\Julian\Documents\git\junkyard_pro\.git\objects\05\006a51eb888282323883df740cd90ad72d0700' [2026-05-31T00:16:57.262Z] [657]
. 2026-05-31 18:26:40.364 Copying "C:\Users\Julian\Documents\git\junkyard_pro\.git\objects\05\006a51eb888282323883df740cd90ad72d0700" to remote directory started.
. 2026-05-31 18:26:40.364 Binary transfer mode selected.
. 2026-05-31 18:26:40.365 Starting upload of C:\Users\Julian\Documents\git\junkyard_pro\.git\objects\05\006a51eb888282323883df740cd90ad72d0700
> 2026-05-31 18:26:40.365 CWD /.git/objects/05
< 2026-05-31 18:26:40.442 550 Can't change directory to /.git/objects/05: No such file or directory
> 2026-05-31 18:26:40.443 CWD /.git/objects
< 2026-05-31 18:26:40.522 250 OK. Current directory is /.git/objects
> 2026-05-31 18:26:40.522 MKD 05
< 2026-05-31 18:26:40.604 257 "05" : The directory was successfully created
> 2026-05-31 18:26:40.604 CWD /.git/objects/05
< 2026-05-31 18:26:40.680 250 OK. Current directory is /.git/objects/05
> 2026-05-31 18:26:40.680 PWD
< 2026-05-31 18:26:40.760 257 "/.git/objects/05" is your current location
> 2026-05-31 18:26:40.760 TYPE I
< 2026-05-31 18:26:40.837 200 TYPE is now 8-bit binary
> 2026-05-31 18:26:40.837 PASV
< 2026-05-31 18:26:40.914 227 Entering Passive Mode (40,90,253,12,219,101)
> 2026-05-31 18:26:40.914 STOR 006a51eb888282323883df740cd90ad72d0700
. 2026-05-31 18:26:40.914 Connecting to 40.90.253.12:56165 ...
< 2026-05-31 18:26:41.072 150 Accepted data connection
< 2026-05-31 18:26:41.152 226-File successfully transferred
< 2026-05-31 18:26:41.152 226 0.080 seconds (measured here), 7.98 Kbytes per second
> 2026-05-31 18:26:41.153 MFMT 20260531001657 006a51eb888282323883df740cd90ad72d0700
< 2026-05-31 18:26:41.230 213 UTIME OK
. 2026-05-31 18:26:41.230 Upload successful
. 2026-05-31 18:26:41.233 Transfer done: 'C:\Users\Julian\Documents\git\junkyard_pro\.git\objects\05\006a51eb888282323883df740cd90ad72d0700' => '/.git/objects/05/006a51eb888282323883df740cd90ad72d0700' [657]
. 2026-05-31 18:26:41.234 File: 'C:\Users\Julian\Documents\git\junkyard_pro\.git\objects\05\0ac7f795b88bbf3cf06ff602cbafcdc3da5444' [2026-05-31T00:16:58.674Z] [933]
. 2026-05-31 18:26:41.266 Copying "C:\Users\Julian\Documents\git\junkyard_pro\.git\objects\05\0ac7f795b88bbf3cf06ff602cbafcdc3da5444" to remote directory started.
. 2026-05-31 18:26:41.266 Binary transfer mode selected.
. 2026-05-31 18:26:41.269 Starting upload of C:\Users\Julian\Documents\git\junkyard_pro\.git\objects\05\0ac7f795b88bbf3cf06ff602cbafcdc3da5444
> 2026-05-31 18:26:41.269 TYPE I
< 2026-05-31 18:26:41.348 200 TYPE is now 8-bit binary
> 2026-05-31 18:26:41.348 PASV
< 2026-05-31 18:26:41.426 227 Entering Passive Mode (40,90,253,12,216,76)
> 2026-05-31 18:26:41.427 STOR 0ac7f795b88bbf3cf06ff602cbafcdc3da5444
. 2026-05-31 18:26:41.427 Connecting to 40.90.253.12:55372 ...
< 2026-05-31 18:26:41.584 150 Accepted data connection
< 2026-05-31 18:26:41.662 226-File successfully transferred
< 2026-05-31 18:26:41.662 226 0.078 seconds (measured here), 11.73 Kbytes per second
> 2026-05-31 18:26:41.662 MFMT 20260531001658 0ac7f795b88bbf3cf06ff602cbafcdc3da5444
< 2026-05-31 18:26:41.739 213 UTIME OK
. 2026-05-31 18:26:41.739 Upload successful
. 2026-05-31 18:26:41.740 Transfer done: 'C:\Users\Julian\Documents\git\junkyard_pro\.git\objects\05\0ac7f795b88bbf3cf06ff602cbafcdc3da5444' => '/.git/objects/05/0ac7f795b88bbf3cf06ff602cbafcdc3da5444' [933]
. 2026-05-31 18:26:41.740 File: 'C:\Users\Julian\Documents\git\junkyard_pro\.git\objects\05\187a873a949e44e2a2660edb4bf861615d08bc' [2026-05-31T00:17:11.821Z] [238]
. 2026-05-31 18:26:41.769 Copying "C:\Users\Julian\Documents\git\junkyard_pro\.git\objects\05\187a873a949e44e2a2660edb4bf861615d08bc" to remote directory started.
. 2026-05-31 18:26:41.769 Binary transfer mode selected.
. 2026-05-31 18:26:41.771 Starting upload of C:\Users\Julian\Documents\git\junkyard_pro\.git\objects\05\187a873a949e44e2a2660edb4bf861615d08bc
> 2026-05-31 18:26:41.772 TYPE I
< 2026-05-31 18:26:41.851 200 TYPE is now 8-bit binary
> 2026-05-31 18:26:41.851 PASV
< 2026-05-31 18:26:41.928 227 Entering Passive Mode (40,90,253,12,212,138)
> 2026-05-31 18:26:41.929 STOR 187a873a949e44e2a2660edb4bf861615d08bc
. 2026-05-31 18:26:41.929 Connecting to 40.90.253.12:54410 ...
< 2026-05-31 18:26:42.097 150 Accepted data connection
< 2026-05-31 18:26:42.180 226-File successfully transferred
< 2026-05-31 18:26:42.180 226 0.082 seconds (measured here), 2.82 Kbytes per second
> 2026-05-31 18:26:42.181 MFMT 20260531001711 187a873a949e44e2a2660edb4bf861615d08bc
< 2026-05-31 18:26:42.259 213 UTIME OK
. 2026-05-31 18:26:42.259 Upload successful
. 2026-05-31 18:26:42.261 Transfer done: 'C:\Users\Julian\Documents\git\junkyard_pro\.git\objects\05\187a873a949e44e2a2660edb4bf861615d08bc' => '/.git/objects/05/187a873a949e44e2a2660edb4bf861615d08bc' [238]
. 2026-05-31 18:26:42.261 File: 'C:\Users\Julian\Documents\git\junkyard_pro\.git\objects\05\47eb346b24f470e041bdf67e15f5861e6c8d14' [2026-05-31T00:17:01.426Z] [382]
. 2026-05-31 18:26:42.291 Copying "C:\Users\Julian\Documents\git\junkyard_pro\.git\objects\05\47eb346b24f470e041bdf67e15f5861e6c8d14" to remote directory started.
. 2026-05-31 18:26:42.291 Binary transfer mode selected.
. 2026-05-31 18:26:42.291 Starting upload of C:\Users\Julian\Documents\git\junkyard_pro\.git\objects\05\47eb346b24f470e041bdf67e15f5861e6c8d14
> 2026-05-31 18:26:42.292 TYPE I
< 2026-05-31 18:26:42.371 200 TYPE is now 8-bit binary
> 2026-05-31 18:26:42.371 PASV
< 2026-05-31 18:26:42.444 227 Entering Passive Mode (40,90,253,12,228,64)
> 2026-05-31 18:26:42.444 STOR 47eb346b24f470e041bdf67e15f5861e6c8d14
. 2026-05-31 18:26:42.444 Connecting to 40.90.253.12:58432 ...
< 2026-05-31 18:26:42.608 150 Accepted data connection
< 2026-05-31 18:26:42.695 226-File successfully transferred
< 2026-05-31 18:26:42.695 226 0.087 seconds (measured here), 4.28 Kbytes per second
> 2026-05-31 18:26:42.695 MFMT 20260531001701 47eb346b24f470e041bdf67e15f5861e6c8d14
< 2026-05-31 18:26:42.772 213 UTIME OK
. 2026-05-31 18:26:42.772 Upload successful
. 2026-05-31 18:26:42.773 Transfer done: 'C:\Users\Julian\Documents\git\junkyard_pro\.git\objects\05\47eb346b24f470e041bdf67e15f5861e6c8d14' => '/.git/objects/05/47eb346b24f470e041bdf67e15f5861e6c8d14' [382]
. 2026-05-31 18:26:42.773 File: 'C:\Users\Julian\Documents\git\junkyard_pro\.git\objects\05\5c9107738175e192edc78fd27c11c5dc80cea0' [2026-05-31T00:17:01.197Z] [1048]
. 2026-05-31 18:26:42.789 Copying "C:\Users\Julian\Documents\git\junkyard_pro\.git\objects\05\5c9107738175e192edc78fd27c11c5dc80cea0" to remote directory started.
. 2026-05-31 18:26:42.789 Binary transfer mode selected.
. 2026-05-31 18:26:42.789 Starting upload of C:\Users\Julian\Documents\git\junkyard_pro\.git\objects\05\5c9107738175e192edc78fd27c11c5dc80cea0
> 2026-05-31 18:26:42.790 TYPE I
< 2026-05-31 18:26:42.867 200 TYPE is now 8-bit binary
> 2026-05-31 18:26:42.867 PASV
< 2026-05-31 18:26:42.946 227 Entering Passive Mode (40,90,253,12,236,235)
> 2026-05-31 18:26:42.947 STOR 5c9107738175e192edc78fd27c11c5dc80cea0
. 2026-05-31 18:26:42.947 Connecting to 40.90.253.12:60651 ...
< 2026-05-31 18:26:43.112 150 Accepted data connection
< 2026-05-31 18:26:43.198 226-File successfully transferred
< 2026-05-31 18:26:43.198 226 0.085 seconds (measured here), 11.99 Kbytes per second
> 2026-05-31 18:26:43.198 MFMT 20260531001701 5c9107738175e192edc78fd27c11c5dc80cea0
< 2026-05-31 18:26:43.277 213 UTIME OK
. 2026-05-31 18:26:43.277 Upload successful
. 2026-05-31 18:26:43.278 Transfer done: 'C:\Users\Julian\Documents\git\junkyard_pro\.git\objects\05\5c9107738175e192edc78fd27c11c5dc80cea0' => '/.git/objects/05/5c9107738175e192edc78fd27c11c5dc80cea0' [1048]
. 2026-05-31 18:26:43.278 File: 'C:\Users\Julian\Documents\git\junkyard_pro\.git\objects\05\7251520ec7976624e0f8ec4487c6d5206b0896' [2026-05-30T23:14:53.348Z] [229]
. 2026-05-31 18:26:43.307 Copying "C:\Users\Julian\Documents\git\junkyard_pro\.git\objects\05\7251520ec7976624e0f8ec4487c6d5206b0896" to remote directory started.
. 2026-05-31 18:26:43.307 Binary transfer mode selected.
. 2026-05-31 18:26:43.308 Starting upload of C:\Users\Julian\Documents\git\junkyard_pro\.git\objects\05\7251520ec7976624e0f8ec4487c6d5206b0896
> 2026-05-31 18:26:43.308 TYPE I
< 2026-05-31 18:26:43.386 200 TYPE is now 8-bit binary
> 2026-05-31 18:26:43.386 PASV
< 2026-05-31 18:26:43.465 227 Entering Passive Mode (40,90,253,12,224,161)
> 2026-05-31 18:26:43.465 STOR 7251520ec7976624e0f8ec4487c6d5206b0896
. 2026-05-31 18:26:43.465 Connecting to 40.90.253.12:57505 ...
< 2026-05-31 18:26:43.625 150 Accepted data connection
< 2026-05-31 18:26:43.705 226-File successfully transferred
< 2026-05-31 18:26:43.705 226 0.080 seconds (measured here), 2.80 Kbytes per second
> 2026-05-31 18:26:43.706 MFMT 20260530231453 7251520ec7976624e0f8ec4487c6d5206b0896
< 2026-05-31 18:26:43.785 213 UTIME OK
. 2026-05-31 18:26:43.785 Upload successful
. 2026-05-31 18:26:43.786 Transfer done: 'C:\Users\Julian\Documents\git\junkyard_pro\.git\objects\05\7251520ec7976624e0f8ec4487c6d5206b0896' => '/.git/objects/05/7251520ec7976624e0f8ec4487c6d5206b0896' [229]
. 2026-05-31 18:26:43.786 File: 'C:\Users\Julian\Documents\git\junkyard_pro\.git\objects\05\783694fed3204933fc707c328e80bd775e34dc' [2026-05-31T00:16:58.293Z] [851]
. 2026-05-31 18:26:43.814 Copying "C:\Users\Julian\Documents\git\junkyard_pro\.git\objects\05\783694fed3204933fc707c328e80bd775e34dc" to remote directory started.
. 2026-05-31 18:26:43.814 Binary transfer mode selected.
. 2026-05-31 18:26:43.816 Starting upload of C:\Users\Julian\Documents\git\junkyard_pro\.git\objects\05\783694fed3204933fc707c328e80bd775e34dc
> 2026-05-31 18:26:43.818 TYPE I
< 2026-05-31 18:26:43.896 200 TYPE is now 8-bit binary
> 2026-05-31 18:26:43.896 PASV
< 2026-05-31 18:26:43.975 227 Entering Passive Mode (40,90,253,12,215,156)
> 2026-05-31 18:26:43.976 STOR 783694fed3204933fc707c328e80bd775e34dc
. 2026-05-31 18:26:43.976 Connecting to 40.90.253.12:55196 ...
< 2026-05-31 18:26:44.133 150 Accepted data connection
< 2026-05-31 18:26:44.215 226-File successfully transferred
< 2026-05-31 18:26:44.215 226 0.080 seconds (measured here), 10.37 Kbytes per second
> 2026-05-31 18:26:44.216 MFMT 20260531001658 783694fed3204933fc707c328e80bd775e34dc
< 2026-05-31 18:26:44.296 213 UTIME OK
. 2026-05-31 18:26:44.296 Upload successful
. 2026-05-31 18:26:44.297 Transfer done: 'C:\Users\Julian\Documents\git\junkyard_pro\.git\objects\05\783694fed3204933fc707c328e80bd775e34dc' => '/.git/objects/05/783694fed3204933fc707c328e80bd775e34dc' [851]
. 2026-05-31 18:26:44.298 File: 'C:\Users\Julian\Documents\git\junkyard_pro\.git\objects\05\85e7cd925c0e75db7f631b282fe8e09f6ec0c3' [2026-05-31T00:17:01.851Z] [8714]
. 2026-05-31 18:26:44.349 Copying "C:\Users\Julian\Documents\git\junkyard_pro\.git\objects\05\85e7cd925c0e75db7f631b282fe8e09f6ec0c3" to remote directory started.
. 2026-05-31 18:26:44.349 Binary transfer mode selected.
. 2026-05-31 18:26:44.351 Starting upload of C:\Users\Julian\Documents\git\junkyard_pro\.git\objects\05\85e7cd925c0e75db7f631b282fe8e09f6ec0c3
> 2026-05-31 18:26:44.352 TYPE I
< 2026-05-31 18:26:44.433 200 TYPE is now 8-bit binary
> 2026-05-31 18:26:44.434 PASV
< 2026-05-31 18:26:44.511 227 Entering Passive Mode (40,90,253,12,206,132)
> 2026-05-31 18:26:44.512 STOR 85e7cd925c0e75db7f631b282fe8e09f6ec0c3
. 2026-05-31 18:26:44.512 Connecting to 40.90.253.12:52868 ...
< 2026-05-31 18:26:44.678 150 Accepted data connection
< 2026-05-31 18:26:44.758 226-File successfully transferred
< 2026-05-31 18:26:44.758 226 0.081 seconds (measured here), 105.22 Kbytes per second
> 2026-05-31 18:26:44.759 MFMT 20260531001701 85e7cd925c0e75db7f631b282fe8e09f6ec0c3
< 2026-05-31 18:26:44.835 213 UTIME OK
. 2026-05-31 18:26:44.835 Upload successful
. 2026-05-31 18:26:44.836 Transfer done: 'C:\Users\Julian\Documents\git\junkyard_pro\.git\objects\05\85e7cd925c0e75db7f631b282fe8e09f6ec0c3' => '/.git/objects/05/85e7cd925c0e75db7f631b282fe8e09f6ec0c3' [8714]
. 2026-05-31 18:26:44.836 File: 'C:\Users\Julian\Documents\git\junkyard_pro\.git\objects\05\8b6b4efa3f45896ae691f2558a2a1aca05bebd' [2026-05-31T00:16:58.416Z] [712]
. 2026-05-31 18:26:44.865 Copying "C:\Users\Julian\Documents\git\junkyard_pro\.git\objects\05\8b6b4efa3f45896ae691f2558a2a1aca05bebd" to remote directory started.
. 2026-05-31 18:26:44.865 Binary transfer mode selected.
. 2026-05-31 18:26:44.869 Starting upload of C:\Users\Julian\Documents\git\junkyard_pro\.git\objects\05\8b6b4efa3f45896ae691f2558a2a1aca05bebd
> 2026-05-31 18:26:44.870 TYPE I
< 2026-05-31 18:26:44.948 200 TYPE is now 8-bit binary
> 2026-05-31 18:26:44.950 PASV
< 2026-05-31 18:26:45.027 227 Entering Passive Mode (40,90,253,12,227,184)
> 2026-05-31 18:26:45.028 STOR 8b6b4efa3f45896ae691f2558a2a1aca05bebd
. 2026-05-31 18:26:45.028 Connecting to 40.90.253.12:58296 ...
< 2026-05-31 18:26:45.195 150 Accepted data connection
< 2026-05-31 18:26:45.279 226-File successfully transferred
< 2026-05-31 18:26:45.279 226 0.083 seconds (measured here), 8.37 Kbytes per second
> 2026-05-31 18:26:45.279 MFMT 20260531001658 8b6b4efa3f45896ae691f2558a2a1aca05bebd
< 2026-05-31 18:26:45.357 213 UTIME OK
. 2026-05-31 18:26:45.357 Upload successful
. 2026-05-31 18:26:45.359 Transfer done: 'C:\Users\Julian\Documents\git\junkyard_pro\.git\objects\05\8b6b4efa3f45896ae691f2558a2a1aca05bebd' => '/.git/objects/05/8b6b4efa3f45896ae691f2558a2a1aca05bebd' [712]
. 2026-05-31 18:26:45.359 File: 'C:\Users\Julian\Documents\git\junkyard_pro\.git\objects\05\a2d6d267e1c881bc3649f518808d160a5c0a73' [2026-05-31T00:16:57.518Z] [147]
. 2026-05-31 18:26:45.369 Copying "C:\Users\Julian\Documents\git\junkyard_pro\.git\objects\05\a2d6d267e1c881bc3649f518808d160a5c0a73" to remote directory started.
. 2026-05-31 18:26:45.369 Binary transfer mode selected.
. 2026-05-31 18:26:45.370 Starting upload of C:\Users\Julian\Documents\git\junkyard_pro\.git\objects\05\a2d6d267e1c881bc3649f518808d160a5c0a73
> 2026-05-31 18:26:45.370 TYPE I
< 2026-05-31 18:26:45.448 200 TYPE is now 8-bit binary
> 2026-05-31 18:26:45.449 PASV
< 2026-05-31 18:26:45.528 227 Entering Passive Mode (40,90,253,12,242,25)
> 2026-05-31 18:26:45.528 STOR a2d6d267e1c881bc3649f518808d160a5c0a73
. 2026-05-31 18:26:45.528 Connecting to 40.90.253.12:61977 ...
< 2026-05-31 18:26:45.686 150 Accepted data connection
< 2026-05-31 18:26:45.763 226-File successfully transferred
< 2026-05-31 18:26:45.763 226 0.077 seconds (measured here), 1.86 Kbytes per second
> 2026-05-31 18:26:45.763 MFMT 20260531001657 a2d6d267e1c881bc3649f518808d160a5c0a73
< 2026-05-31 18:26:45.843 213 UTIME OK
. 2026-05-31 18:26:45.843 Upload successful
. 2026-05-31 18:26:45.843 Transfer done: 'C:\Users\Julian\Documents\git\junkyard_pro\.git\objects\05\a2d6d267e1c881bc3649f518808d160a5c0a73' => '/.git/objects/05/a2d6d267e1c881bc3649f518808d160a5c0a73' [147]
. 2026-05-31 18:26:45.843 File: 'C:\Users\Julian\Documents\git\junkyard_pro\.git\objects\05\ce2107aef67318d528c5710707e639856541f9' [2026-05-31T00:17:02.214Z] [690]
. 2026-05-31 18:26:45.851 Copying "C:\Users\Julian\Documents\git\junkyard_pro\.git\objects\05\ce2107aef67318d528c5710707e639856541f9" to remote directory started.
. 2026-05-31 18:26:45.851 Binary transfer mode selected.
. 2026-05-31 18:26:45.851 Starting upload of C:\Users\Julian\Documents\git\junkyard_pro\.git\objects\05\ce2107aef67318d528c5710707e639856541f9
> 2026-05-31 18:26:45.851 TYPE I
< 2026-05-31 18:26:45.929 200 TYPE is now 8-bit binary
> 2026-05-31 18:26:45.929 PASV
< 2026-05-31 18:26:46.006 227 Entering Passive Mode (40,90,253,12,244,198)
> 2026-05-31 18:26:46.007 STOR ce2107aef67318d528c5710707e639856541f9
. 2026-05-31 18:26:46.007 Connecting to 40.90.253.12:62662 ...
< 2026-05-31 18:26:46.169 150 Accepted data connection
< 2026-05-31 18:26:46.254 226-File successfully transferred
< 2026-05-31 18:26:46.254 226 0.085 seconds (measured here), 7.91 Kbytes per second
> 2026-05-31 18:26:46.256 MFMT 20260531001702 ce2107aef67318d528c5710707e639856541f9
< 2026-05-31 18:26:46.331 213 UTIME OK
. 2026-05-31 18:26:46.331 Upload successful
. 2026-05-31 18:26:46.334 Transfer done: 'C:\Users\Julian\Documents\git\junkyard_pro\.git\objects\05\ce2107aef67318d528c5710707e639856541f9' => '/.git/objects/05/ce2107aef67318d528c5710707e639856541f9' [690]
. 2026-05-31 18:26:46.334 File: 'C:\Users\Julian\Documents\git\junkyard_pro\.git\objects\05\ce38b276eee23753837bea9df92a96e5d02c1a' [2026-05-31T00:17:01.416Z] [1884]
. 2026-05-31 18:26:46.350 Copying "C:\Users\Julian\Documents\git\junkyard_pro\.git\objects\05\ce38b276eee23753837bea9df92a96e5d02c1a" to remote directory started.
. 2026-05-31 18:26:46.350 Binary transfer mode selected.
. 2026-05-31 18:26:46.351 Starting upload of C:\Users\Julian\Documents\git\junkyard_pro\.git\objects\05\ce38b276eee23753837bea9df92a96e5d02c1a
> 2026-05-31 18:26:46.351 TYPE I
< 2026-05-31 18:26:46.432 200 TYPE is now 8-bit binary
> 2026-05-31 18:26:46.432 PASV
< 2026-05-31 18:26:46.507 227 Entering Passive Mode (40,90,253,12,199,62)
> 2026-05-31 18:26:46.508 STOR ce38b276eee23753837bea9df92a96e5d02c1a
. 2026-05-31 18:26:46.508 Connecting to 40.90.253.12:51006 ...
< 2026-05-31 18:26:46.676 150 Accepted data connection
< 2026-05-31 18:26:46.753 226-File successfully transferred
< 2026-05-31 18:26:46.753 226 0.078 seconds (measured here), 23.68 Kbytes per second
> 2026-05-31 18:26:46.753 MFMT 20260531001701 ce38b276eee23753837bea9df92a96e5d02c1a
< 2026-05-31 18:26:46.833 213 UTIME OK
. 2026-05-31 18:26:46.833 Upload successful
. 2026-05-31 18:26:46.833 Transfer done: 'C:\Users\Julian\Documents\git\junkyard_pro\.git\objects\05\ce38b276eee23753837bea9df92a96e5d02c1a' => '/.git/objects/05/ce38b276eee23753837bea9df92a96e5d02c1a' [1884]
. 2026-05-31 18:26:46.834 File: 'C:\Users\Julian\Documents\git\junkyard_pro\.git\objects\06' [2026-05-31T21:57:22.732Z] [0]
. 2026-05-31 18:26:46.835 File: 'C:\Users\Julian\Documents\git\junkyard_pro\.git\objects\06\166077be4d1f620d89b9eb33c76d89e75857da' [2026-05-31T00:17:00.661Z] [714]
. 2026-05-31 18:26:46.855 Copying "C:\Users\Julian\Documents\git\junkyard_pro\.git\objects\06\166077be4d1f620d89b9eb33c76d89e75857da" to remote directory started.
. 2026-05-31 18:26:46.855 Binary transfer mode selected.
. 2026-05-31 18:26:46.856 Starting upload of C:\Users\Julian\Documents\git\junkyard_pro\.git\objects\06\166077be4d1f620d89b9eb33c76d89e75857da
> 2026-05-31 18:26:46.856 CWD /.git/objects/06
< 2026-05-31 18:26:46.932 550 Can't change directory to /.git/objects/06: No such file or directory
> 2026-05-31 18:26:46.932 CWD /.git/objects
< 2026-05-31 18:26:47.011 250 OK. Current directory is /.git/objects
> 2026-05-31 18:26:47.011 MKD 06
< 2026-05-31 18:26:47.090 257 "06" : The directory was successfully created
> 2026-05-31 18:26:47.090 CWD /.git/objects/06
< 2026-05-31 18:26:47.171 250 OK. Current directory is /.git/objects/06
> 2026-05-31 18:26:47.171 PWD
< 2026-05-31 18:26:47.248 257 "/.git/objects/06" is your current location
> 2026-05-31 18:26:47.249 TYPE I
< 2026-05-31 18:26:47.326 200 TYPE is now 8-bit binary
> 2026-05-31 18:26:47.326 PASV
< 2026-05-31 18:26:47.403 227 Entering Passive Mode (40,90,253,12,204,150)
> 2026-05-31 18:26:47.404 STOR 166077be4d1f620d89b9eb33c76d89e75857da
. 2026-05-31 18:26:47.404 Connecting to 40.90.253.12:52374 ...
< 2026-05-31 18:26:47.569 150 Accepted data connection
< 2026-05-31 18:26:47.656 226-File successfully transferred
< 2026-05-31 18:26:47.656 226 0.086 seconds (measured here), 8.10 Kbytes per second
> 2026-05-31 18:26:47.657 MFMT 20260531001700 166077be4d1f620d89b9eb33c76d89e75857da
< 2026-05-31 18:26:47.735 213 UTIME OK
. 2026-05-31 18:26:47.735 Upload successful
. 2026-05-31 18:26:47.736 Transfer done: 'C:\Users\Julian\Documents\git\junkyard_pro\.git\objects\06\166077be4d1f620d89b9eb33c76d89e75857da' => '/.git/objects/06/166077be4d1f620d89b9eb33c76d89e75857da' [714]
. 2026-05-31 18:26:47.736 File: 'C:\Users\Julian\Documents\git\junkyard_pro\.git\objects\06\3ca715428ab794822719c6a3b399fb2494b043' [2026-05-31T21:57:22.730Z] [11131]
. 2026-05-31 18:26:47.831 Copying "C:\Users\Julian\Documents\git\junkyard_pro\.git\objects\06\3ca715428ab794822719c6a3b399fb2494b043" to remote directory started.
. 2026-05-31 18:26:47.831 Binary transfer mode selected.
. 2026-05-31 18:26:47.831 Starting upload of C:\Users\Julian\Documents\git\junkyard_pro\.git\objects\06\3ca715428ab794822719c6a3b399fb2494b043
> 2026-05-31 18:26:47.831 TYPE I
< 2026-05-31 18:26:47.907 200 TYPE is now 8-bit binary
> 2026-05-31 18:26:47.907 PASV
< 2026-05-31 18:26:47.985 227 Entering Passive Mode (40,90,253,12,208,251)
> 2026-05-31 18:26:47.985 STOR 3ca715428ab794822719c6a3b399fb2494b043
. 2026-05-31 18:26:47.985 Connecting to 40.90.253.12:53499 ...
< 2026-05-31 18:26:48.145 150 Accepted data connection
< 2026-05-31 18:26:48.243 226-File successfully transferred
< 2026-05-31 18:26:48.243 226 0.097 seconds (measured here), 112.01 Kbytes per second
> 2026-05-31 18:26:48.243 MFMT 20260531215722 3ca715428ab794822719c6a3b399fb2494b043
< 2026-05-31 18:26:48.321 213 UTIME OK
. 2026-05-31 18:26:48.321 Upload successful
. 2026-05-31 18:26:48.324 Transfer done: 'C:\Users\Julian\Documents\git\junkyard_pro\.git\objects\06\3ca715428ab794822719c6a3b399fb2494b043' => '/.git/objects/06/3ca715428ab794822719c6a3b399fb2494b043' [11131]
. 2026-05-31 18:26:48.324 File: 'C:\Users\Julian\Documents\git\junkyard_pro\.git\objects\06\52a7c23614cb4f650138da8eba76e502151c19' [2026-05-31T00:16:58.527Z] [963]
. 2026-05-31 18:26:48.357 Copying "C:\Users\Julian\Documents\git\junkyard_pro\.git\objects\06\52a7c23614cb4f650138da8eba76e502151c19" to remote directory started.
. 2026-05-31 18:26:48.357 Binary transfer mode selected.
. 2026-05-31 18:26:48.358 Starting upload of C:\Users\Julian\Documents\git\junkyard_pro\.git\objects\06\52a7c23614cb4f650138da8eba76e502151c19
> 2026-05-31 18:26:48.358 TYPE I
< 2026-05-31 18:26:48.438 200 TYPE is now 8-bit binary
> 2026-05-31 18:26:48.438 PASV
< 2026-05-31 18:26:48.517 227 Entering Passive Mode (40,90,253,12,253,48)
> 2026-05-31 18:26:48.517 STOR 52a7c23614cb4f650138da8eba76e502151c19
. 2026-05-31 18:26:48.518 Connecting to 40.90.253.12:64816 ...
< 2026-05-31 18:26:48.680 150 Accepted data connection
< 2026-05-31 18:26:48.757 226-File successfully transferred
< 2026-05-31 18:26:48.757 226 0.081 seconds (measured here), 11.64 Kbytes per second
> 2026-05-31 18:26:48.757 MFMT 20260531001658 52a7c23614cb4f650138da8eba76e502151c19
< 2026-05-31 18:26:48.836 213 UTIME OK
. 2026-05-31 18:26:48.836 Upload successful
. 2026-05-31 18:26:48.861 Transfer done: 'C:\Users\Julian\Documents\git\junkyard_pro\.git\objects\06\52a7c23614cb4f650138da8eba76e502151c19' => '/.git/objects/06/52a7c23614cb4f650138da8eba76e502151c19' [963]
. 2026-05-31 18:26:48.861 File: 'C:\Users\Julian\Documents\git\junkyard_pro\.git\objects\06\69b970b1e2362f8a2133e818e5fcb281eb60f3' [2026-05-31T00:17:11.711Z] [56]
. 2026-05-31 18:26:48.937 Copying "C:\Users\Julian\Documents\git\junkyard_pro\.git\objects\06\69b970b1e2362f8a2133e818e5fcb281eb60f3" to remote directory started.
. 2026-05-31 18:26:48.937 Binary transfer mode selected.
. 2026-05-31 18:26:48.938 Starting upload of C:\Users\Julian\Documents\git\junkyard_pro\.git\objects\06\69b970b1e2362f8a2133e818e5fcb281eb60f3
> 2026-05-31 18:26:48.938 TYPE I
< 2026-05-31 18:26:49.018 200 TYPE is now 8-bit binary
> 2026-05-31 18:26:49.018 PASV
< 2026-05-31 18:26:49.095 227 Entering Passive Mode (40,90,253,12,205,178)
> 2026-05-31 18:26:49.095 STOR 69b970b1e2362f8a2133e818e5fcb281eb60f3
. 2026-05-31 18:26:49.095 Connecting to 40.90.253.12:52658 ...
< 2026-05-31 18:26:49.262 150 Accepted data connection
< 2026-05-31 18:26:49.345 226-File successfully transferred
< 2026-05-31 18:26:49.345 226 0.084 seconds (measured here), 0.65 Kbytes per second
> 2026-05-31 18:26:49.345 MFMT 20260531001711 69b970b1e2362f8a2133e818e5fcb281eb60f3
< 2026-05-31 18:26:49.433 213 UTIME OK
. 2026-05-31 18:26:49.433 Upload successful
. 2026-05-31 18:26:49.434 Transfer done: 'C:\Users\Julian\Documents\git\junkyard_pro\.git\objects\06\69b970b1e2362f8a2133e818e5fcb281eb60f3' => '/.git/objects/06/69b970b1e2362f8a2133e818e5fcb281eb60f3' [56]
. 2026-05-31 18:26:49.434 File: 'C:\Users\Julian\Documents\git\junkyard_pro\.git\objects\06\6f904e5f1d3e713e573b1e1cd7dae41f463ed3' [2026-05-31T00:17:00.422Z] [2004]
. 2026-05-31 18:26:49.444 Copying "C:\Users\Julian\Documents\git\junkyard_pro\.git\objects\06\6f904e5f1d3e713e573b1e1cd7dae41f463ed3" to remote directory started.
. 2026-05-31 18:26:49.444 Binary transfer mode selected.
. 2026-05-31 18:26:49.445 Starting upload of C:\Users\Julian\Documents\git\junkyard_pro\.git\objects\06\6f904e5f1d3e713e573b1e1cd7dae41f463ed3
> 2026-05-31 18:26:49.445 TYPE I
< 2026-05-31 18:26:49.523 200 TYPE is now 8-bit binary
> 2026-05-31 18:26:49.523 PASV
< 2026-05-31 18:26:49.601 227 Entering Passive Mode (40,90,253,12,212,152)
> 2026-05-31 18:26:49.601 STOR 6f904e5f1d3e713e573b1e1cd7dae41f463ed3
. 2026-05-31 18:26:49.601 Connecting to 40.90.253.12:54424 ...
< 2026-05-31 18:26:49.762 150 Accepted data connection
< 2026-05-31 18:26:49.844 226-File successfully transferred
< 2026-05-31 18:26:49.844 226 0.081 seconds (measured here), 24.14 Kbytes per second
> 2026-05-31 18:26:49.844 MFMT 20260531001700 6f904e5f1d3e713e573b1e1cd7dae41f463ed3
< 2026-05-31 18:26:49.922 213 UTIME OK
. 2026-05-31 18:26:49.922 Upload successful
. 2026-05-31 18:26:49.922 Transfer done: 'C:\Users\Julian\Documents\git\junkyard_pro\.git\objects\06\6f904e5f1d3e713e573b1e1cd7dae41f463ed3' => '/.git/objects/06/6f904e5f1d3e713e573b1e1cd7dae41f463ed3' [2004]
. 2026-05-31 18:26:49.923 File: 'C:\Users\Julian\Documents\git\junkyard_pro\.git\objects\06\7627354b768e180e286f8c2efdb0c35a188e52' [2026-05-31T00:17:00.568Z] [1174]
. 2026-05-31 18:26:49.943 Copying "C:\Users\Julian\Documents\git\junkyard_pro\.git\objects\06\7627354b768e180e286f8c2efdb0c35a188e52" to remote directory started.
. 2026-05-31 18:26:49.943 Binary transfer mode selected.
. 2026-05-31 18:26:49.945 Starting upload of C:\Users\Julian\Documents\git\junkyard_pro\.git\objects\06\7627354b768e180e286f8c2efdb0c35a188e52
> 2026-05-31 18:26:49.945 TYPE I
< 2026-05-31 18:26:50.023 200 TYPE is now 8-bit binary
> 2026-05-31 18:26:50.023 PASV
< 2026-05-31 18:26:50.100 227 Entering Passive Mode (40,90,253,12,253,143)
> 2026-05-31 18:26:50.101 STOR 7627354b768e180e286f8c2efdb0c35a188e52
. 2026-05-31 18:26:50.101 Connecting to 40.90.253.12:64911 ...
< 2026-05-31 18:26:50.258 150 Accepted data connection
< 2026-05-31 18:26:50.338 226-File successfully transferred
< 2026-05-31 18:26:50.338 226 0.080 seconds (measured here), 14.29 Kbytes per second
> 2026-05-31 18:26:50.338 MFMT 20260531001700 7627354b768e180e286f8c2efdb0c35a188e52
< 2026-05-31 18:26:50.417 213 UTIME OK
. 2026-05-31 18:26:50.417 Upload successful
. 2026-05-31 18:26:50.420 Transfer done: 'C:\Users\Julian\Documents\git\junkyard_pro\.git\objects\06\7627354b768e180e286f8c2efdb0c35a188e52' => '/.git/objects/06/7627354b768e180e286f8c2efdb0c35a188e52' [1174]
. 2026-05-31 18:26:50.421 File: 'C:\Users\Julian\Documents\git\junkyard_pro\.git\objects\06\79afdfa78bffebe91fda3023491bba375b53a6' [2026-05-31T00:16:59.903Z] [277]
. 2026-05-31 18:26:50.452 Copying "C:\Users\Julian\Documents\git\junkyard_pro\.git\objects\06\79afdfa78bffebe91fda3023491bba375b53a6" to remote directory started.
. 2026-05-31 18:26:50.452 Binary transfer mode selected.
. 2026-05-31 18:26:50.453 Starting upload of C:\Users\Julian\Documents\git\junkyard_pro\.git\objects\06\79afdfa78bffebe91fda3023491bba375b53a6
> 2026-05-31 18:26:50.453 TYPE I
< 2026-05-31 18:26:50.530 200 TYPE is now 8-bit binary
> 2026-05-31 18:26:50.530 PASV
< 2026-05-31 18:26:50.603 227 Entering Passive Mode (40,90,253,12,236,196)
> 2026-05-31 18:26:50.603 STOR 79afdfa78bffebe91fda3023491bba375b53a6
. 2026-05-31 18:26:50.603 Connecting to 40.90.253.12:60612 ...
< 2026-05-31 18:26:50.771 150 Accepted data connection
< 2026-05-31 18:26:50.853 226-File successfully transferred
< 2026-05-31 18:26:50.853 226 0.081 seconds (measured here), 3.33 Kbytes per second
> 2026-05-31 18:26:50.854 MFMT 20260531001659 79afdfa78bffebe91fda3023491bba375b53a6
< 2026-05-31 18:26:50.933 213 UTIME OK
. 2026-05-31 18:26:50.933 Upload successful
. 2026-05-31 18:27:51.862 Transfer done: 'C:\Users\Julian\Documents\git\junkyard_pro\.git\objects\06\79afdfa78bffebe91fda3023491bba375b53a6' => '/.git/objects/06/79afdfa78bffebe91fda3023491bba375b53a6' [277]
. 2026-05-31 18:27:51.862 File: 'C:\Users\Julian\Documents\git\junkyard_pro\.git\objects\06\bff02a5e8c16d4e8f628351b5131a4e372cd47' [2026-05-31T00:16:58.262Z] [319]
. 2026-05-31 18:27:51.875 Copying "C:\Users\Julian\Documents\git\junkyard_pro\.git\objects\06\bff02a5e8c16d4e8f628351b5131a4e372cd47" to remote directory started.
. 2026-05-31 18:27:51.875 Binary transfer mode selected.
. 2026-05-31 18:27:51.875 Sending dummy command to keep session alive.
> 2026-05-31 18:27:51.875 REST 0
< 2026-05-31 18:27:51.875 350 Restarting at 0
. 2026-05-31 18:27:51.875 Sending dummy command to keep session alive.
> 2026-05-31 18:27:51.875 TYPE I
< 2026-05-31 18:27:51.875 200 TYPE is now 8-bit binary
. 2026-05-31 18:27:51.875 Starting upload of C:\Users\Julian\Documents\git\junkyard_pro\.git\objects\06\bff02a5e8c16d4e8f628351b5131a4e372cd47
> 2026-05-31 18:27:51.875 TYPE I
< 2026-05-31 18:27:51.953 200 TYPE is now 8-bit binary
> 2026-05-31 18:27:51.953 PASV
< 2026-05-31 18:27:52.032 227 Entering Passive Mode (40,90,253,12,244,163)
> 2026-05-31 18:27:52.032 STOR bff02a5e8c16d4e8f628351b5131a4e372cd47
. 2026-05-31 18:27:52.032 Connecting to 40.90.253.12:62627 ...
< 2026-05-31 18:27:52.195 150 Accepted data connection
< 2026-05-31 18:27:52.275 226-File successfully transferred
< 2026-05-31 18:27:52.275 226 0.082 seconds (measured here), 3.82 Kbytes per second
> 2026-05-31 18:27:52.276 MFMT 20260531001658 bff02a5e8c16d4e8f628351b5131a4e372cd47
< 2026-05-31 18:27:52.354 213 UTIME OK
. 2026-05-31 18:27:52.354 Upload successful
. 2026-05-31 18:27:52.355 Transfer done: 'C:\Users\Julian\Documents\git\junkyard_pro\.git\objects\06\bff02a5e8c16d4e8f628351b5131a4e372cd47' => '/.git/objects/06/bff02a5e8c16d4e8f628351b5131a4e372cd47' [319]
. 2026-05-31 18:27:52.355 File: 'C:\Users\Julian\Documents\git\junkyard_pro\.git\objects\06\c0df2a318f9408e727b4dfbcf9c9f67b8acbae' [2026-05-31T00:16:59.023Z] [1529]
. 2026-05-31 18:27:52.376 Copying "C:\Users\Julian\Documents\git\junkyard_pro\.git\objects\06\c0df2a318f9408e727b4dfbcf9c9f67b8acbae" to remote directory started.
. 2026-05-31 18:27:52.376 Binary transfer mode selected.
. 2026-05-31 18:27:52.377 Starting upload of C:\Users\Julian\Documents\git\junkyard_pro\.git\objects\06\c0df2a318f9408e727b4dfbcf9c9f67b8acbae
> 2026-05-31 18:27:52.378 TYPE I
< 2026-05-31 18:27:52.456 200 TYPE is now 8-bit binary
> 2026-05-31 18:27:52.456 PASV
< 2026-05-31 18:27:52.533 227 Entering Passive Mode (40,90,253,12,215,52)
> 2026-05-31 18:27:52.535 STOR c0df2a318f9408e727b4dfbcf9c9f67b8acbae
. 2026-05-31 18:27:52.535 Connecting to 40.90.253.12:55092 ...
< 2026-05-31 18:27:52.693 150 Accepted data connection
< 2026-05-31 18:27:52.773 226-File successfully transferred
< 2026-05-31 18:27:52.773 226 0.080 seconds (measured here), 18.65 Kbytes per second
> 2026-05-31 18:27:52.773 MFMT 20260531001659 c0df2a318f9408e727b4dfbcf9c9f67b8acbae
< 2026-05-31 18:27:52.851 213 UTIME OK
. 2026-05-31 18:27:52.851 Upload successful
. 2026-05-31 18:27:52.852 Transfer done: 'C:\Users\Julian\Documents\git\junkyard_pro\.git\objects\06\c0df2a318f9408e727b4dfbcf9c9f67b8acbae' => '/.git/objects/06/c0df2a318f9408e727b4dfbcf9c9f67b8acbae' [1529]
. 2026-05-31 18:27:52.852 File: 'C:\Users\Julian\Documents\git\junkyard_pro\.git\objects\06\ec5b9af102062a1d381b63fcd65bf70aed1550' [2026-05-31T00:17:00.743Z] [783]
. 2026-05-31 18:27:52.863 Copying "C:\Users\Julian\Documents\git\junkyard_pro\.git\objects\06\ec5b9af102062a1d381b63fcd65bf70aed1550" to remote directory started.
. 2026-05-31 18:27:52.863 Binary transfer mode selected.
. 2026-05-31 18:27:52.864 Starting upload of C:\Users\Julian\Documents\git\junkyard_pro\.git\objects\06\ec5b9af102062a1d381b63fcd65bf70aed1550
> 2026-05-31 18:27:52.864 TYPE I
< 2026-05-31 18:27:52.940 200 TYPE is now 8-bit binary
> 2026-05-31 18:27:52.940 PASV
< 2026-05-31 18:27:53.024 227 Entering Passive Mode (40,90,253,12,245,11)
> 2026-05-31 18:27:53.024 STOR ec5b9af102062a1d381b63fcd65bf70aed1550
. 2026-05-31 18:27:53.024 Connecting to 40.90.253.12:62731 ...
< 2026-05-31 18:27:53.192 150 Accepted data connection
< 2026-05-31 18:27:53.276 226-File successfully transferred
< 2026-05-31 18:27:53.276 226 0.083 seconds (measured here), 9.21 Kbytes per second
> 2026-05-31 18:27:53.276 MFMT 20260531001700 ec5b9af102062a1d381b63fcd65bf70aed1550
< 2026-05-31 18:27:53.363 213 UTIME OK
. 2026-05-31 18:27:53.363 Upload successful
. 2026-05-31 18:27:53.365 Transfer done: 'C:\Users\Julian\Documents\git\junkyard_pro\.git\objects\06\ec5b9af102062a1d381b63fcd65bf70aed1550' => '/.git/objects/06/ec5b9af102062a1d381b63fcd65bf70aed1550' [783]
. 2026-05-31 18:27:53.366 File: 'C:\Users\Julian\Documents\git\junkyard_pro\.git\objects\07' [2026-05-31T07:15:37.546Z] [0]
. 2026-05-31 18:27:53.367 File: 'C:\Users\Julian\Documents\git\junkyard_pro\.git\objects\07\0482761a700cbce577f4b67e2cbe6c832e3a6a' [2026-05-31T00:16:59.381Z] [161]
. 2026-05-31 18:27:53.401 Copying "C:\Users\Julian\Documents\git\junkyard_pro\.git\objects\07\0482761a700cbce577f4b67e2cbe6c832e3a6a" to remote directory started.
. 2026-05-31 18:27:53.401 Binary transfer mode selected.
. 2026-05-31 18:27:53.401 Starting upload of C:\Users\Julian\Documents\git\junkyard_pro\.git\objects\07\0482761a700cbce577f4b67e2cbe6c832e3a6a
> 2026-05-31 18:27:53.401 CWD /.git/objects/07
< 2026-05-31 18:27:53.478 550 Can't change directory to /.git/objects/07: No such file or directory
> 2026-05-31 18:27:53.478 CWD /.git/objects
< 2026-05-31 18:27:53.556 250 OK. Current directory is /.git/objects
> 2026-05-31 18:27:53.556 MKD 07
< 2026-05-31 18:27:53.634 257 "07" : The directory was successfully created
> 2026-05-31 18:27:53.634 CWD /.git/objects/07
< 2026-05-31 18:27:53.722 250 OK. Current directory is /.git/objects/07
> 2026-05-31 18:27:53.722 PWD
< 2026-05-31 18:27:53.797 257 "/.git/objects/07" is your current location
> 2026-05-31 18:27:53.797 TYPE I
< 2026-05-31 18:27:53.874 200 TYPE is now 8-bit binary
> 2026-05-31 18:27:53.874 PASV
< 2026-05-31 18:27:53.951 227 Entering Passive Mode (40,90,253,12,193,5)
> 2026-05-31 18:27:53.952 STOR 0482761a700cbce577f4b67e2cbe6c832e3a6a
. 2026-05-31 18:27:53.952 Connecting to 40.90.253.12:49413 ...
< 2026-05-31 18:27:54.117 150 Accepted data connection
< 2026-05-31 18:27:54.196 226-File successfully transferred
< 2026-05-31 18:27:54.196 226 0.078 seconds (measured here), 2.01 Kbytes per second
> 2026-05-31 18:27:54.196 MFMT 20260531001659 0482761a700cbce577f4b67e2cbe6c832e3a6a
< 2026-05-31 18:27:54.275 213 UTIME OK
. 2026-05-31 18:27:54.275 Upload successful
. 2026-05-31 18:27:54.314 Transfer done: 'C:\Users\Julian\Documents\git\junkyard_pro\.git\objects\07\0482761a700cbce577f4b67e2cbe6c832e3a6a' => '/.git/objects/07/0482761a700cbce577f4b67e2cbe6c832e3a6a' [161]
. 2026-05-31 18:27:54.315 File: 'C:\Users\Julian\Documents\git\junkyard_pro\.git\objects\07\1e8530b233309c571e78d998aeecce15c016aa' [2026-05-31T00:16:59.383Z] [7313]
. 2026-05-31 18:27:54.348 Copying "C:\Users\Julian\Documents\git\junkyard_pro\.git\objects\07\1e8530b233309c571e78d998aeecce15c016aa" to remote directory started.
. 2026-05-31 18:27:54.348 Binary transfer mode selected.
. 2026-05-31 18:27:54.348 Starting upload of C:\Users\Julian\Documents\git\junkyard_pro\.git\objects\07\1e8530b233309c571e78d998aeecce15c016aa
> 2026-05-31 18:27:54.349 TYPE I
< 2026-05-31 18:27:54.427 200 TYPE is now 8-bit binary
> 2026-05-31 18:27:54.427 PASV
< 2026-05-31 18:27:54.505 227 Entering Passive Mode (40,90,253,12,246,231)
> 2026-05-31 18:27:54.506 STOR 1e8530b233309c571e78d998aeecce15c016aa
. 2026-05-31 18:27:54.506 Connecting to 40.90.253.12:63207 ...
< 2026-05-31 18:27:54.667 150 Accepted data connection
< 2026-05-31 18:27:54.746 226-File successfully transferred
< 2026-05-31 18:27:54.746 226 0.079 seconds (measured here), 90.80 Kbytes per second
> 2026-05-31 18:27:54.746 MFMT 20260531001659 1e8530b233309c571e78d998aeecce15c016aa
< 2026-05-31 18:27:54.824 213 UTIME OK
. 2026-05-31 18:27:54.824 Upload successful
< 2026-05-31 18:27:54.824 Script: Terminated by user.
. 2026-05-31 18:27:54.825 Transfer done: 'C:\Users\Julian\Documents\git\junkyard_pro\.git\objects\07\1e8530b233309c571e78d998aeecce15c016aa' => '/.git/objects/07/1e8530b233309c571e78d998aeecce15c016aa' [7313]
. 2026-05-31 18:27:54.825 Copying finished: Transferred: 414,730, Elapsed: 0:01:55, CPS: 3,590/s
. 2026-05-31 18:27:54.826 Script: Exit code: 1
. 2026-05-31 18:27:54.828 Disconnected from server
. 2026-05-31 18:47:37.241 --------------------------------------------------------------------------
. 2026-05-31 18:47:37.241 WinSCP Version 6.5.6 (Build 16502 2026-03-25) (OS 10.0.19045 – Windows 10 Pro)
. 2026-05-31 18:47:37.241 Configuration: HKCU\Software\Martin Prikryl\WinSCP 2\
. 2026-05-31 18:47:37.241 Log level: Normal
. 2026-05-31 18:47:37.241 Local account: DESKTOP-D919AF9\Julian
. 2026-05-31 18:47:37.241 Working directory: C:\Users\Julian\Documents\git\junkyard_pro
. 2026-05-31 18:47:37.241 Process ID: 9800
. 2026-05-31 18:47:37.254 Ancestor processes: WinSCP, cmd, explorer, ...
. 2026-05-31 18:47:37.254 Command-line: "C:\Program Files (x86)\WinSCP\WinSCP.exe" /console=6.5.6 /consoleinstance=_7280_124 "/log=deploy\winscp.log" "/script=deploy\winscp_script.txt" 
. 2026-05-31 18:47:37.255 Time zone: Current: GMT-7, Standard: GMT-8 (Pacific Standard Time), DST: GMT-7 (Pacific Daylight Time), DST Start: 3/8/2026, DST End: 11/1/2026
. 2026-05-31 18:47:37.255 Login time: Sunday, May 31, 2026 6:47:37 PM
. 2026-05-31 18:47:37.255 --------------------------------------------------------------------------
. 2026-05-31 18:47:37.255 Script: Retrospectively logging previous script records:
> 2026-05-31 18:47:37.255 Script: option batch continue
< 2026-05-31 18:47:37.255 Script: batch           continue  
> 2026-05-31 18:47:37.255 Script: option confirm off
< 2026-05-31 18:47:37.255 Script: confirm         off       
> 2026-05-31 18:47:37.255 Script: option transfer passive
< 2026-05-31 18:47:37.255 Script: Unknown value 'transfer' of option 'passive'.
. 2026-05-31 18:47:37.255 Script: Failed
> 2026-05-31 18:47:37.255 Script: open ftp://julianshur@junkyardpro.com:***@ftp.junkyardpro.com:21/
. 2026-05-31 18:47:37.255 --------------------------------------------------------------------------
. 2026-05-31 18:47:37.255 Session name: julianshur@junkyardpro.com@ftp.junkyardpro.com (Ad-Hoc site)
. 2026-05-31 18:47:37.255 Host name: ftp.junkyardpro.com (Port: 21)
. 2026-05-31 18:47:37.255 User name: julianshur@junkyardpro.com (Password: Yes, Key file: No, Passphrase: No)
. 2026-05-31 18:47:37.255 Transfer Protocol: FTP
. 2026-05-31 18:47:37.255 Ping type: Dummy, Ping interval: 30 sec; Timeout: 15 sec
. 2026-05-31 18:47:37.255 Disable Nagle: No
. 2026-05-31 18:47:37.255 Proxy: None
. 2026-05-31 18:47:37.255 Send buffer: 262144
. 2026-05-31 18:47:37.255 UTF: Auto
. 2026-05-31 18:47:37.255 FTPS: None [Client certificate: No]
. 2026-05-31 18:47:37.255 FTP: Passive: Yes [Force IP: Auto]; MLSD: Auto [List all: Auto]; HOST: Auto
. 2026-05-31 18:47:37.255 Local directory: default, Remote directory: home, Update: Yes, Cache: Yes
. 2026-05-31 18:47:37.255 Cache directory changes: Yes, Permanent: Yes
. 2026-05-31 18:47:37.255 Recycle bin: Delete to: No, Overwritten to: No, Bin path: 
. 2026-05-31 18:47:37.255 Timezone offset: 0h 0m
. 2026-05-31 18:47:37.255 --------------------------------------------------------------------------
< 2026-05-31 18:47:37.321 Script: Connecting to ftp.junkyardpro.com ...
. 2026-05-31 18:47:37.321 Connecting to ftp.junkyardpro.com ...
. 2026-05-31 18:47:37.406 Connected with ftp.junkyardpro.com. Waiting for welcome message...
< 2026-05-31 18:47:37.493 220---------- Welcome to Pure-FTPd [privsep] [TLS] ----------
< 2026-05-31 18:47:37.493 220-You are user number 3 of 50 allowed.
< 2026-05-31 18:47:37.493 220-Local time is now 18:47. Server port: 21.
< 2026-05-31 18:47:37.493 220-This is a private system - No anonymous login
< 2026-05-31 18:47:37.493 220-IPv6 connections are also welcome on this server.
< 2026-05-31 18:47:37.493 220 You will be disconnected after 15 minutes of inactivity.
> 2026-05-31 18:47:37.493 USER julianshur@junkyardpro.com
< 2026-05-31 18:47:37.569 331 User julianshur@junkyardpro.com OK. Password required
> 2026-05-31 18:47:37.569 PASS *********
< 2026-05-31 18:47:42.054 530 Login authentication failed
. 2026-05-31 18:47:42.054 Connection failed.
< 2026-05-31 18:47:42.066 Script: Access denied.
. 2026-05-31 18:47:42.067 Password prompt (last login attempt failed)
< 2026-05-31 18:47:42.079 Script: Authentication failed.
. 2026-05-31 18:49:03.169 --------------------------------------------------------------------------
. 2026-05-31 18:49:03.169 WinSCP Version 6.5.6 (Build 16502 2026-03-25) (OS 10.0.19045 – Windows 10 Pro)
. 2026-05-31 18:49:03.169 Configuration: HKCU\Software\Martin Prikryl\WinSCP 2\
. 2026-05-31 18:49:03.170 Log level: Normal
. 2026-05-31 18:49:03.170 Local account: DESKTOP-D919AF9\Julian
. 2026-05-31 18:49:03.170 Working directory: C:\Users\Julian\Documents\git\junkyard_pro
. 2026-05-31 18:49:03.170 Process ID: 10996
. 2026-05-31 18:49:03.184 Ancestor processes: WinSCP, cmd, explorer, ...
. 2026-05-31 18:49:03.185 Command-line: "C:\Program Files (x86)\WinSCP\WinSCP.exe" /console=6.5.6 /consoleinstance=_11600_412 "/log=deploy\winscp.log" "/script=deploy\winscp_script.txt" 
. 2026-05-31 18:49:03.185 Time zone: Current: GMT-7, Standard: GMT-8 (Pacific Standard Time), DST: GMT-7 (Pacific Daylight Time), DST Start: 3/8/2026, DST End: 11/1/2026
. 2026-05-31 18:49:03.185 Login time: Sunday, May 31, 2026 6:49:03 PM
. 2026-05-31 18:49:03.185 --------------------------------------------------------------------------
. 2026-05-31 18:49:03.185 Script: Retrospectively logging previous script records:
> 2026-05-31 18:49:03.185 Script: option batch continue
< 2026-05-31 18:49:03.185 Script: batch           continue  
> 2026-05-31 18:49:03.185 Script: option confirm off
< 2026-05-31 18:49:03.185 Script: confirm         off       
> 2026-05-31 18:49:03.185 Script: open ftp://julianshur@junkyardpro.com:***@ftp.junkyardpro.com:21/
. 2026-05-31 18:49:03.185 --------------------------------------------------------------------------
. 2026-05-31 18:49:03.185 Session name: julianshur@junkyardpro.com@ftp.junkyardpro.com (Ad-Hoc site)
. 2026-05-31 18:49:03.185 Host name: ftp.junkyardpro.com (Port: 21)
. 2026-05-31 18:49:03.185 User name: julianshur@junkyardpro.com (Password: Yes, Key file: No, Passphrase: No)
. 2026-05-31 18:49:03.185 Transfer Protocol: FTP
. 2026-05-31 18:49:03.185 Ping type: Dummy, Ping interval: 30 sec; Timeout: 15 sec
. 2026-05-31 18:49:03.185 Disable Nagle: No
. 2026-05-31 18:49:03.185 Proxy: None
. 2026-05-31 18:49:03.185 Send buffer: 262144
. 2026-05-31 18:49:03.185 UTF: Auto
. 2026-05-31 18:49:03.185 FTPS: None [Client certificate: No]
. 2026-05-31 18:49:03.185 FTP: Passive: Yes [Force IP: Auto]; MLSD: Auto [List all: Auto]; HOST: Auto
. 2026-05-31 18:49:03.185 Local directory: default, Remote directory: home, Update: Yes, Cache: Yes
. 2026-05-31 18:49:03.185 Cache directory changes: Yes, Permanent: Yes
. 2026-05-31 18:49:03.185 Recycle bin: Delete to: No, Overwritten to: No, Bin path: 
. 2026-05-31 18:49:03.185 Timezone offset: 0h 0m
. 2026-05-31 18:49:03.185 --------------------------------------------------------------------------
< 2026-05-31 18:49:03.249 Script: Connecting to ftp.junkyardpro.com ...
. 2026-05-31 18:49:03.249 Connecting to ftp.junkyardpro.com ...
. 2026-05-31 18:49:03.446 Connected with ftp.junkyardpro.com. Waiting for welcome message...
< 2026-05-31 18:49:03.530 220---------- Welcome to Pure-FTPd [privsep] [TLS] ----------
< 2026-05-31 18:49:03.530 220-You are user number 2 of 50 allowed.
< 2026-05-31 18:49:03.530 220-Local time is now 18:49. Server port: 21.
< 2026-05-31 18:49:03.530 220-This is a private system - No anonymous login
< 2026-05-31 18:49:03.530 220-IPv6 connections are also welcome on this server.
< 2026-05-31 18:49:03.530 220 You will be disconnected after 15 minutes of inactivity.
> 2026-05-31 18:49:03.530 USER julianshur@junkyardpro.com
< 2026-05-31 18:49:03.609 331 User julianshur@junkyardpro.com OK. Password required
> 2026-05-31 18:49:03.609 PASS *********
< 2026-05-31 18:49:09.343 530 Login authentication failed
. 2026-05-31 18:49:09.344 Connection failed.
< 2026-05-31 18:49:09.350 Script: Access denied.
. 2026-05-31 18:49:09.350 Password prompt (last login attempt failed)
< 2026-05-31 18:49:09.356 Script: Authentication failed.
. 2026-05-31 18:49:53.407 --------------------------------------------------------------------------
. 2026-05-31 18:49:53.407 WinSCP Version 6.5.6 (Build 16502 2026-03-25) (OS 10.0.19045 – Windows 10 Pro)
. 2026-05-31 18:49:53.407 Configuration: HKCU\Software\Martin Prikryl\WinSCP 2\
. 2026-05-31 18:49:53.407 Log level: Normal
. 2026-05-31 18:49:53.407 Local account: DESKTOP-D919AF9\Julian
. 2026-05-31 18:49:53.407 Working directory: C:\Users\Julian\Documents\git\junkyard_pro
. 2026-05-31 18:49:53.407 Process ID: 2336
. 2026-05-31 18:49:53.422 Ancestor processes: WinSCP, cmd, explorer, ...
. 2026-05-31 18:49:53.423 Command-line: "C:\Program Files (x86)\WinSCP\WinSCP.exe" /console=6.5.6 /consoleinstance=_4580_714 "/log=deploy\winscp.log" "/script=deploy\winscp_script.txt" 
. 2026-05-31 18:49:53.423 Time zone: Current: GMT-7, Standard: GMT-8 (Pacific Standard Time), DST: GMT-7 (Pacific Daylight Time), DST Start: 3/8/2026, DST End: 11/1/2026
. 2026-05-31 18:49:53.423 Login time: Sunday, May 31, 2026 6:49:53 PM
. 2026-05-31 18:49:53.423 --------------------------------------------------------------------------
. 2026-05-31 18:49:53.423 Script: Retrospectively logging previous script records:
> 2026-05-31 18:49:53.423 Script: option batch continue
< 2026-05-31 18:49:53.423 Script: batch           continue  
> 2026-05-31 18:49:53.423 Script: option confirm off
< 2026-05-31 18:49:53.423 Script: confirm         off       
> 2026-05-31 18:49:53.423 Script: open ftp://julianshur@junkyardpro.com:***@ftp.junkyardpro.com:21/
. 2026-05-31 18:49:53.423 --------------------------------------------------------------------------
. 2026-05-31 18:49:53.423 Session name: julianshur@junkyardpro.com@ftp.junkyardpro.com (Ad-Hoc site)
. 2026-05-31 18:49:53.423 Host name: ftp.junkyardpro.com (Port: 21)
. 2026-05-31 18:49:53.423 User name: julianshur@junkyardpro.com (Password: Yes, Key file: No, Passphrase: No)
. 2026-05-31 18:49:53.423 Transfer Protocol: FTP
. 2026-05-31 18:49:53.423 Ping type: Dummy, Ping interval: 30 sec; Timeout: 15 sec
. 2026-05-31 18:49:53.423 Disable Nagle: No
. 2026-05-31 18:49:53.423 Proxy: None
. 2026-05-31 18:49:53.423 Send buffer: 262144
. 2026-05-31 18:49:53.424 UTF: Auto
. 2026-05-31 18:49:53.424 FTPS: None [Client certificate: No]
. 2026-05-31 18:49:53.424 FTP: Passive: Yes [Force IP: Auto]; MLSD: Auto [List all: Auto]; HOST: Auto
. 2026-05-31 18:49:53.424 Local directory: default, Remote directory: home, Update: Yes, Cache: Yes
. 2026-05-31 18:49:53.424 Cache directory changes: Yes, Permanent: Yes
. 2026-05-31 18:49:53.424 Recycle bin: Delete to: No, Overwritten to: No, Bin path: 
. 2026-05-31 18:49:53.424 Timezone offset: 0h 0m
. 2026-05-31 18:49:53.424 --------------------------------------------------------------------------
< 2026-05-31 18:49:53.481 Script: Connecting to ftp.junkyardpro.com ...
. 2026-05-31 18:49:53.482 Connecting to ftp.junkyardpro.com ...
. 2026-05-31 18:49:53.569 Connected with ftp.junkyardpro.com. Waiting for welcome message...
< 2026-05-31 18:49:53.648 220---------- Welcome to Pure-FTPd [privsep] [TLS] ----------
< 2026-05-31 18:49:53.648 220-You are user number 2 of 50 allowed.
< 2026-05-31 18:49:53.648 220-Local time is now 18:49. Server port: 21.
< 2026-05-31 18:49:53.648 220-This is a private system - No anonymous login
< 2026-05-31 18:49:53.648 220-IPv6 connections are also welcome on this server.
< 2026-05-31 18:49:53.648 220 You will be disconnected after 15 minutes of inactivity.
> 2026-05-31 18:49:53.648 USER julianshur@junkyardpro.com
< 2026-05-31 18:49:53.727 331 User julianshur@junkyardpro.com OK. Password required
> 2026-05-31 18:49:53.727 PASS *********
< 2026-05-31 18:49:57.765 530 Login authentication failed
. 2026-05-31 18:49:57.766 Connection failed.
< 2026-05-31 18:49:57.778 Script: Access denied.
. 2026-05-31 18:49:57.780 Password prompt (last login attempt failed)
< 2026-05-31 18:49:57.789 Script: Authentication failed.
